scenario,rep,n_rff,pi_clip,pi_model,lengthscale_mode,initial_lengthscale,initial_treatment_lengthscale,selected_lengthscale,selected_treatment_lengthscale,mml_fit_seconds,mml_initial_log_marginal_likelihood,mml_log_marginal_likelihood,selection_initial_log_prior,selection_log_prior,selection_initial_log_posterior,selection_log_posterior,mml_success,mml_at_boundary,pi_estimate_mean,pi_estimate_min,pi_estimate_p05,pi_estimate_p95,pi_estimate_max,pi_estimate_true_rmse,pi_estimate_true_mean_abs_error,fit_seconds,meanfield_kl_to_full,coefficient_var_ratio_min,coefficient_var_ratio_median,coefficient_var_ratio_max,sample_ate_full_sd_analytic,sample_ate_full_var_total_analytic,sample_ate_full_var_diag_analytic,sample_ate_full_var_cross_analytic,sample_ate_full_cross_to_diag_ratio_analytic,sample_ate_meanfield_sd_analytic,sample_ate_meanfield_var_analytic,sample_ate_meanfield_to_full_var_ratio_analytic,sample_ate_sd_ratio_analytic,center_eif_abs_max,center_eif_abs_p95,center_aipw_signal_sd,center_correction_mean,propensity_clip_fraction,observed_inverse_weight_max,observed_inverse_weight_p95,observed_inverse_weight_ess,observed_inverse_weight_ess_fraction
strong_heterogeneous,0,200,0.02,logistic,map,0.8,0.5,1.245474053098167,0.8162348992309085,0.24081874988041818,-398.9929107443812,-395.09692100485654,-0.0,-0.872279769636011,-398.9929107443812,-395.96920077449255,1,0,0.472,0.17408005867836954,0.2629123429429913,0.6951003851537932,0.7779611823487197,0.07201200642386266,0.05799759518206839,0.012203249847516418,51.45821150106802,0.33220802137550864,0.5288740283604418,0.7873806119518982,0.1295376558706585,0.016780004288465142,0.2928087433516387,-0.27602873906317354,-0.9426929534398713,0.3906355329572152,0.15259611960876757,9.093926138842807,3.0156137250720305,6.341895821514729,3.9824236657538257,2.059797704970867,0.06406663483424464,0.0,5.101854142660754,3.207660066898859,229.5893266732997,0.9183573066931988
strong_heterogeneous,1,200,0.02,logistic,map,0.8,0.5,1.3873299806377715,0.950594126657345,0.24635404185391963,-405.5734722518995,-399.4666236555022,-0.0,-1.431713367997732,-405.5734722518995,-400.89833702349995,1,0,0.508,0.20299241337175067,0.27075519460166103,0.7187985660318834,0.8068436196588054,0.03852056675247166,0.031832762357026194,0.007045250153169036,54.06600241008944,0.3397556297870893,0.5231142385538186,0.8449340319909999,0.12988770192281493,0.016870815110790024,0.34897033577265546,-0.33209952066186543,-0.9516554463764482,0.42951426958898403,0.18448250778055847,10.935008567699226,3.306812448219467,6.907683426751004,4.398390539023847,2.1544968958332693,0.04858599969277379,0.0,4.198782882713353,3.2833092152527232,229.9943840020795,0.919977536008318
strong_heterogeneous,2,200,0.02,logistic,map,0.8,0.5,1.505353174592706,0.8962568831291249,0.2930745000485331,-385.9503816893705,-379.5404506559528,-0.0,-1.4805027849553045,-385.9503816893705,-381.0209534409081,1,0,0.48,0.16265216598648602,0.25960908453636694,0.724859623774002,0.799876765386155,0.05424689367877623,0.041742753428625635,0.01756508299149573,56.103825595951115,0.3459831338423087,0.515486642958326,0.7719046061686727,0.13107120779338496,0.0171796615124167,0.35474173989381325,-0.33756207838139657,-0.9515713557768557,0.42524281132715924,0.18083144858542594,10.525902879677165,3.2443647883179176,13.052299082015606,3.8241063846693697,2.1711309092448543,0.02892749312592608,0.0,6.148089045940434,3.3068753622586624,223.69458421845852,0.894778336873834
strong_heterogeneous,3,200,0.02,logistic,map,0.8,0.5,1.1797065479125455,0.5944402642309884,0.45455408305861056,-391.3722351762594,-388.35490647460495,-0.0,-0.36158991867908263,-391.3722351762594,-388.71649639328405,1,0,0.564,0.1850581648054621,0.27982031716575717,0.8198354447318605,0.9199541601919304,0.10187325884798445,0.08358056107511695,0.010036499937996268,50.0016433750614,0.37417319544929295,0.5350717820409258,0.7488726511975247,0.13579001972026747,0.01843892945563063,0.4883960355250561,-0.4699571060694255,-0.9622459477259933,0.49581863226520273,0.24583611610133632,13.332450600935848,3.6513628415888566,9.591052668108611,4.179696462689176,2.231275921028477,0.0706899027756905,0.0,7.580764693896332,3.7446505060929764,204.89784210973085,0.8195913684389233
strong_heterogeneous,4,200,0.02,logistic,map,0.8,0.5,1.4985078721065803,0.7953071374914148,0.8410570418927819,-395.2770968394061,-388.92036987660583,-0.0,-1.2186124559169749,-395.2770968394061,-390.1389823325228,1,0,0.548,0.23731795529868863,0.3319709530508571,0.7769340680418512,0.8482960178918123,0.09209800055684099,0.07799531698771194,0.019466124940663576,54.28711256688298,0.3726002611420304,0.5223368560481323,0.7438831060486475,0.1326249128731836,0.01758936751461954,0.564559719800798,-0.5469703522861784,-0.9688440976256225,0.5300307944907455,0.280932643108491,15.971730812662344,3.996464789368517,7.02781199902292,3.8736407015442302,2.071741817272971,0.014697046041614627,0.0,6.591784777850129,2.984560274945899,226.44465249209347,0.9057786099683739
strong_heterogeneous,5,200,0.02,logistic,map,0.8,0.5,1.659948139514783,0.7965410948157392,0.37847991613671184,-388.23329527070246,-376.232821078868,-0.0,-1.4992936125028629,-388.23329527070246,-377.7321146913709,1,0,0.5,0.18014123075460903,0.24340900183588507,0.7754718449698593,0.858787618643827,0.04864468313735685,0.03900373862716359,0.01564758294261992,57.520403140178225,0.3422479800719997,0.5128868214290152,0.7231864864202233,0.13228093416781309,0.0174982455443093,0.5998415556048675,-0.5823433100605582,-0.9708285540059584,0.5446086250577858,0.29659855448733197,16.95018816236639,4.117060621653073,8.412939394186957,4.072296361328836,2.103480091328324,0.013012697083425905,0.0,5.429707914566507,3.60512189758616,219.66370899950428,0.8786548359980171
strong_heterogeneous,6,200,0.02,logistic,map,0.8,0.5,1.6533052221868103,0.6676462686019681,0.5169958749320358,-411.17940166727,-404.55127530535304,-0.0,-1.221135598319386,-411.17940166727,-405.77241090367244,1,0,0.48,0.19042244943550055,0.23785340196346666,0.724070033451955,0.8129054990187935,0.06649395674588884,0.049999882146006966,0.010447874898090959,57.703225610595496,0.322989021205808,0.5134949076405484,0.7700679172620799,0.13156654922314567,0.017309756874486416,0.7105167826186088,-0.6932070257441224,-0.9756377930853493,0.5922811502458531,0.35079696093655083,20.265851420108927,4.501760924361591,9.563840621793455,4.353697583978963,2.293945941563253,0.029869125931899675,0.0,5.202993010295498,3.237514834591857,227.2750340494636,0.9091001361978545
strong_heterogeneous,7,200,0.02,logistic,map,0.8,0.5,1.4522777203594495,0.8134586492277247,0.32084749988280237,-378.97984794496074,-371.7196108758119,-0.0,-1.1848203108498188,-378.97984794496074,-372.9044311866617,1,0,0.48,0.10059564656991091,0.1805462185829472,0.7836810233171193,0.8623009759329419,0.0673349389281927,0.05339323261722518,0.10188849992118776,54.4795962779504,0.36117545383237004,0.5146973750703316,0.7896922445562933,0.1367041747647084,0.018688031398099936,0.5028437254825325,-0.4841556940844326,-0.962835309558319,0.5042437767487709,0.2542617863898643,13.605594991440126,3.6885762824483006,7.426811050695979,3.731295058438066,2.0028952242849813,-0.0288094188443593,0.0,6.706165367430853,3.8425234504002845,206.95794780157075,0.827831791206283
strong_heterogeneous,8,200,0.02,logistic,map,0.8,0.5,1.6441390998992895,0.8137388900221437,0.4080512919463217,-398.36283821120116,-387.59936129950097,-0.0,-1.5122376216626403,-398.36283821120116,-389.1115989211636,1,0,0.508,0.17713126173808064,0.22897676467765993,0.7710290004572764,0.8822167401274009,0.07369610300617911,0.058683067221418285,0.010446749860420823,56.75190548875876,0.33949430993813984,0.5134171740812667,0.7605495942477571,0.13277954129602523,0.01763040658678287,0.4911337068966418,-0.47350330030985893,-0.9641026336836352,0.49302477836794456,0.24307343208476084,13.787171094907572,3.713108010132155,5.939779516729837,4.103924639643602,2.026059379675669,0.04877112877633259,0.0,6.635140677618153,3.38279603569893,217.04615864357018,0.8681846345742807
strong_heterogeneous,9,200,0.02,logistic,map,0.8,0.5,1.5142089427067615,0.7779774549548452,0.5820860420353711,-387.7092125557183,-379.05926070759807,-0.0,-1.2050678295200528,-387.7092125557183,-380.2643285371181,1,0,0.48,0.1877464676033047,0.2670120108124885,0.6694312993710829,0.784574963549371,0.07150707811928017,0.057925541132831715,0.011938625015318394,57.10855697599874,0.35737722165139374,0.509998819891343,0.7429522521112287,0.12966733908755687,0.01681361882604745,0.5491920005684038,-0.5323783817423563,-0.9693848074832742,0.520429231284361,0.27084658477523094,16.108762044470684,4.013572229880843,5.1038590633153715,3.8639545299282636,1.949853685034965,0.03668832201807631,0.0,4.449831370338995,2.965731541829723,233.0765700940929,0.9323062803763715
strong_heterogeneous,10,200,0.02,logistic,map,0.8,0.5,1.3831411876118038,0.7383445087243795,0.49767304095439613,-395.88748399932285,-391.74804062483764,-0.0,-0.9034058747245349,-395.88748399932285,-392.65144649956216,1,0,0.444,0.13097894533100166,0.20229753483230187,0.710077417137176,0.8041798837013074,0.09448012107866582,0.07684220664552541,0.13098925002850592,52.842274747642804,0.33985485042510055,0.526244017366451,0.7408624264987018,0.13387828461948245,0.017923395092655153,0.4674665705642206,-0.4495431754715654,-0.9616584452851419,0.49103714587262803,0.24111747862673658,13.452667721727808,3.6677878512432813,9.83037868035604,4.612782209784502,2.403838978530328,-0.011426352161534606,0.0,7.634814874046081,3.7326627800091554,213.21005861617303,0.8528402344646921
strong_heterogeneous,11,200,0.02,logistic,map,0.8,0.5,1.838509061426534,0.7001364116069184,0.5244451661128551,-389.48183572712713,-381.7014984153946,-0.0,-1.6114652940971734,-389.48183572712713,-383.3129637094918,1,0,0.516,0.21796169918813812,0.29692209774525946,0.7110051889807433,0.8136565929190981,0.07027419450932935,0.05622719311870263,0.017695666057989,60.978768521748606,0.33120438519120415,0.5049201596878945,0.7340483190007769,0.13109592944715964,0.01718614271761466,0.7108758682059015,-0.6936897254882869,-0.9758239891290883,0.5852220999098727,0.34248490622292105,19.927968238730884,4.46407529492177,6.612333021429824,4.47210617195511,2.200920481553616,0.009989347002981944,0.0,4.545152205660394,2.9230232980295616,232.21954902880447,0.9288781961152178
strong_heterogeneous,12,200,0.02,logistic,map,0.8,0.5,1.856225539510775,0.8378938270567469,0.5013266250025481,-383.2894517985861,-366.5243706816571,-0.0,-1.9499766102351779,-383.2894517985861,-368.4743472918923,1,0,0.532,0.2700306216371038,0.36181578811894916,0.7019261116705742,0.7699879913031104,0.09450974750880013,0.07486196074077489,0.05849862494505942,60.66132236495701,0.3244515395950951,0.4976031425682079,0.7250400800402801,0.12791953124338312,0.01636340647352687,0.49492784555556524,-0.4785644390820384,-0.9669377938209182,0.500228370481074,0.2502284226341507,15.291951772937773,3.9104925230637857,8.252148421119168,3.5122424903690854,1.9966997415471208,0.056125108993111315,0.0,4.213203892526271,2.8255495395971963,236.81468455548375,0.947258738221935
strong_heterogeneous,13,200,0.02,logistic,map,0.8,0.5,1.7310525572718394,0.7905759813424523,0.8072568329516798,-381.2797165267923,-372.4150037612719,-0.0,-1.6113860148627615,-381.2797165267923,-374.0263897761347,1,0,0.52,0.20620923255934934,0.2647605158644412,0.7556832518562828,0.8093477837294504,0.04538704370155761,0.03727332547912155,0.008782583056017756,58.6182667089261,0.3576691062045506,0.5105755349192552,0.8253622638551877,0.13189412282773622,0.017396059636497964,0.5414065255079266,-0.5240104658714286,-0.9678687662285237,0.5196801302833416,0.2700674378113109,15.5246327878006,3.940131062261838,7.249471373839794,4.10428999976,2.081735911123673,0.0033567727977029983,0.0,4.2917908208813085,3.3952927916214866,224.29996872496142,0.8971998748998457
strong_heterogeneous,14,200,0.02,logistic,map,0.8,0.5,1.5560865201984169,0.8521059731481949,0.5559360000770539,-392.85865463341867,-386.1474982706344,-0.0,-1.4536921595330567,-392.85865463341867,-387.60119043016743,1,0,0.544,0.2317526204352547,0.3044540472118552,0.7617616360972753,0.8310016867868417,0.0725747001550519,0.06130339984521303,0.014367500087246299,57.69430218216146,0.3348608865795394,0.513731775107936,0.7286914438798313,0.13050536293552162,0.017031649754932217,0.4964839811024656,-0.4794523313475334,-0.9656954697367826,0.5011040549977035,0.2511052739351415,14.743449844747047,3.839720021661351,7.323509930702757,3.9852741730921313,2.120962450895275,-0.005285563321541701,0.0,4.430537852587526,3.333684135734533,227.05846696479045,0.9082338678591618
strong_heterogeneous,15,200,0.02,logistic,map,0.8,0.5,1.5758246492295307,0.45550786160611106,0.36059949989430606,-388.8131122167475,-384.6035813217785,-0.0,-0.9365278792368741,-388.8131122167475,-385.54010920101535,1,0,0.48,0.17209774068898562,0.24057384169361995,0.7167435206339096,0.7675414206289755,0.0915730559635497,0.07229264974612888,0.0128990828525275,57.63246634892797,0.3394373732855367,0.5041350249956872,0.710695588947215,0.1360633093880442,0.018513224161626637,0.9948814609112872,-0.9763682367496606,-0.9813915276452444,0.6868279275581816,0.4717326020738667,25.480845365209394,5.0478555214278265,9.485756248120072,3.8735529028188544,2.2139344385617283,-0.007329689655953033,0.0,4.541377191317063,3.3771476070308735,223.33381840754114,0.8933352736301646
strong_heterogeneous,16,200,0.02,logistic,map,0.8,0.5,1.8164147239044968,0.8280531190892606,0.3837662918958813,-370.09292235270914,-357.8099099318117,-0.0,-1.8538051851281736,-370.09292235270914,-359.6637151169399,1,0,0.496,0.25823509141921486,0.32102200553232685,0.7127191476406166,0.7683898542396215,0.043484218912441565,0.03502881180084695,0.017501458059996367,60.71356337533484,0.32979108910298194,0.506550925258696,0.7178142800913812,0.1295206205996355,0.016775591160514726,0.5941822454054511,-0.5774066542449363,-0.9717669262415143,0.5336296438809014,0.28476059682845767,16.97469818522451,4.120036187368323,6.491084922632792,3.9552926211974895,1.9269739556893681,-0.007378751518594256,0.0,4.317600149669564,2.9451349498467954,234.20894089883095,0.9368357635953238
strong_heterogeneous,17,200,0.02,logistic,map,0.8,0.5,1.4719119710571467,0.6369226833828943,0.8507767501287162,-407.9205839113789,-404.89969164105105,-0.0,-0.8606491372863619,-407.9205839113789,-405.7603407783374,1,0,0.452,0.11596932988166173,0.18555219597395978,0.7132127582505466,0.7845371143459546,0.07117916423534018,0.05949869062098266,0.009554250165820122,55.58826999741197,0.3552688891545117,0.5157532799687615,0.7049185028549023,0.1338500695603013,0.017915841121297495,0.6747581443038615,-0.656842303182564,-0.9734484996253272,0.5794397953813137,0.3357504764715388,18.74042497912167,4.329021249557649,7.890451708931273,4.158519360338147,2.278953448311574,0.06805256071469504,0.0,5.845633134562596,3.664485996224471,215.67795926984718,0.8627118370793887
strong_heterogeneous,18,200,0.02,logistic,map,0.8,0.5,1.6500488337661134,0.7439529457899502,0.5302966251038015,-388.8164747455867,-380.58910502817173,-0.0,-1.364008013383073,-388.8164747455867,-381.9531130415548,1,0,0.536,0.18656928359893504,0.25109973287375564,0.7811276632704051,0.8631494682022325,0.05529965259369634,0.04486782469575385,0.022300624987110496,56.583661278311816,0.3304130064956434,0.5207318715977591,0.7441452352653597,0.13396625141118004,0.0179469565171635,0.5541862919520211,-0.5362393354348576,-0.9676156614160402,0.5249564534324934,0.2755792780004216,15.355209544129249,3.9185723859754393,6.102924035752379,4.019768159492357,2.0481760158682794,0.016494444649022087,0.0,5.346666315167694,3.613464790394858,218.95433355815084,0.8758173342326033
strong_heterogeneous,19,200,0.02,logistic,map,0.8,0.5,1.9302881523552828,0.84725222279194,0.37625458301045,-400.33288931106796,-390.46048877870805,-0.0,-2.107943667383756,-400.33288931106796,-392.56843244609183,1,0,0.564,0.1856335533064511,0.30868408808156367,0.8402886301960608,0.8729142843194546,0.10867428922218389,0.0887669705152954,0.48573420802131295,59.39884291858024,0.3363257846836791,0.5073611080453075,0.8028373820950865,0.13580738115525917,0.018443644776249844,0.6235588890418928,-0.605115244265643,-0.9704219679963367,0.5551400952129508,0.3081805253130441,16.709307138136424,4.087701938514649,13.994347025775387,4.657884041689425,2.312335727869135,-0.04653807888851766,0.0,7.654204223957344,3.5896805612322376,207.44858366247945,0.8297943346499178
strong_heterogeneous,20,200,0.02,logistic,map,0.8,0.5,1.5767660901265832,1.0173545755825453,0.1997627920936793,-391.76591206984375,-381.5806948350709,-0.0,-1.9299799283089287,-391.76591206984375,-383.5106747633798,1,0,0.5360000000000001,0.15713230579103055,0.27296029426815516,0.8089401218009407,0.8711533692465055,0.08245808149492871,0.06809794754494768,0.01286137499846518,57.04847535137343,0.32169719169502015,0.5202562046329329,0.7374084704522165,0.13199244777680985,0.017422006270113873,0.37577091992486705,-0.3583489136547532,-0.9536366298020154,0.44176624168809214,0.19515741229522182,11.201776033682156,3.3469054414013786,7.705440600189516,3.9920195693585336,2.0994030864537887,-0.0014092117828229647,0.0,7.761165302903188,3.3217598196771196,216.29778249552834,0.8651911299821133
strong_heterogeneous,21,200,0.02,logistic,map,0.8,0.5,1.3108381648577812,0.7662218931241039,0.31761108292266726,-388.39895700353566,-382.5741611101878,-0.0,-0.8521224823656011,-388.39895700353566,-383.4262835925534,1,0,0.572,0.2578471531003349,0.36581124511593355,0.7680081901597352,0.8417311109528508,0.11274450165045422,0.09063933992543226,0.021129125030711293,54.53557905052211,0.3648656234503367,0.5168855692799168,0.7208381178911986,0.13175354377060364,0.01735899629611237,0.5057526729422217,-0.48839367664610933,-0.9656769064706545,0.502410437143024,0.2524162473502445,14.54094712876771,3.8132593838824693,6.414875288612123,3.6184221206450697,1.968806652893115,0.026978673325883443,0.0,4.064462090461576,3.427554254670185,227.25440340862326,0.9090176136344931
strong_heterogeneous,22,200,0.02,logistic,map,0.8,0.5,1.828665580009172,0.8289926543986419,0.37496150005608797,-379.22892151091673,-370.89991945671756,-0.0,-1.8782343706391476,-379.22892151091673,-372.7781538273567,1,0,0.56,0.21175415616472634,0.3334677314530631,0.7553391427568374,0.8211223559880345,0.07405421052939586,0.05850243725114601,0.01237774989567697,61.40048816823746,0.3202566338029935,0.506580692543873,0.7112218186220148,0.1311748825971226,0.017206849824368896,0.5314345669450856,-0.5142277171207167,-0.9676218844338987,0.5084134583488847,0.2584842446302732,15.022171243930977,3.87584458459456,5.788634463500252,3.6949206288046406,1.9028137138450387,-0.003123455551173855,0.0,5.316056238275587,3.627165634969494,223.92688206754426,0.895707528270177
strong_heterogeneous,23,200,0.02,logistic,map,0.8,0.5,1.5648864826579252,0.7534667243045052,0.30484945815987885,-386.96553384372555,-378.4610394297076,-0.0,-1.2366920494614893,-386.96553384372555,-379.69773147916914,1,0,0.5079999999999999,0.11774767690422022,0.23231651441247284,0.7621525234019172,0.863909815521837,0.07785420472531603,0.06286711049581198,0.01207754178903997,57.12434206326422,0.31384855891842106,0.5121537190743155,0.6710966546346424,0.13217106762267808,0.017469191116518543,0.46473078328003237,-0.4472615921635138,-0.9624100839776043,0.4863011988074039,0.23648885596151817,13.537481751968395,3.6793316990954206,7.735831905780312,3.9031225188797913,1.9905864751591047,0.03156611785475407,0.0,5.7566329381815935,3.422036473279494,220.69083720283675,0.882763348811347
strong_heterogeneous,24,200,0.02,logistic,map,0.8,0.5,1.2406002968451562,0.5128750584908057,0.36962300003506243,-394.4309811685555,-391.2032268079307,-0.0,-0.38627646359527795,-394.4309811685555,-391.589503271526,1,0,0.516,0.2516626065067732,0.33953838469148356,0.6970681101974089,0.7618866115299107,0.09574620923010489,0.07622076510607206,0.015176458051428199,51.616101282621514,0.3457673523498586,0.5325303706001414,0.8077899845458792,0.12945861894723504,0.016759534019725405,0.5787335822541805,-0.5619740482344551,-0.9710410203699488,0.5353275297521545,0.28657556411054386,17.099256087505424,4.135124676174278,6.159786859294109,3.7964129839133367,2.127874298931723,0.038661519650118395,0.0,3.775425167642289,3.0064745725362223,236.3084563556772,0.9452338254227088
strong_heterogeneous,25,200,0.02,logistic,map,0.8,0.5,1.9020495966349593,0.8501245175763046,0.2765464580152184,-411.0328920054896,-403.8798526218942,-0.0,-2.063617490549925,-411.0328920054896,-405.9434701124441,1,0,0.56,0.18201764261045364,0.29825677376892007,0.8225682277880049,0.9014956052514097,0.09180886129853028,0.07684120014958208,0.007729083066806197,60.49620499540766,0.3228773540865764,0.5005169241687614,0.8596810574327947,0.1352241991633037,0.018285584039356824,0.572290872795816,-0.5540052887564592,-0.9680484437048136,0.5246450021166416,0.2752523782459708,15.052971655350667,3.879815930601691,9.964454302267823,5.5830045832535875,2.6250189302648943,0.070114153221652,0.0,7.195335106361869,3.630178968273979,213.86755157870448,0.855470206314818
strong_heterogeneous,26,200,0.02,logistic,map,0.8,0.5,1.39551961961438,0.7817674468732245,0.29523349995724857,-390.9399300884037,-385.7538547495259,-0.0,-1.0187122340185502,-390.9399300884037,-386.77256698354444,1,0,0.496,0.26794163367264096,0.33301635060492046,0.6480815125713998,0.6973490078814644,0.08933448032152652,0.07324613803749642,0.008903250098228455,53.477052508071836,0.34315654187223027,0.5211980801818469,0.7698033488727235,0.12800303524717743,0.01638477703249015,0.4394812415524273,-0.42309646451993715,-0.9627179149339516,0.47636107374957193,0.2269198725838451,13.849433052025972,3.72148264163975,5.653229075328486,3.943462133190429,2.028640632411509,0.08994169149929718,0.0,3.7321560904631754,2.7556806447203464,240.491375282925,0.9619655011317
strong_heterogeneous,27,200,0.02,logistic,map,0.8,0.5,1.5707504869374571,0.7806124887091859,0.8754495838657022,-390.47777635832006,-384.9120918267786,-0.0,-1.3073206695168378,-390.47777635832006,-386.21941249629543,1,0,0.476,0.2652227504793972,0.34210533396140524,0.633943488547912,0.6818251372932405,0.08048179413250701,0.06797915201876123,0.17592516588047147,57.03393153846404,0.3507646604910748,0.5130269283111464,0.7310422404132011,0.12838572554360855,0.016482894523358785,0.5239796207075215,-0.5074967261841626,-0.9685428709973448,0.5164660512872127,0.26673718213220576,16.182666324424897,4.022768490035799,6.664541086488117,4.001801153088822,2.097392098537952,0.016377671739308722,0.0,3.770415615524963,2.7358242579651857,241.23620761728756,0.9649448304691502
strong_heterogeneous,28,200,0.02,logistic,map,0.8,0.5,1.0154670877000704,0.7209005094256307,0.5189957499969751,-402.4510016465928,-401.2997225873418,-0.0,-0.38151253274386887,-402.4510016465928,-401.68123512008566,1,0,0.568,0.24665606821901623,0.3213425724172331,0.7792688123775,0.864116457384221,0.09642106081062665,0.08271241016148043,0.15499595901928842,42.524154067677806,0.3392751239751478,0.5589735483693357,0.8440226276366529,0.13183817763729055,0.01738130508272178,0.28276217314385893,-0.26538086806113714,-0.938530303083083,0.3810713387630248,0.145215365226644,8.354687092570403,2.8904475592147323,6.336037665752122,3.7503263057962033,2.0896371221304344,0.031071017755074877,0.0,5.271551147052235,3.2341266737372956,222.97252569580675,0.891890102783227
strong_heterogeneous,29,200,0.02,logistic,map,0.8,0.5,1.7559313495141968,0.8437541490975781,0.23797216708771884,-382.7530961541231,-372.768456357248,-0.0,-1.783629010780257,-382.7530961541231,-374.55208536802826,1,0,0.492,0.1460235322810973,0.2331269362206601,0.7697855538572002,0.8496659073314999,0.07009900739643861,0.05687914352695508,0.05267975013703108,58.915574289581926,0.3320869599725901,0.5064583055429912,0.7043599631492806,0.1342324464172496,0.018018349671159783,0.469123848728502,-0.4511054990573422,-0.9615914865125784,0.48736425096055214,0.23752391311434004,13.182334533918022,3.630748481225052,8.06748004100873,3.9103903542028284,2.0777948635669183,0.06144092918549741,0.0,5.894798057499785,3.850175838924987,214.7783913467409,0.8591135653869636
strong_heterogeneous,30,200,0.02,logistic,map,0.8,0.5,1.5017497303692249,0.8820410652342673,0.236980790970847,-379.92771316598095,-370.5504148472017,-0.0,-1.4376405621164747,-379.92771316598095,-371.9880554093182,1,0,0.48,0.19756331108151332,0.2803199352035078,0.6940277235899814,0.8003666954866521,0.0860787363620904,0.06770422567187108,0.014358334010466933,55.613162618720494,0.3588872960047096,0.5196873046148179,0.7264766350970543,0.1298583328866867,0.016863186620109535,0.4337933655094792,-0.4169301788893697,-0.9611262228496644,0.47211436790839484,0.2228919763855432,13.217666471160443,3.6356108800530955,6.565848370056222,4.603230428218786,2.1058907395681636,0.062377838406262154,0.0,4.501215464771314,3.017773113393234,230.72210882344484,0.9228884352937794
strong_heterogeneous,31,200,0.02,logistic,map,0.8,0.5,1.7617019527931208,0.7052041853915934,0.2379613749217242,-392.9861826487273,-384.0434605205559,-0.0,-1.4828861530676947,-392.9861826487273,-385.5263466736236,1,0,0.49200000000000005,0.25991414986816297,0.3339061333472656,0.6472029064172121,0.7281646551635861,0.09096974568005707,0.07573374391037067,0.013174749910831451,60.58699443301204,0.33265059115620205,0.498449558407228,0.7446587155311937,0.12843642459845786,0.016495915163635348,0.6313809480779504,-0.6148850329143151,-0.9738732769592554,0.5497046912480328,0.302175247580095,18.318186325680763,4.279975037974026,6.795306460519281,3.892835971582519,2.080415781075997,0.018850624122193977,0.0,3.6786974872667266,2.7691547913095684,239.26285984799486,0.9570514393919795
strong_heterogeneous,32,200,0.02,logistic,map,0.8,0.5,1.6039761206809662,0.6134235578047226,0.6959041659720242,-401.01140066194984,-393.19816083326066,-0.0,-1.0513975012581454,-401.01140066194984,-394.2495583345188,1,0,0.48,0.13799095528011082,0.25601775908879826,0.6994187851158955,0.8403636212983827,0.0708150069848906,0.05423703664529998,0.19204749981872737,56.4222765521255,0.3538378239256744,0.5164067333039537,0.8093384810442062,0.13190632687078482,0.017399279068542328,0.8522369590502852,-0.8348376799817429,-0.9795839890727907,0.6463362696159031,0.4177505734210013,24.00964843286461,4.899964125671188,9.359740016682563,4.023210734948423,2.2010760674499084,-0.009486131034210714,0.0,4.935240842222929,3.1379474106595096,228.98906876856915,0.9159562750742766
strong_heterogeneous,33,200,0.02,logistic,map,0.8,0.5,1.0840747466261507,0.748678279049264,0.40527237486094236,-378.1680131492801,-375.4422010522655,-0.0,-0.5106238605562147,-378.1680131492801,-375.9528249128217,1,0,0.488,0.1444554035721429,0.2531948964829539,0.7456616149177245,0.8224012740743065,0.06973197959058526,0.05412647816159179,0.00855650007724762,44.727052183204776,0.34764640447170464,0.550773266862647,0.8572364146368835,0.13351419373170395,0.017826039927826977,0.3025344399780844,-0.2847084000502574,-0.9410776507655845,0.3945204032558942,0.15564634858519338,8.731403565534755,2.95489484847342,7.037080930505727,3.8518621237213484,2.0762547612966427,0.07166508419445412,0.0,4.773825044065043,3.1966443957191273,227.06339092043416,0.9082535636817366
strong_heterogeneous,34,200,0.02,logistic,map,0.8,0.5,2.2187700037628173,0.7409853954914588,0.2592792499344796,-376.4839046687366,-364.1573239507338,-0.0,-2.3906782542085843,-376.4839046687366,-366.5480022049424,1,0,0.468,0.13668191964932425,0.2150502833024438,0.7293631597726932,0.7963908203902255,0.0616140592583718,0.04962657943966145,0.0065569160506129265,61.40968603647895,0.341061483805166,0.49047256653447574,0.8636059664352261,0.13335076708514262,0.017782427082195955,0.7080655874657673,-0.6902831603835714,-0.9748859040786872,0.5894864551400514,0.3474942807935838,19.541442750607455,4.420570410094998,6.157471417176298,3.8936559946559948,2.0146622965157546,-0.008926453953954272,0.0,5.572436838019714,3.290266447334681,220.53865285366436,0.8821546114146575
strong_heterogeneous,35,200,0.02,logistic,map,0.8,0.5,1.7339189750439241,0.7714490168743666,0.28045145818032324,-390.4642818168445,-380.16929056132665,-0.0,-1.5728165167568087,-390.4642818168445,-381.74210707808345,1,0,0.528,0.2674864651156976,0.36100059495864334,0.6978836349343377,0.7821071455541071,0.0875320307927166,0.07004194203405684,0.007778000086545944,57.68810634856857,0.35092914969297845,0.5114330890688359,0.7619803726250143,0.1293643480084079,0.01673513453564047,0.5474631497848139,-0.5307280152491735,-0.9694314867727292,0.5201322845807356,0.2705375934631753,16.16584514973674,4.020677200390096,9.344389267702129,3.7693791829118095,2.1125184343737424,0.02454803009826211,0.0,3.7741094452367863,2.911052791138647,237.17040239341546,0.9486816095736619
strong_heterogeneous,36,200,0.02,logistic,map,0.8,0.5,1.4507476672249486,0.8061828014421529,0.7426424170844257,-393.96643344338906,-386.3130322429857,-0.0,-1.1649791073280658,-393.96643344338906,-387.47801135031375,1,0,0.532,0.1512311384227997,0.2700178000322106,0.7851759601258763,0.8907788312620422,0.0886767561277412,0.07307940393399627,0.01073329197242856,55.39956294563305,0.3654502275040695,0.5201523117489899,0.7516239377469108,0.13370006652085664,0.017875707787681494,0.43322862004944723,-0.41535291226176574,-0.9587383959405977,0.47164492479746073,0.22244893508720237,12.444202922163248,3.5276341820210395,6.721788941839107,4.328192562653394,2.1572854323283113,0.007543473333606201,0.0,7.105112507448068,3.4067513199195014,218.02924129515495,0.8721169651806198
strong_heterogeneous,37,200,0.02,logistic,map,0.8,0.5,1.6438609817838579,0.9903762242904017,0.4992139171808958,-382.0494642680631,-374.0885790747049,-0.0,-1.971632033625641,-382.0494642680631,-376.0602111083306,1,0,0.496,0.2520393858070819,0.295960418916206,0.6860419676018004,0.7894706158499071,0.09641815608328429,0.07750485659303755,0.03425699984654784,57.518092624608045,0.30374926621554066,0.5173942797174256,0.7981862042892333,0.12882213065486253,0.016595141346458474,0.36020276984891697,-0.3436076285024585,-0.9539283349947056,0.4280140871971457,0.18319605883920584,11.039138204044356,3.322519857584655,5.943329587381654,3.6759482076807433,1.917762507366746,0.029338238529565644,0.0,4.0878988859613505,3.0138283073271452,233.89222437720792,0.9355688975088317
strong_heterogeneous,38,200,0.02,logistic,map,0.8,0.5,1.792551460252063,0.8061642765530226,0.6481924159452319,-401.3703656242626,-392.3784238244542,-0.0,-1.7581546984415635,-401.3703656242626,-394.1365785228958,1,0,0.556,0.2273785943445116,0.3128399751056918,0.7579500079699322,0.8289744215224166,0.061899696401770385,0.050986369139100075,0.006412417162209749,58.31657991585678,0.33451466748900016,0.5121253730219192,0.8158504512315078,0.13175372526316342,0.017359044120721145,0.7091309380554676,-0.6917718939347464,-0.9755206786375419,0.591690098324097,0.3500971724547796,20.1679983079757,4.490879458188084,10.861250537071253,4.025280717679073,2.2045931482286014,0.04012056715804454,0.0,4.9775911134456665,3.3525121763535304,224.91699020734976,0.899667960829399
strong_heterogeneous,39,200,0.02,logistic,map,0.8,0.5,1.4321369036262765,0.6535814083020273,0.26815791707485914,-400.1931446912308,-393.46621162648825,-0.0,-0.8216695974739179,-400.1931446912308,-394.2878812239622,1,0,0.49599999999999994,0.212745640177952,0.2808655308591541,0.7163858064849732,0.7796399927854125,0.06988706415181432,0.05650176472922822,0.014200374949723482,55.281576917189824,0.3363387094445852,0.5217360811798617,0.8343136543943841,0.1317711381005135,0.0173636328363046,0.7175981558706779,-0.7002345230343733,-0.9758031250578718,0.5843326062052651,0.3414445946746374,19.66435237911337,4.434450628782935,9.757832742273372,4.24512838185724,2.248623931627045,0.004324644012896826,0.0,4.188785467238844,3.125233574355191,231.82663639902276,0.927306545596091
strong_heterogeneous,40,200,0.02,logistic,map,0.8,0.5,1.7501186170645273,0.9108698307590196,0.22499024984426796,-382.79979200157015,-371.2500453573433,-0.0,-1.945137246434188,-382.79979200157015,-373.1951826037775,1,0,0.556,0.15046041911340666,0.24809877045080123,0.8264940723472047,0.8731035253861263,0.09920520091012364,0.08342792413535181,0.008141499944031239,59.51097152347661,0.30951920062862137,0.5055841875232865,0.8198504327900179,0.13647288930042187,0.0186248495140052,0.47601597644496557,-0.4573911269309604,-0.9608734781275593,0.49004350803476715,0.2401426397670209,12.89366872932007,3.5907755052801713,9.18314485998136,3.7347050532995416,2.04565912607306,0.05252709553195022,0.0,6.520265974301784,3.853082536684865,211.7363214132451,0.8469452856529803
strong_heterogeneous,41,200,0.02,logistic,map,0.8,0.5,0.8842276945646145,0.6561981585071961,0.4384093750268221,-410.1677701103715,-409.4484421777396,-0.0,-0.16785114411104088,-410.1677701103715,-409.61629332185066,1,0,0.476,0.1608426322147398,0.22387808113972432,0.7264211037965754,0.8063346896867221,0.05069528516381338,0.040414190862206045,0.014153749914839864,36.65335028676296,0.4502557654733342,0.5839918879322497,0.8320701041429085,0.13259028133160042,0.017580182703592944,0.21871837642395137,-0.20113819372035843,-0.9196218306343108,0.34477389369925754,0.11886903777654695,6.761535973812896,2.600295362802637,6.259783313399992,4.247460889623479,2.165981956630731,0.032120068302165926,0.0,4.805676999414563,3.2354489858488726,224.50446220431968,0.8980178488172788
strong_heterogeneous,42,200,0.02,logistic,map,0.8,0.5,1.6298798491967315,0.8691376924815334,0.34575895802117884,-383.91134000186173,-374.9299730453946,-0.0,-1.6242733858816365,-383.91134000186173,-376.5542464312762,1,0,0.484,0.06792859996456178,0.16937771482613803,0.7787711058265702,0.8883672528686299,0.09887792003365725,0.08033669044606337,0.026565165957435966,56.97570936146505,0.3653224756396599,0.5114293683059576,0.7511429792316209,0.13688626275936497,0.018737848932225906,0.5564494277475136,-0.5377115788152877,-0.9663260522918031,0.5253570215860842,0.2760000001298014,14.729545591283344,3.8379090128979536,10.31510294874667,4.636309574522337,2.3834682123781965,-0.04823201059380033,0.0,8.375445149207476,3.8312116226160433,207.0927407891657,0.8283709631566628
strong_heterogeneous,43,200,0.02,logistic,map,0.8,0.5,1.852392577755643,0.9477744851142896,0.24969004117883742,-396.1052247105007,-383.39636686020066,-0.0,-2.2278712162481296,-396.1052247105007,-385.62423807644876,1,0,0.524,0.14974102662225852,0.2530114568084209,0.7908300946409192,0.8435329444522279,0.0621499644183698,0.04913095677126364,0.016033666906878352,61.52506580514663,0.32353313578459286,0.5015250789835064,0.6717170146703032,0.13326002762015415,0.017758234961324247,0.5169451885895613,-0.49918695362823706,-0.9656477410888068,0.504428056863353,0.2544476645509381,14.32843213895418,3.785291552701612,8.946297296221434,4.107556308358758,2.1364382735690377,-0.004026474453716091,0.0,6.0420289758656,3.5522926962653414,217.91803506682717,0.8716721402673087
strong_heterogeneous,44,200,0.02,logistic,map,0.8,0.5,1.3076030818466189,0.5812220890538254,0.3168788750190288,-389.33989014877875,-384.06495260946855,-0.0,-0.5281440774199947,-389.33989014877875,-384.59309668688854,1,0,0.52,0.21833527083988222,0.2963605465683017,0.7350821770054284,0.7934640051157785,0.04428183949201147,0.03456319520494218,0.016146290814504027,52.35123018904792,0.3675915296768603,0.523011517011986,0.7685547508693584,0.13183349323037327,0.017380069937322874,0.613826745751016,-0.5964466758136932,-0.9716857076404216,0.5535379245023575,0.3064042338623777,17.62963181203254,4.198765510484306,8.609004137016493,4.456704658860138,2.2467351642799076,0.04870742260443032,0.0,4.841771046061841,3.277692947573998,227.23908813752254,0.9089563525500902
strong_heterogeneous,45,200,0.02,logistic,map,0.8,0.5,1.3021348323753354,0.7476192529382174,0.2789544998668134,-390.1552598216413,-387.90794063740077,-0.0,-0.7982952266130452,-390.1552598216413,-388.7062358640138,1,0,0.49200000000000005,0.2611277048190711,0.3224457779916797,0.6612339932224374,0.7556194173718094,0.08258313476239681,0.0675968601811417,0.014246291015297174,51.31319930520956,0.35341183251055924,0.5378493351337357,0.8530601150590896,0.12761112996754514,0.016284600491593696,0.4434024415213985,-0.4271178410298048,-0.9632735434750469,0.4734368380918543,0.22414243966241265,13.76407359690019,3.709996441629047,8.543147874570128,3.6135746070329104,2.0564950894333167,0.03472473332989313,0.0,4.091978132000102,2.793712775201701,238.23378278921922,0.9529351311568769
strong_heterogeneous,46,200,0.02,logistic,map,0.8,0.5,2.2733693430130404,0.7037674224330484,0.26479370798915625,-397.8563841763629,-383.6910713073539,-0.0,-2.4152791340642863,-397.8563841763629,-386.1063504414182,1,0,0.552,0.12942624651259618,0.2629891415474242,0.8056695850393129,0.9042410316711259,0.07624378948248575,0.06324130977767957,0.009367415914312005,63.91040956893305,0.33131503024372805,0.4846824183302558,0.7793723588438571,0.1337679589429075,0.017893866839751384,0.9422526986397171,-0.9243588317999657,-0.9810094819939663,0.668326578582109,0.44666041563926784,24.961648571509862,4.996163385189666,9.635625961744662,4.36700784041012,2.157957376762985,0.0029408973331922434,0.0,5.342299232777403,3.57423442040534,216.87374120800382,0.8674949648320153
strong_heterogeneous,47,200,0.02,logistic,map,0.8,0.5,1.5362593440089751,0.6192467892579859,0.2643089999910444,-398.57831372518274,-392.4393786482002,-0.0,-0.9429996943595199,-398.57831372518274,-393.3823783425597,1,0,0.528,0.25092653436578843,0.3231226821772947,0.7377599021039566,0.8094752706623766,0.06945387297998455,0.056980174167329305,0.022514167008921504,55.84870163439039,0.331950188231145,0.5197173061842179,0.7929116085715396,0.1319809311298915,0.017418966181913166,0.735399266723644,-0.7179803005417308,-0.9763135932137676,0.5982180828532548,0.3578648746526236,20.544553041512277,4.5326099591198314,5.924553122956354,4.456342331311184,2.1711474238053836,-0.02130226634201091,0.0,4.745165846675098,3.197636357020233,227.93024488710236,0.9117209795484095
strong_heterogeneous,48,200,0.02,logistic,map,0.8,0.5,1.513961698808903,0.8209608264553633,0.38996454211883247,-406.74900671316493,-401.82659690697346,-0.0,-1.3055337186821547,-406.74900671316493,-403.13213062565563,1,0,0.484,0.1758353205773083,0.25825306355011696,0.7136653937975623,0.8051335931643494,0.08821618491131518,0.07095303524505048,0.008177082985639572,55.76416811866889,0.33941190153275336,0.5195988948932303,0.7540333298879824,0.13144348916424045,0.017277390843669797,0.5079309796042848,-0.490653588760615,-0.9659847665579876,0.5043933147856476,0.25441261600045345,14.725175710988028,3.837339665834656,10.116712670738826,4.250309821369553,2.275805132875481,0.020293267297020873,0.0,4.721518773754094,3.32620523504386,228.78696959576195,0.9151478783830478
strong_heterogeneous,49,200,0.02,logistic,map,0.8,0.5,1.897926164089572,0.8682221864330629,0.2823227078188211,-378.29878534633764,-365.0234538393956,-0.0,-2.101718700286926,-378.29878534633764,-367.1251725396825,1,0,0.5,0.25238943035771744,0.324737800762588,0.685316829720326,0.7575423294410013,0.08213577380443757,0.06557431652542299,0.006803208030760288,61.057563916783835,0.31501111750424743,0.5049418800360415,0.8620655150710564,0.1290462540098266,0.016652935673968694,0.5764666595396337,-0.5598137238656651,-0.9711120575693525,0.5321517663665921,0.28318550244708407,17.00513999401019,4.123728894339465,8.846358924504433,3.6579863704259554,1.9770648545049163,0.039958297391522075,0.0,4.124431277816241,2.9767351384095586,236.68082923744586,0.9467233169497834
strong_heterogeneous,50,200,0.02,logistic,map,0.8,0.5,1.8734748362782603,0.7973546489096631,0.4672012918163091,-391.0384051452734,-382.2376982817196,-0.0,-1.8837943622029094,-391.0384051452734,-384.1214926439225,1,0,0.484,0.20546917095513142,0.2614998926285538,0.6980556472801136,0.7513643680096985,0.09874746449529136,0.07417595652097918,0.012347457930445671,58.82139372790023,0.3411496403476128,0.5083481609725871,0.7335852614138166,0.13157112056440012,0.01731095976657191,0.5632859209888799,-0.5459749612223079,-0.9692678990872317,0.5280043013131875,0.27878854220522736,16.104742080423417,4.013071402357976,9.219434760904047,3.9941002675005657,2.1080585608258966,0.03557566503271225,0.0,4.866910180984627,3.3638782245705454,227.39213149842158,0.9095685259936863
strong_heterogeneous,51,200,0.02,logistic,map,0.8,0.5,1.8492922585961484,0.79447225194494,0.589235708117485,-384.13633360472306,-372.8550483620859,-0.0,-1.8331764346633892,-384.13633360472306,-374.6882247967493,1,0,0.444,0.17545160567122975,0.2446235052466789,0.6472250282395653,0.8028089675468878,0.08026093218433511,0.06431602402877368,0.006975708995014429,61.13926656487258,0.32058713005882217,0.5082901614927352,0.701818511449026,0.1326132217117109,0.017586266572759385,0.5695164403676038,-0.5519301737948444,-0.9691207042918585,0.5338665949363495,0.2850135411889322,16.206597347410273,4.0257418381473835,5.721162743302491,4.109242615030261,2.0362727805691465,-0.0017279194982731383,0.0,3.759820359080166,3.211835532141016,231.82346041117486,0.9272938416446994
strong_heterogeneous,52,200,0.02,logistic,map,0.8,0.5,1.1824292644593082,0.7034543714213299,0.5213708330411464,-386.13036881069957,-382.63674175597987,-0.0,-0.5384167321859636,-386.13036881069957,-383.17515848816583,1,0,0.508,0.2089409815657717,0.3055483971017181,0.7018763455130229,0.8123659757693394,0.05485274946856941,0.04345957895089341,0.021596957929432392,49.19258411279299,0.3491232661197163,0.5378322875352228,0.8238851861724972,0.13147645833380364,0.01728605909600041,0.4916690376901466,-0.4743829785941462,-0.9648420832493133,0.4997988808136976,0.2497989212626247,14.450889001092351,3.8014324932967507,12.34554678401715,3.5453498831457617,2.1234534278790034,0.046655740915661756,0.0,4.2010314129153485,3.014167056858115,233.42628588643686,0.9337051435457474
strong_heterogeneous,53,200,0.02,logistic,map,0.8,0.5,1.3811076602137684,0.9338389990322766,0.2752787920180708,-387.45484021872784,-379.06568646633673,-0.0,-1.3767862220142488,-387.45484021872784,-380.44247268835096,1,0,0.444,0.14244817412325653,0.23338803065588098,0.6967849825083752,0.7677085065135736,0.09535087961735071,0.07687933126736583,0.01739683304913342,54.49577450286754,0.378975942055889,0.5220473720421926,0.6987909367857446,0.13491233404192507,0.018201337876639974,0.42151554823614323,-0.40331421035950327,-0.9568192965768296,0.4593197763453816,0.21097465694197137,11.591162054781766,3.4045795709282176,6.953587938350107,4.305618947571659,2.0403193747470443,0.053413379389688945,0.0,5.330910842180445,3.188984574845109,225.63485360646817,0.9025394144258727
strong_heterogeneous,54,200,0.02,logistic,map,0.8,0.5,1.861681656381219,0.7831047114359481,0.39450258389115334,-386.5892111420091,-378.2089085732221,-0.0,-1.8293671233621915,-386.5892111420091,-380.0382756965843,1,0,0.528,0.22880004082832855,0.3359363018485377,0.6948937139117373,0.7941136294131843,0.05306366665587139,0.04311820664909618,0.08593437494710088,61.03881560525612,0.3315477435537912,0.5018591191871917,0.8752996770442345,0.12935556008995563,0.016732860926186123,0.5654321447758097,-0.5486992838496236,-0.9704069514250546,0.528867812004059,0.2797011625739607,16.715680827553037,4.088481481865001,7.603331154795269,4.00935260408481,2.0633856707042897,0.027256858854874617,0.0,4.370628590710401,3.028995490878483,234.4719582487755,0.937887832995102
strong_heterogeneous,55,200,0.02,logistic,map,0.8,0.5,1.731002530628446,0.6466131512960455,0.4638209578115493,-394.1540724500405,-386.88151019339585,-0.0,-1.323729282359887,-394.1540724500405,-388.2052394757557,1,0,0.476,0.1777083211572842,0.2847661585017743,0.6812646156770998,0.8099764813093405,0.07153273356399352,0.057508078996959026,0.025448250118643045,58.442943686705846,0.3408555340715691,0.5123280592060241,0.7635833794269735,0.13148996431957316,0.017289610716762625,0.7609884756039733,-0.7436988648872107,-0.9772800623517454,0.6060568519575988,0.3673049078047549,21.244255514014863,4.609149109544501,6.609109043115182,3.937931995809003,2.1349627773759394,0.02092597757256514,0.0,4.787614970312173,3.1300000799524748,231.5998405234695,0.9263993620938781
strong_heterogeneous,56,200,0.02,logistic,map,0.8,0.5,1.4309410626721701,0.929274564395274,0.36089729191735387,-390.3534761674396,-381.9757020294775,-0.0,-1.444522885829191,-390.3534761674396,-383.4202249153067,1,0,0.432,0.1827179278039113,0.2695997161346511,0.5995640866778653,0.7479031195589747,0.12168105197229827,0.09971260233762672,0.02703229198232293,56.06370314334042,0.3144813338315531,0.5179489429637923,0.7547431536593411,0.13016875983783213,0.01694390603771922,0.33339578317472784,-0.3164518771370086,-0.9491778034011931,0.4151393145282091,0.17234065046695135,10.171246823683976,3.1892392233390043,6.222176950777757,3.9452909817730006,2.06085405680783,0.0723278739035169,0.0,3.9667289743949716,3.0192480122267087,234.20360411278145,0.9368144164511258
strong_heterogeneous,57,200,0.02,logistic,map,0.8,0.5,1.808752287958786,0.7947446983631656,0.2952925830613822,-381.1966598267539,-371.01420450281023,-0.0,-1.7604995799364744,-381.1966598267539,-372.7747040827467,1,0,0.456,0.1653984983312354,0.2292207383010975,0.6712530051490657,0.7626458176770948,0.0707342313132239,0.057294124240646935,0.08773833303712308,60.04450314963236,0.3181777350950684,0.5085556363635253,0.7477801183601042,0.13265285055991669,0.017596778761671587,0.6874854240005286,-0.669888645238857,-0.9744041427681847,0.5709817724464913,0.3260201844661368,18.527265068323608,4.304330966401586,10.943630902770321,3.6689132170617147,2.021711103737345,0.0046023486869097,0.0,5.744258308631343,3.2697157029325807,225.18392860963755,0.9007357144385502
strong_heterogeneous,58,200,0.02,logistic,map,0.8,0.5,0.8478388211108497,0.864809877757885,0.8291339578572661,-403.44993045517697,-401.63450837215345,-0.0,-0.6071386031319851,-403.44993045517697,-402.24164697528545,1,0,0.456,0.13159866893439157,0.20911719841036788,0.7275923178639996,0.8467878966144102,0.08031944552227757,0.06368994000229541,0.013789749937132001,33.80432063815511,0.4443261890663006,0.6027393113095143,0.8842514661473052,0.13022385181584273,0.01695825158175457,0.12771118391822223,-0.11075293233646766,-0.8672140445224162,0.26980328413806426,0.07279381213168502,4.292530499429794,2.071842295984372,9.268978640777828,4.194439174968146,2.1742369420939496,0.0766940602865911,0.0,6.4145192821804935,3.5784258774519335,218.27916677356257,0.8731166670942503
strong_heterogeneous,59,200,0.02,logistic,map,0.8,0.5,1.1648113708644028,0.8034855700602197,0.342278708005324,-380.0838747011777,-374.86241751522846,-0.0,-0.7323230400850405,-380.0838747011777,-375.5947405553135,1,0,0.524,0.22860370013814785,0.30079371885460043,0.7290859810188199,0.8067662538328279,0.0593956131193877,0.04787969520088741,0.01499262498691678,48.43598501379955,0.3558548980023087,0.5434640155450366,0.76862567673713,0.13003121880215093,0.01690811786317285,0.36663574435421475,-0.3497276264910419,-0.9538830620758091,0.43488203856828916,0.18912238746931093,11.185300989723622,3.3444433004199103,6.788008943938384,3.6208967183144063,1.9347113722112563,0.02650976247289134,0.0,4.6714284356618645,3.123714401075234,230.44708191189886,0.9217883276475954
strong_heterogeneous,60,200,0.02,logistic,map,0.8,0.5,1.6473085765055155,0.9211007832930337,0.25756041589193046,-388.89537922582724,-377.50841535884996,-0.0,-1.7899426854643472,-388.89537922582724,-379.2983580443143,1,0,0.448,0.19839088597411336,0.2602706634010062,0.6301941843971884,0.6927471156140693,0.09071445108296503,0.0727080093883572,0.010455749928951263,59.83899412128312,0.3157032096084808,0.5137012946000017,0.6929294305490215,0.12879618926848177,0.016588458370082576,0.3797870168848826,-0.3631985585148,-0.956321681277718,0.4438267952531793,0.19698222418470757,11.874655244634827,3.4459621652935812,8.292952218043848,3.446446815201644,1.967346556721245,0.05490224036930587,0.0,4.49251689938679,3.0459703090738035,233.12070157989172,0.9324828063195668
strong_heterogeneous,61,200,0.02,logistic,map,0.8,0.5,1.4427686623524127,0.6984439971413858,0.38613012502901256,-391.2382824000705,-383.88508504801416,-0.0,-0.9189518556012017,-391.2382824000705,-384.8040369036154,1,0,0.5,0.14163909506606417,0.2120079057387773,0.7969584768414332,0.870191300813521,0.06991672571195763,0.05874869567199566,0.010513000190258026,54.51485126095627,0.3573620704820239,0.5245537561441604,0.7553252136242876,0.1398552029836548,0.01955947780159929,0.5046687384156986,-0.4851092606140993,-0.9612429375693011,0.5028913502217173,0.2528997101278219,12.929778222767453,3.5958000810344632,7.338570812192532,4.148922028734353,2.1445205064654695,0.05908510376825433,0.0,7.46231583189307,3.9110189701976004,206.0968701919008,0.8243874807676032
strong_heterogeneous,62,200,0.02,logistic,map,0.8,0.5,1.7931223988855567,0.7158235044147415,0.6397884581238031,-394.544802025607,-386.46465311301756,-0.0,-1.5603388346106382,-394.544802025607,-388.0249919476282,1,0,0.512,0.16430567681882222,0.25779938849329137,0.7734600863822828,0.8522573439714571,0.09098315992768949,0.07622292752724351,0.024177582934498787,58.74210249139922,0.31698278896269927,0.5100825908737523,0.7656534576739543,0.13221210631481448,0.017480041056199807,0.7016580843200537,-0.6841780432638539,-0.9750875227595518,0.5878158827238149,0.34552751198237774,19.766973708555813,4.4460064899363125,8.487140378447888,4.7419690283619405,2.310240526711976,0.04701606553390076,0.0,6.768525941531787,3.1852968789683516,221.43217051158064,0.8857286820463226
strong_heterogeneous,63,200,0.02,logistic,map,0.8,0.5,0.9966155173168105,0.7610378598936498,0.41001604218035936,-404.7058780320755,-403.12327276499263,-0.0,-0.4495090759590145,-404.7058780320755,-403.5727818409517,1,0,0.484,0.12201545669084485,0.18392860534499914,0.8086981773840556,0.875108640636257,0.07833975910889544,0.06475252443233967,0.014177791075780988,43.28794088200829,0.4112996890355174,0.5567909219558176,0.8269224213265972,0.13668940100329544,0.018683992346639706,0.29305857917146666,-0.27437458682482696,-0.9362448545288694,0.3919073713993753,0.1535913877571679,8.220480125854426,2.8671379677048026,9.830332171753113,4.882654654430579,2.364414298824858,0.008530725436214723,0.0,6.641130496653801,3.7198913740098716,206.41223375120018,0.8256489350048007
strong_heterogeneous,64,200,0.02,logistic,map,0.8,0.5,1.0068088250114686,0.7399040467653512,0.24428379209712148,-417.16117571852817,-415.4938574888456,-0.0,-0.41292564555005296,-417.16117571852817,-415.90678313439565,1,0,0.472,0.1313995105393405,0.22317763309693744,0.7748208298139438,0.8584762197187158,0.07983777499452191,0.061064812478354845,0.27970545808784664,43.580937260090394,0.3601523062074557,0.5582005727524952,0.854065816562585,0.1315837114510461,0.01731427311923216,0.27027459667096,-0.2529603235517278,-0.93593821493956,0.3823517282531848,0.14619284409819727,8.443487236886126,2.9057679255037088,9.491661607325955,3.8460774120029484,2.2548758689421997,0.06653031010016099,0.0,6.1318319485662744,3.238813512462307,219.15548051189205,0.8766219220475682
strong_heterogeneous,65,200,0.02,logistic,map,0.8,0.5,1.3692972685302838,0.8743463184618189,0.544228000100702,-387.1512720790777,-379.6038491618748,-0.0,-1.2023539988785656,-387.1512720790777,-380.80620316075334,1,0,0.452,0.13882108273033975,0.26171853168518977,0.6632792705848342,0.743738885750101,0.12226559234727281,0.09765406252229551,0.018974834121763706,52.4956583731158,0.3156551385536867,0.5245792729908088,0.7235278168795272,0.12975023977469763,0.01683512472159153,0.3398114054759741,-0.32297628075438256,-0.9504574465415292,0.4223397313411539,0.17837084866931802,10.595160512268276,3.2550208159500724,11.284844083754132,3.725612801214199,2.0878445261167404,0.06708316474677227,0.0,4.271065814723962,3.0252131975300296,233.63978908354457,0.9345591563341783
strong_heterogeneous,66,200,0.02,logistic,map,0.8,0.5,1.0192586654518558,0.4487869138352113,0.21580920810811222,-402.8159978575809,-401.82659305559093,-0.0,-0.14069408527490124,-402.8159978575809,-401.96728714086584,1,0,0.476,0.14259305326935853,0.21117792204900884,0.7283893128640433,0.848952818961173,0.08128569437122359,0.06540384650286091,0.0183251251000911,45.46551625377493,0.36321234775110595,0.5512013896446457,0.8987479519797551,0.13716285676204873,0.0188136492751263,0.5040955296805893,-0.48528188040546305,-0.9626784048510661,0.5040079501025282,0.2540240137665526,13.502112750788871,3.674522111892766,7.381808008757299,4.236740647019224,2.348448690467918,0.02633335084060965,0.0,6.620447949590983,3.52550854410821,211.73173673672565,0.8469269469469026
strong_heterogeneous,67,200,0.02,logistic,map,0.8,0.5,2.0571625342956343,0.8448233377236728,0.23569441703148186,-387.5727460919463,-373.4389964588777,-0.0,-2.334292881723343,-387.5727460919463,-375.773289340601,1,0,0.52,0.27840202875201214,0.34883279218471785,0.6846438975614713,0.7798193246654841,0.06888680214160617,0.054959731713088246,0.015265125082805753,61.28113545312229,0.34515802417523345,0.4951462324943735,0.7095973367368472,0.12865528487181754,0.01655218232544852,0.6198484949968954,-0.6032963126714469,-0.9732964063653466,0.5513696602574992,0.3040085022524701,18.366671915223257,4.285635532242943,6.797843958854835,3.7971980062393165,2.024278602029063,0.01358938131933332,0.0,3.291625140332254,2.8396214219679243,239.05891183289614,0.9562356473315846
strong_heterogeneous,68,200,0.02,logistic,map,0.8,0.5,1.2847360937010013,0.7180356348204442,0.27172795799560845,-392.7805699436982,-387.62009109768474,-0.0,-0.7107367456062266,-392.7805699436982,-388.330827843291,1,0,0.464,0.24392132967894312,0.3257044618847699,0.6089937037391179,0.7100137684396323,0.06814124435744162,0.05878564511482047,0.01455329218879342,51.29414735830265,0.34580432248639753,0.5243202767764517,0.8487728617499816,0.1285594144936776,0.016527523054957208,0.5068552173625634,-0.49032769430760625,-0.9673920234244433,0.5048346951585233,0.2548580694357992,15.420221686476967,3.9268590102621417,6.328540335848902,3.6795048651866913,2.050349844224659,0.003389645918923634,0.0,3.498811262243996,2.8675070819577186,239.0229344214744,0.9560917376858975
strong_heterogeneous,69,200,0.02,logistic,map,0.8,0.5,1.9296396811494887,0.8339717258312476,0.2383504998870194,-381.2771332575878,-367.7643834933639,-0.0,-2.0739304665971705,-381.2771332575878,-369.83831395996106,1,0,0.552,0.28362066839582095,0.3879831537107965,0.7090393125947158,0.7830319264226697,0.10872961866527832,0.08362515890320962,0.009199041873216629,61.262172769877466,0.29662124272631807,0.4982788411030087,0.8599964699861586,0.1305861090680397,0.017052731881529955,0.48125462588993007,-0.4642018940084001,-0.964566092533664,0.49189187915360355,0.2419576207772633,14.188789365728015,3.7668009458594987,7.230547292061149,3.9395310962770975,1.9226905639105116,0.029304129288051387,0.0,4.608973032355319,3.060640754256717,234.0977533598439,0.9363910134393756
strong_heterogeneous,70,200,0.02,logistic,map,0.8,0.5,1.7882065258310027,0.8649387791339035,0.28143162513151765,-378.2541547160373,-369.43469274783433,-0.0,-1.894698478841803,-378.2541547160373,-371.32939122667614,1,0,0.488,0.08991504646402981,0.18593336144227843,0.8336147773026197,0.885616484198424,0.0964212670380495,0.08111820817069029,0.0059074589516967535,57.7980823068995,0.34263830218321334,0.51520002627042,0.8214704191234271,0.13964277504437847,0.019500104622094887,0.6347029368610544,-0.6152028322389596,-0.9692768010204376,0.5534796400693103,0.3063397119712532,15.709644533093961,3.9635393946691084,10.19625229936401,3.71493088359096,2.1425114574654995,-0.03444926058872777,0.0,7.710113673683533,3.636174446767086,201.77711186512585,0.8071084474605034
strong_heterogeneous,71,200,0.02,logistic,map,0.8,0.5,1.4424386314626452,0.6986384464979405,0.2489940410014242,-392.97861867891964,-384.8162084535665,-0.0,-0.9187846455778512,-392.97861867891964,-385.73499309914433,1,0,0.49600000000000005,0.12616945926124945,0.23169942177281458,0.7571291552994001,0.8307160973204816,0.05819378026729235,0.045548731900728,0.00853099999949336,55.45844265882829,0.3377656979935879,0.5193058690373141,0.7253976029100159,0.1343248196779106,0.0180431571815032,0.6412102328749018,-0.6231670756933986,-0.9718607778596956,0.5573446188219962,0.3106330241298362,17.216112513184733,4.149230351906812,6.2069441621704895,3.935246647049975,1.9926053726582837,0.05585692721307905,0.0,5.71574150470515,3.5251225232521795,218.29201754180454,0.8731680701672182
strong_heterogeneous,72,200,0.02,logistic,map,0.8,0.5,2.386000578153017,0.8271129054875118,0.2798165420535952,-378.37340157290197,-361.8786582141212,-0.0,-2.894946532181164,-378.37340157290197,-364.77360474630234,1,0,0.548,0.22509217287807531,0.3128369252651749,0.7570538273266378,0.8274582457268292,0.06269399192481291,0.05050712071472982,0.7054417498875409,63.369121568936286,0.30756059087663357,0.4918527540530665,0.8832409837253675,0.13226444095177994,0.017493882340286884,0.5888985684856486,-0.5714046861453617,-0.9702938956274382,0.5435333763582326,0.29542853121538015,16.88753390864154,4.109444476889977,6.2769365960101275,3.754835041932778,1.9177322362759701,0.02872882834484339,0.0,4.127365842207979,3.241703321214001,227.7427022692406,0.9109708090769624
strong_heterogeneous,73,200,0.02,logistic,map,0.8,0.5,1.917604626159857,0.8165479325761918,0.23910383298061788,-399.5183699341283,-394.26172265330905,-0.0,-2.0096588931335995,-399.5183699341283,-396.2713815464426,1,0,0.544,0.11143859768591753,0.2338816687281375,0.8314506040150316,0.9086905038461478,0.10427220538461351,0.08667191886859439,0.14325812505558133,60.0921720548498,0.3230304225672483,0.49988509574403744,0.7687906106159804,0.1383462753521826,0.019139691903821927,0.6192272316839014,-0.6000875397800794,-0.9690910041992594,0.5520584664001114,0.30476855032404293,15.923378069799803,3.9904107645453997,7.427256670153299,4.2324779211143,2.126546456502199,0.014168257536425678,0.0,7.973460988642982,4.128261474650735,200.68467715560232,0.8027387086224093
strong_heterogeneous,74,200,0.02,logistic,map,0.8,0.5,1.4731294212967772,0.6671563802220576,0.2512639998458326,-392.6275509733712,-386.5377471086689,-0.0,-0.9118679912477969,-392.6275509733712,-387.4496150999167,1,0,0.476,0.12092396515361578,0.1869325852066579,0.7883994456870222,0.8691677924221697,0.06622520790297749,0.05331832781074388,0.017263875110074878,54.46181314035936,0.33641353420478404,0.5183111175022098,0.75165567683715,0.13966663816531547,0.019506769816401155,0.5657694342135449,-0.5462626643971437,-0.9655216972908464,0.5312740959413791,0.2822521650183296,14.46944664210955,3.8038725848941826,8.47425010834765,4.127308030517345,2.15127167904465,0.031936039461678924,0.0,5.837913238802318,3.78405702907566,209.42209792827884,0.8376883917131154
strong_heterogeneous,75,200,0.02,logistic,map,0.8,0.5,1.2990387899855442,0.7170954129276721,0.2962454999797046,-390.89446282545396,-386.86346300079765,-0.0,-0.7300662006770059,-390.89446282545396,-387.59352920147467,1,0,0.54,0.16539826618498385,0.2463978960623375,0.8169093380483282,0.8700205336038529,0.06653391293406193,0.05371331646306504,0.011815249919891357,52.32288023822054,0.346245318465772,0.5300585577512078,0.7740797682434616,0.13731885995729595,0.018856469299971458,0.5053313487256715,-0.48647487942570006,-0.9626849405889361,0.5015262751709622,0.2515286046868596,13.339114586379134,3.6522752615840903,8.64436313248753,3.323835357083197,2.0866317256306646,0.04514635346936211,0.0,7.693522890394343,3.6720157714930344,207.1912892445686,0.8287651569782744
strong_heterogeneous,76,200,0.02,logistic,map,0.8,0.5,0.9825340754176101,0.6625818488036189,0.3340477501042187,-393.30726616778935,-392.4416310000135,-0.0,-0.24300468731045377,-393.30726616778935,-392.684635687324,1,0,0.444,0.1421028926640064,0.20376878765374953,0.6984690311506844,0.7789160845817568,0.07995906134994901,0.06532277272326363,0.013488000025972724,40.61025252008503,0.3919170863628633,0.5672750343892776,0.8148638140493013,0.13689296696364564,0.01873968440410978,0.27298114783058813,-0.25424146342647835,-0.9313517268388819,0.37892360642558637,0.1435830995065727,7.661980661482412,2.768028298533527,8.089012149654188,3.7423055058137114,2.079647506546492,-0.003258569982458866,0.0,4.956386541882091,3.525831509996588,222.33051378859003,0.8893220551543601
strong_heterogeneous,77,200,0.02,logistic,map,0.8,0.5,1.3012206525189811,0.6317044276244149,0.30999704101122916,-389.35855426356807,-386.1645153590735,-0.0,-0.5825975944163406,-389.35855426356807,-386.7471129534898,1,0,0.54,0.20557866905480351,0.2847770733596719,0.7878138230487197,0.8516236143154107,0.05432496533661308,0.043084375279574955,0.0151360840536654,51.827763774628245,0.36453471475355065,0.5296046313991194,0.7254167754755296,0.1338653602021358,0.017919934662047565,0.5087144366698195,-0.49079450200777197,-0.9647740787948613,0.5009190688986083,0.25091991358624866,14.002278374243698,3.74196183495285,7.080364874465961,4.331093013929184,2.1508929182490437,0.0026234262771796255,0.0,6.539366354445917,3.561904958991643,218.51880803969993,0.8740752321587998
strong_heterogeneous,78,200,0.02,logistic,map,0.8,0.5,1.783917107691299,1.0644249587131902,0.34746770886704326,-384.0558967583079,-370.86713508391693,-0.0,-2.4280720113450815,-384.0558967583079,-373.295207095262,1,0,0.452,0.10908543687851219,0.17856794131209033,0.7127569460793779,0.8030732536049151,0.08974350806390118,0.07101961712439431,0.012356457998976111,57.7533046344998,0.3596312928965992,0.5172442441862071,0.7210114328011322,0.13480314496499282,0.01817188789245287,0.36114526945604586,-0.34297338156359297,-0.949682608552998,0.4339171365238865,0.1882840813690892,10.361283455159722,3.21889475676974,6.966472241894174,3.559482087150527,1.9092384710283727,0.008426705537716572,0.0,5.56659541025146,3.3017240891806665,219.3443454739389,0.8773773818957555
strong_heterogeneous,79,200,0.02,logistic,map,0.8,0.5,1.5475804035853509,0.941647448665577,0.3924587080255151,-384.4245584351006,-375.58374227281917,-0.0,-1.6722035594024243,-384.4245584351006,-377.2559458322216,1,0,0.496,0.13509058565389054,0.2557854177216756,0.7474704571298967,0.8316726677769969,0.05164649766808627,0.04089198035335974,0.01478445902466774,55.12100900170904,0.33430717605504157,0.5230221231022846,0.7649525431617494,0.13245643990668174,0.01754470847275239,0.30494014506730505,-0.28739543659455263,-0.9424650746825085,0.401735104315041,0.16139109403901689,9.198847292883977,3.0329601535272395,5.6244892257163395,3.5382814273401992,1.9208540419191718,0.06057709767498368,0.0,5.5023066948692705,3.3201092494910647,224.6161746391456,0.8984646985565824
strong_heterogeneous,80,200,0.02,logistic,map,0.8,0.5,1.9440348009134991,0.6343742135053538,0.2100777078885585,-389.15847184145,-381.0079150504124,-0.0,-1.6900827904779407,-389.15847184145,-382.69799784089037,1,0,0.508,0.18373936740343272,0.24709804835535523,0.7904362804805924,0.850320168489147,0.06735433876435253,0.05565823382116102,0.006089417031034827,59.92546503020672,0.34690827283724096,0.5008920521974431,0.7694197618009063,0.13396004797399913,0.017945294453196148,0.7541106034986217,-0.7361653090454255,-0.9762033654348039,0.6041424713230489,0.364988125656321,20.3389321143914,4.509870520801169,8.406110419366637,4.504342499817222,2.201619849246385,-0.0181280416383165,0.0,5.715491729100179,3.462587416058697,215.84046811076303,0.8633618724430521
strong_heterogeneous,81,200,0.02,logistic,map,0.8,0.5,1.453839269194281,0.8312929853246837,0.2364176248665899,-391.2050664355785,-383.739255454727,-0.0,-1.2305460057491284,-391.2050664355785,-384.96980146047616,1,0,0.58,0.18466538064111607,0.26600752987463483,0.8274059782995614,0.8821494777629679,0.09780340449993677,0.08233138050225529,0.015664499951526523,56.053290719362636,0.3548356843438177,0.5247062415031125,0.7898512294540327,0.13778255035871473,0.018984031183351763,0.47828496331252013,-0.45930093212916834,-0.9603081162078113,0.4935221375284548,0.24356410023065506,12.82994627844117,3.581891438673312,11.201241713314266,3.766066363386262,2.063230164258653,-0.04105162921168457,0.0,8.485325147636646,3.877905113493234,206.38194286676347,0.8255277714670539
strong_heterogeneous,82,200,0.02,logistic,map,0.8,0.5,1.7637177533205104,0.80890235432757,0.2641038750298321,-382.1404528609753,-372.53258176378716,-0.0,-1.7128508253598682,-382.1404528609753,-374.245432589147,1,0,0.5,0.12240496952384784,0.2453928201044405,0.7875341664072032,0.894062971072989,0.09041457559823966,0.07379944756306242,0.013619541889056563,60.36789182704271,0.3368994937499165,0.5071126271899087,0.7519908391551524,0.1342916235960952,0.01803424016807531,0.6029327221147026,-0.5848984819466273,-0.9700891334860335,0.5477003800338894,0.2999757062892669,16.633675912794587,4.078440377496597,9.908224808160837,3.9984528936673582,2.0972270869197045,-0.009507975898884993,0.0,6.4023613143250815,3.4743010279378965,216.42512964151513,0.8657005185660606
strong_heterogeneous,83,200,0.02,logistic,map,0.8,0.5,1.454416520561751,0.8444045420556873,0.2518762908875942,-389.8561362349402,-382.80036968288056,-0.0,-1.2638076506498397,-389.8561362349402,-384.0641773335304,1,0,0.504,0.10931853280965553,0.21533013159404696,0.7838466039767807,0.8944817034172978,0.0649823578911724,0.05220042107949399,0.13123725005425513,55.27903448839779,0.3383470028385221,0.5157793821028611,0.7469445773266938,0.1352924451589064,0.018304045717075695,0.4666564654401255,-0.44835241972304984,-0.9607761874684148,0.4885288686271949,0.23866045548216708,13.038672388122517,3.6109101883212933,7.551314099717813,3.71198037094863,2.0238237147522065,0.017403130565259432,0.0,6.0738971644326485,3.622438947848917,213.8631235105682,0.8554524940422727
strong_heterogeneous,84,200,0.02,logistic,map,0.8,0.5,1.8149660481178942,0.8509207247430005,0.2510571670718491,-387.7519567257252,-377.53897051210606,-0.0,-1.9076439718904579,-387.7519567257252,-379.44661448399654,1,0,0.516,0.17182424232631652,0.23853285937945742,0.7947633366624511,0.8877846763224408,0.09619101403383454,0.07718867047203483,0.010124332970008254,58.33418881057959,0.35299991516011325,0.5169452093560198,0.7006603725861125,0.13474021133694414,0.01815492455112437,0.6383346539677115,-0.6201797294165872,-0.9715589237741076,0.5593954813697251,0.3129233045768664,17.236276785159454,4.151659521824912,9.580517978406782,4.036404655065338,2.067448158316803,0.036444543260065076,0.0,4.90237155753069,3.55697488333779,218.15347883827553,0.8726139153531022
strong_heterogeneous,85,200,0.02,logistic,map,0.8,0.5,1.7207967413792988,0.7184861932819387,0.2643237500451505,-397.3713489986605,-386.637311331339,-0.0,-1.4361686303364456,-397.3713489986605,-388.07347996167545,1,0,0.49600000000000005,0.19908177663025045,0.31357126115290934,0.6841568082860877,0.7943086619100795,0.06167103136547866,0.04752213862626843,0.012878917157649994,58.36330709923952,0.3374739365200378,0.5218957915128267,0.6850425762308424,0.13053448098015977,0.017039250724759696,0.8084649008588809,-0.7914256501341213,-0.9789239449892533,0.6180305347987234,0.381961741943596,22.4165808763274,4.734615177216349,7.601756318865702,3.8586304411801824,2.1775816550930016,0.03240776544697013,0.0,4.1024438341236795,2.8886826990628425,236.21025472034702,0.944841018881388
strong_heterogeneous,86,200,0.02,logistic,map,0.8,0.5,1.3750549633869393,0.9919029881702283,0.27609600010327995,-383.7257006652826,-374.97503659028246,-0.0,-1.5252389877321035,-383.7257006652826,-376.50027557801457,1,0,0.52,0.17846289246086758,0.2655166862712091,0.7437045811782623,0.8333484898163499,0.0887835349886205,0.07046063420004568,0.006685750093311071,55.38910648563693,0.3342818654476046,0.5179677709460115,0.813864817564012,0.12778098503705418,0.016327980137039864,0.21716883065515508,-0.2008408505181152,-0.9248143479532417,0.3403482908711255,0.11583695909889627,7.09438388133026,2.6635284645241284,6.476315015394477,3.618316718905671,1.9204996121286024,0.05452193332675254,0.0,4.18912540940392,3.2521744730444566,229.75579564852916,0.9190231825941166
strong_heterogeneous,87,200,0.02,logistic,map,0.8,0.5,1.7768211116982715,0.7407880052558037,0.31400891696102917,-392.7315667956142,-383.5977311961435,-0.0,-1.5825756846194539,-392.7315667956142,-385.18030688076294,1,0,0.536,0.2221510987143063,0.3280990167629037,0.7208018605078237,0.7909551700779635,0.07479466863627206,0.0586714801070863,0.015621667029336095,58.20170736781502,0.32975747897255425,0.510609414901759,0.7429557134460014,0.13042718026556605,0.01701124935202646,0.7257749885661895,-0.708763739214163,-0.9765612626226854,0.5915164486662278,0.3498917090427061,20.56825467678101,4.5352237736170204,6.789983779032726,4.005320254845062,2.118428806296272,0.017722653104985695,0.0,4.5500091570897006,3.0431896198907644,232.2607133074183,0.9290428532296733
strong_heterogeneous,88,200,0.02,logistic,map,0.8,0.5,1.593176808398394,0.5613445346620314,0.435462084133178,-396.3514317678613,-391.9824492390552,-0.0,-0.9758789494529955,-396.3514317678613,-392.9583281885082,1,0,0.56,0.24650036496983868,0.32116603095504503,0.7690691583075627,0.8132323894583989,0.07882084873238307,0.06865955310126653,0.00912504200823605,54.91160731614934,0.3376106786381109,0.5137774099902392,0.8273826447246725,0.131399163493034,0.01726574016666908,0.5914670300423436,-0.5742012898756745,-0.9708086177425088,0.5461750254886465,0.2983071584675237,17.277403435237343,4.156609608230889,10.837221329109608,3.960088821356296,2.194176918657285,0.0843345980731892,0.0,4.666762298024601,3.194390537094861,227.32560494403896,0.9093024197761558
strong_heterogeneous,89,200,0.02,logistic,map,0.8,0.5,1.5028438573505072,0.6423523190219995,0.29075691592879593,-379.98779199945,-373.7529089167572,-0.0,-0.9205968819541104,-379.98779199945,-374.6735057987113,1,0,0.528,0.15377875420331882,0.27606554892621105,0.7647895936448764,0.8582848981742269,0.06215877487507601,0.050190863426273165,0.012840500101447105,53.79034204315953,0.3421935608211242,0.5258161144768507,0.7553360192310066,0.13236824124134808,0.017521351289327722,0.647592167311796,-0.6300708160224683,-0.9729438492715867,0.5695181095899672,0.3243508771509298,18.511750138158142,4.302528342516542,9.35892403952737,3.7260140325545623,2.1604251907136907,0.01835675942239233,0.0,4.358960144459019,3.377791270078816,225.73875266163074,0.902955010646523
strong_heterogeneous,90,200,0.02,logistic,map,0.8,0.5,1.7906800749320515,0.8330411356194346,0.3183636670000851,-399.59555031429716,-396.56411640759654,-0.0,-1.8196000643150527,-399.59555031429716,-398.3837164719116,1,0,0.512,0.24193507623630378,0.3072666517600505,0.6815112917329531,0.7815946916637506,0.0807016706651038,0.064192741277781,0.018036833964288235,57.961809492968904,0.32496861957875484,0.516416437731526,0.811689556061901,0.128971163697456,0.016633561065475994,0.5075949491290894,-0.49096138806361345,-0.9672306410967738,0.5024234988168361,0.2524293721633514,15.175906780856714,3.8956266223621476,6.468076158002788,3.9668912257680096,2.0710962686254852,0.043909109296134216,0.0,4.5786432922245375,2.8908909959527667,234.72091877141926,0.938883675085677
strong_heterogeneous,91,200,0.02,logistic,map,0.8,0.5,1.5153250507219722,0.8035581489667492,0.29188995785079896,-392.7915280051246,-385.6184629551483,-0.0,-1.26625261134369,-392.7915280051246,-386.884715566492,1,0,0.524,0.24915468139753663,0.30436190446606787,0.7391355985626878,0.8161637210065579,0.056090673272617825,0.04604769067897613,0.008916208986192942,56.022691516825205,0.3354354620394355,0.5182810654290348,0.8324255384224428,0.13058402146954748,0.01705218666315924,0.5807838110803455,-0.5637316244171863,-0.9706393560945861,0.5329835069880601,0.2840714187212915,16.658943766726388,4.0815369368323,7.694944711766842,3.830121745766877,2.1579019063614244,-0.005764858130996565,0.0,4.36799030858578,2.998544521011288,232.08181893173565,0.9283272757269426
strong_heterogeneous,92,200,0.02,logistic,map,0.8,0.5,1.7836497456828027,0.9068227431337136,0.27802308299578726,-399.92961768655846,-386.7014485908881,-0.0,-1.9946400837221612,-399.92961768655846,-388.6960886746103,1,0,0.536,0.20821784956304676,0.3010236606123683,0.7626444510913752,0.8365364259390801,0.07427819605425084,0.062240987462964574,0.016435124911367893,60.396275340180594,0.3208002295509173,0.5034109276117984,0.7972281706707702,0.13107133783886968,0.017179695602871112,0.4424773235319039,-0.42529762792903275,-0.961173839450707,0.472003216175554,0.22278703608006678,12.968043277951564,3.6011169486635066,6.7185538648589676,3.9204906580331773,2.036646467315204,0.058190991653967176,0.0,4.805547652490173,3.3219990395139543,227.90382697248117,0.9116153078899247
strong_heterogeneous,93,200,0.02,logistic,map,0.8,0.5,1.4985376497203744,0.8842392086893596,0.41128633287735283,-398.8797441064999,-388.87208958431984,-0.0,-1.4379196247578514,-398.8797441064999,-390.3100092090777,1,0,0.452,0.1507251752338755,0.20898303028893386,0.7231495130009772,0.8175554610575039,0.08719464090519564,0.0648205620696794,0.5606159169692546,56.42200827069992,0.317048363801504,0.5196411279436445,0.7160234858876598,0.13469848936620551,0.018143683037537783,0.4273232899681927,-0.4091796069306549,-0.9575410854884875,0.4662388129174647,0.2173786306706867,11.980953934267273,3.461351460667823,7.046343236538021,3.5780827670889996,2.0418404502593024,0.03004128902810669,0.0,5.4811177456793345,3.504022463736152,220.79009960550738,0.8831603984220295
strong_heterogeneous,94,200,0.02,logistic,map,0.8,0.5,1.473672542584225,0.655152476664549,0.8904635419603437,-392.10049414992636,-387.26334562082445,-0.0,-0.8924812921405312,-392.10049414992636,-388.155826912965,1,0,0.512,0.2667392331266888,0.338459687329517,0.6581759852691317,0.7262712058446408,0.0602951105119006,0.04642387791832054,0.010720874881371856,54.94342901437251,0.3504534491899384,0.5215800052353995,0.780014286860419,0.13080302127720336,0.017109430375244514,0.6771954360587376,-0.6600860056834931,-0.9747348705200658,0.5759092402748779,0.33167145303398704,19.38530072362196,4.402874143513753,7.071278798497167,3.869686745061336,2.081810221428787,0.036693345068325355,0.0,3.639788111345285,2.7594228406886696,239.12041127906437,0.9564816451162574
strong_heterogeneous,95,200,0.02,logistic,map,0.8,0.5,1.57752916588177,0.9348832404392935,0.3718421251978725,-380.69278726954815,-372.5106672596493,-0.0,-1.7053763029294906,-380.69278726954815,-374.2160435625788,1,0,0.472,0.1414386396256319,0.22616033952310086,0.7400436120946511,0.8130587290256032,0.0809151907290852,0.06448566320484077,0.011308667017146945,57.41874519230385,0.33228648860224796,0.5168291130942513,0.7648367020325649,0.13321566970760756,0.017746414655646393,0.4121375393012946,-0.3943911246456482,-0.9569405526957523,0.4626310518026929,0.21402749009206595,12.060322845210237,3.4727975531565667,9.898055828523605,4.09542174784541,2.0923594521880933,-0.013067579298153978,0.0,5.075174573675383,3.3086484223228565,222.7669539313215,0.8910678157252859
strong_heterogeneous,96,200,0.02,logistic,map,0.8,0.5,1.2295586647100507,0.744208223796673,0.39891391689889133,-388.26448252569594,-385.47320212430884,-0.0,-0.6858049895715885,-388.26448252569594,-386.1590071138804,1,0,0.468,0.12341006673364467,0.24064910616320948,0.7162578610154292,0.7980312277807079,0.06492772658880486,0.04992806359987896,0.009532334050163627,50.44135498616292,0.373163496845544,0.5309159380697699,0.8437468767000293,0.13101347494658014,0.01716453061757818,0.393833756285743,-0.37666922566816485,-0.9564168120593386,0.4485604928149234,0.20120651571436693,11.722226502850681,3.4237737224954983,8.626358621576326,4.349677449672806,2.143090820604326,0.03400872420285792,0.0,8.103066682220463,3.441435181331037,218.63194876582926,0.874527795063317
strong_heterogeneous,97,200,0.02,logistic,map,0.8,0.5,1.4925673274535616,0.9118920635524677,0.38068429101258516,-381.0064891775286,-373.6992031798421,-0.0,-1.5000509092436276,-381.0064891775286,-375.1992540890857,1,0,0.464,0.23606386112595834,0.30212236328725883,0.6233006668154449,0.6916397676009418,0.0840174890103572,0.07055899572025566,0.013808415969833732,57.512811407565174,0.30717851329397494,0.5213239231457867,0.7019403843796405,0.13050645884452292,0.017031935800137152,0.33259488197047865,-0.3155629461703415,-0.9487907459692992,0.4141272480537869,0.17150137758060274,10.069400189919792,3.1732318210177763,6.458738244688675,3.7445828198683877,1.9734976268551248,0.026207370668237615,0.0,4.236141844119133,2.902043896350266,236.87117974198506,0.9474847189679403
strong_heterogeneous,98,200,0.02,logistic,map,0.8,0.5,1.361811121082538,0.646831811990093,0.4908843331504613,-366.7743695315754,-360.3675170900864,-0.0,-0.6985509671833667,-366.7743695315754,-361.0660680572698,1,0,0.512,0.2650935397296495,0.32378351638779823,0.6899509061798949,0.7793377094446228,0.07799632402231531,0.06530340888440925,0.014636167092248797,53.54271559354228,0.35110655761903126,0.5266014405872212,0.7074338657300856,0.1277499588880594,0.016320051995900864,0.5021173927139908,-0.48579734071808994,-0.9674975369650323,0.5032013627198876,0.25321161144315185,15.515367935515858,3.9389551832327134,6.478493856990722,3.4203126970980144,1.8817898401501547,-0.007491912011700855,0.0,4.531811926193346,2.987658951349377,234.11488216130505,0.9364595286452202
strong_heterogeneous,99,200,0.02,logistic,map,0.8,0.5,1.6861639645077637,0.7945618199392211,0.48722158302553,-392.0280128724959,-384.63972393541576,-0.0,-1.5409141131033313,-392.0280128724959,-386.1806380485191,1,0,0.472,0.1903074474348837,0.28532919770237597,0.6622877554455547,0.7569473985069275,0.0814494739358101,0.06597894807605922,0.01479625003412366,57.14514571807307,0.3525872364369264,0.5173879235373395,0.7901462337753744,0.13008942312235108,0.016923258008306095,0.6483912790220188,-0.6314680210137127,-0.9738996211765344,0.5613573518596869,0.31512207648692037,18.620650724125074,4.3151652024140486,5.834414028119496,4.273936249811536,2.0942649032914584,0.022435137077573244,0.0,3.915096394822972,2.9687238753433127,236.17364323867923,0.9446945729547169
strong_heterogeneous,100,200,0.02,logistic,map,0.8,0.5,1.5601427992929493,0.8348295179037862,0.22453100001439452,-395.9631640260394,-386.9439160210171,-0.0,-1.417794045514003,-395.9631640260394,-388.36171006653115,1,0,0.48,0.26407231023006394,0.31828699421673323,0.6338266485260767,0.7130907339404018,0.08047043507250794,0.06758381755019882,0.007035958115011454,56.743324768268394,0.31952520546012025,0.5179346428287586,0.6855054944431308,0.128249760284425,0.016448001013012473,0.5062670076354587,-0.48981900662244626,-0.9675112129272782,0.4981696825771559,0.24817303263902424,15.088340062885916,3.884371257087293,6.113500139482687,4.060471044132534,2.0997739625368186,0.0289385240616549,0.0,3.741158893023683,2.738470344378127,240.48485484123316,0.9619394193649327
strong_heterogeneous,101,200,0.02,logistic,map,0.8,0.5,1.432490999130558,0.8148390000904414,0.26731662498787045,-403.30304475459445,-399.73433379714265,-0.0,-1.1557835001411192,-403.30304475459445,-400.8901172972838,1,0,0.444,0.2437771368802011,0.29354950890148507,0.5896699414828213,0.6700899742336716,0.09611321399003006,0.07912696918519228,0.02417745813727379,55.00835843704369,0.3290289568163102,0.5244120826349981,0.7371135757673841,0.13059454344532456,0.01705493477769276,0.4381698189988492,-0.42111488422115645,-0.9610768838057795,0.47082682748468846,0.2216779014792966,12.997874478490724,3.605256506615129,6.769005001176717,3.9882290398373694,2.163278871487788,0.03042292181884634,0.0,3.6282677214965298,2.951420635377141,238.1143131764623,0.9524572527058492
strong_heterogeneous,102,200,0.02,logistic,map,0.8,0.5,1.4415407353367244,0.6015665712206332,0.27291591721586883,-392.0594646114732,-386.8508169835851,-0.0,-0.7619004391902066,-392.0594646114732,-387.6127174227753,1,0,0.524,0.22062097361547486,0.2867278364032986,0.7406972289651654,0.7862647987620739,0.05978802893825018,0.047762062749565154,0.01279124990105629,52.9780561248503,0.3348094862699352,0.5295420541184204,0.7669939760505285,0.13252403793869125,0.017562620631575675,0.6482681249177152,-0.6307055042861396,-0.9729084001564864,0.5642593104583701,0.3183885694389553,18.12876199503663,4.257788392468163,7.997864073222634,3.9868721541031955,2.140451094116302,0.025303698207599135,0.0,4.67868649716159,3.348722345732198,227.0686759795175,0.9082747039180701
strong_heterogeneous,103,200,0.02,logistic,map,0.8,0.5,1.194889610348108,0.7186578734456683,0.34841845906339586,-382.3325292424471,-379.1115516703453,-0.0,-0.5851333895971729,-382.3325292424471,-379.69668505994247,1,0,0.512,0.18062015512663693,0.2866882317532131,0.7533914088093555,0.8534789043353079,0.07000912180895365,0.058460609816343406,0.0740672079846263,50.95080308458009,0.3481621543514734,0.5344836766107726,0.7903633444130403,0.13232125700666975,0.01750891505582515,0.49342991828046046,-0.4759210032246353,-0.9645159030550043,0.4943534214288812,0.24438530527844105,13.957764059009182,3.7360091085286693,8.157776563623877,3.9560798869931637,2.0867838841411275,0.026960477443692697,0.0,6.824955788540251,3.2968860602181653,222.7858747711069,0.8911434990844276
strong_heterogeneous,104,200,0.02,logistic,map,0.8,0.5,1.6280168048871,0.7534804062103736,0.3310691660735756,-375.2075488702444,-366.7681081062211,-0.0,-1.3459936331264497,-375.2075488702444,-368.1141017393476,1,0,0.52,0.22775073398843293,0.31589624598081395,0.7375996831881834,0.8050073139783764,0.06571435635149656,0.0527562423904853,0.07181241712532938,57.017875354197564,0.3427095792996923,0.5164629385990617,0.6808160988545322,0.13195156535603858,0.017411215599908922,0.4680073284671089,-0.45059611286719997,-0.9627971304275579,0.49191983636328745,0.24198512540768352,13.898232666129834,3.7280333509948425,7.165560027322565,3.734041513150548,2.046258923711672,0.07319287416526685,0.0,4.508738808732245,3.1698433559112695,231.54274298365235,0.9261709719346094
strong_heterogeneous,105,200,0.02,logistic,map,0.8,0.5,1.630526673989653,1.0477661470564674,0.34951420803554356,-403.64705136132625,-394.22679816802525,-0.0,-2.108651365902233,-403.64705136132625,-396.3354495339275,1,0,0.468,0.20359507256593665,0.27852794557801935,0.6867761746634458,0.7840946983180267,0.07312196250762272,0.05670687000133549,0.08510345802642405,59.11286122356608,0.31995309515073006,0.5045716779196652,0.7076330048760366,0.1300592366705932,0.01691540504333737,0.381214373689699,-0.36429896864636163,-0.9556275780484967,0.4360858990084463,0.19017091131400482,11.242468674370244,3.3529790745500105,7.3069998086285715,4.216257273867884,2.10179438589622,0.057958244569192074,0.0,4.903062238630802,3.0783503637408742,231.84699426148393,0.9273879770459357
strong_heterogeneous,106,200,0.02,logistic,map,0.8,0.5,1.77255948388006,0.637162659348611,0.44743420905433595,-378.77972288283047,-367.6564511144819,-0.0,-1.3833890542852305,-378.77972288283047,-369.0398401687671,1,0,0.496,0.19613285870144823,0.27716858522554166,0.7194727148932142,0.8098147955304251,0.096241582911866,0.07700035083672628,0.013401584001258016,58.93496504692567,0.33369540245218865,0.508856627462726,0.7612225098102906,0.1312315287886874,0.01722171414821609,0.7295127305523423,-0.7122910164041263,-0.9763928531649108,0.5986722405862085,0.3584084516485111,20.811427280927013,4.5619543269225105,7.5982553057446705,3.935353923478975,2.0159346367616457,0.048819621982404644,0.0,5.258032572980598,3.108673475720768,228.97026767882022,0.9158810707152809
strong_heterogeneous,107,200,0.02,logistic,map,0.8,0.5,1.8811227054044275,0.7910842088453828,0.8616764999460429,-371.8698155431147,-361.3590053049387,-0.0,-1.8830803122371806,-371.8698155431147,-363.24208561717586,1,0,0.544,0.19405370681960268,0.30750546096030806,0.780829465951157,0.845781853467345,0.07001388319528763,0.05652946637410449,0.07562145800329745,60.797597656914874,0.30885446368988323,0.5084496018497231,0.8213958922904917,0.1326785242038473,0.01760359078491089,0.4807414799550008,-0.4631378891700899,-0.9633824175385102,0.4989826039254607,0.24898363902023318,14.143912004228833,3.7608392685980125,7.54474462610183,3.7977560991643333,1.9247077332717968,0.013303810084211441,0.0,4.984426015160859,3.42377992616165,223.74853603177777,0.8949941441271111
strong_heterogeneous,108,200,0.02,logistic,map,0.8,0.5,1.8890722485411953,0.7139321799090332,0.9525930830277503,-398.6042062589012,-393.45318772033534,-0.0,-1.7302784800724031,-398.6042062589012,-395.18346620040774,1,0,0.516,0.2394658385886142,0.32215309410698306,0.7352959132803841,0.7966322404738824,0.09058320119443423,0.07544916010533383,0.08558166702277958,60.91928379391959,0.3445932950137713,0.4964471450993257,0.7041258861105947,0.13028137219830105,0.01697323594187225,0.9469186184406966,-0.9299453824988243,-0.9820752960060893,0.6677406554902193,0.4458775829945078,26.269450593952257,5.125373215089049,10.588351092526516,4.396066593416515,2.3512150219746912,0.02701908275235428,0.0,4.917200259914229,3.1121142709382505,229.87879182038319,0.9195151672815327
strong_heterogeneous,109,200,0.02,logistic,map,0.8,0.5,1.0563039249187998,0.873199133057118,0.7117102090269327,-393.32048971502445,-389.90916724898136,-0.0,-0.7762148458516696,-393.32048971502445,-390.685382094833,1,0,0.488,0.09425138944773086,0.17047721612943134,0.8163442446621983,0.8569235531546358,0.11433153534145993,0.09435571403950026,0.009749500080943108,43.41822412240241,0.37899230924024735,0.5548179080962052,0.8533528686219976,0.14179243180566195,0.02010509371736329,0.2272079806812773,-0.207102886963914,-0.9115123788474389,0.3471230309082346,0.12049439858691918,5.993227402011911,2.448106901671557,10.969027439316498,3.9613186967143434,2.2017198105836937,0.07881416821958237,0.0,6.989270575616063,4.012249232488891,201.10002304954193,0.8044000921981678
strong_heterogeneous,110,200,0.02,logistic,map,0.8,0.5,1.6440190487703616,0.6814271171067109,1.072161584161222,-381.28196745971854,-375.47174598469206,-0.0,-1.2293090187271087,-381.28196745971854,-376.7010550034192,1,0,0.508,0.20192020080262765,0.2732603295756926,0.7581246763027444,0.8409069709908624,0.07660013310778489,0.061438618306477684,0.01985070900991559,56.093956160620934,0.3470871590779964,0.5210192657648247,0.695641280160777,0.13396865376361705,0.017947600191235907,0.6396463155755976,-0.6216987153843617,-0.971941368606047,0.5662279096826843,0.32061404570362206,17.86389502147384,4.226570124991876,5.553931475649968,3.6736207414248065,1.9512487436796935,0.01466045551598451,0.0,5.083919259730271,3.3121620964695797,226.7400152058774,0.9069600608235096
strong_heterogeneous,111,200,0.02,logistic,map,0.8,0.5,1.8740053846471074,0.8728950462593513,0.3680432920809835,-391.6960332604468,-382.41703742854236,-0.0,-2.070116243915994,-391.6960332604468,-384.48715367245836,1,0,0.508,0.15264092544421246,0.2711011265976916,0.7537847838860209,0.8552134739812434,0.08885537779219488,0.06882134489709867,0.012619375018402934,59.747014317448354,0.31837398200032546,0.5104194754705689,0.8285583856183826,0.13200158144083401,0.017424417502881134,0.5051650338458776,-0.4877406163429965,-0.9655074751111986,0.5008318245670798,0.25083251649919014,14.395460649270765,3.794135033083399,8.17716111855082,4.712098794186161,2.276992446089781,0.01151833539969165,0.0,5.8130788571705425,3.3147290664005613,222.9064295719824,0.8916257182879296
strong_heterogeneous,112,200,0.02,logistic,map,0.8,0.5,1.2041829599467413,0.7084300302919995,0.412685208953917,-407.7715674850837,-404.1041196073785,-0.0,-0.5772971002475166,-407.7715674850837,-404.681416707626,1,0,0.504,0.1870152408471406,0.2982451579242588,0.7328093977278919,0.8350640810375155,0.05580229912919472,0.04596760264920319,0.1754328750539571,49.14950008107736,0.35457035900139694,0.5326641937285395,0.73174918740282,0.12967603748024592,0.016815874696578147,0.3268400147168189,-0.31002414002024076,-0.9485501348078577,0.41610149606268354,0.17314045502560343,10.296250308099387,3.208777073605985,7.243196104529495,4.262145668181624,2.23974742343851,0.04086368990463762,0.0,5.742214752327659,3.086276069088555,229.1823450539984,0.9167293802159936
strong_heterogeneous,113,200,0.02,logistic,map,0.8,0.5,1.1082179112960389,0.6818657563891928,0.6445248748641461,-398.2036618048355,-395.7393351447847,-0.0,-0.4048961683064104,-398.2036618048355,-396.14423131309115,1,0,0.524,0.18865620496005484,0.27320449482221865,0.7717696852201528,0.8614921732688522,0.07588654439635092,0.060818492609325314,0.015104540856555104,44.259492263826196,0.3956914533173221,0.5479152948084975,0.8211589960568598,0.13137384253707654,0.01725908650295658,0.33803422198562455,-0.32077513548266795,-0.9489427833620627,0.4233601752276664,0.17923383796880038,10.384897134509211,3.2225606486937077,6.128026692151052,3.542094866600192,2.055770151746484,0.050814128150094624,0.0,5.171179187821339,3.407152938881522,223.38662701159916,0.8935465080463967
strong_heterogeneous,114,200,0.02,logistic,map,0.8,0.5,1.722019125376795,0.85657820360968,0.41109537496231496,-370.46124660917803,-356.58099793018124,-0.0,-1.7550916147105435,-370.46124660917803,-358.33608954489176,1,0,0.54,0.29843476250861334,0.37453059308774966,0.6894416362548668,0.7660484537506945,0.09285946520718295,0.07421527452342587,0.01544291595928371,59.910709500690146,0.30580805882559037,0.503523689931324,0.7423392083839238,0.13009844581534954,0.01692560560356944,0.5576278467540239,-0.5407022411504544,-0.9696471298876228,0.5220398292853974,0.27252558336032684,16.101378570634655,4.012652311206972,5.990632844013199,3.8874976839408495,1.8837045588276256,0.04232929175183362,0.0,4.0853223345534015,2.8973875601564005,236.8926235646684,0.9475704942586737
strong_heterogeneous,115,200,0.02,logistic,map,0.8,0.5,1.9239576869670656,0.690483691129159,0.3157327501103282,-387.61519843336515,-376.50385061035087,-0.0,-1.7484898203357937,-387.61519843336515,-378.2523404306867,1,0,0.52,0.20866945030217923,0.29788468410633706,0.7553060467974708,0.8493485419810965,0.05366857040929142,0.04284084025276772,0.09351995820179582,60.58710378868211,0.34213907376853353,0.5007652364083255,0.869806921543047,0.13158296941350514,0.01731407783967543,0.6836007160410152,-0.6662866382013398,-0.9746722356583422,0.5735977474100155,0.32901437583384385,19.002708598196502,4.35920962998988,9.390912728474818,4.39352129218271,2.223924827270101,0.03552569930319056,0.0,5.086450995042012,3.261332001920583,225.5681340166753,0.9022725360667011
strong_heterogeneous,116,200,0.02,logistic,map,0.8,0.5,1.9087179038415427,0.8816808543567494,1.9677308339159936,-390.277455061709,-379.8121151405292,-0.0,-2.155804157190949,-390.277455061709,-381.9679192977202,1,0,0.484,0.16875223588636046,0.2709964899296384,0.7124322230810455,0.7967481728073902,0.09463106964412432,0.07620165188693635,0.012604041025042534,61.361545196664906,0.30423675304312503,0.5042844464862738,0.7856546497225575,0.1299298658755566,0.016881770046440127,0.5202163561481613,-0.5033345861017212,-0.9675485596580665,0.5150401302785806,0.2652663357973773,15.713182626445871,3.9639856995763583,7.575145171420527,4.385098297103118,2.2046993282269804,0.023673823146050283,0.0,4.893375426374616,3.0897623461170123,228.00554105845856,0.9120221642338342
strong_heterogeneous,117,200,0.02,logistic,map,0.8,0.5,1.389318494365172,0.7741510725318856,0.3890647499356419,-391.61893796902064,-384.31325735122846,-0.0,-0.9915286870089247,-391.61893796902064,-385.3047860382374,1,0,0.552,0.26510261396788115,0.3609053769508831,0.758567688433206,0.8132927021239115,0.07962079430511944,0.06414531655092919,0.10642016609199345,53.68785052174239,0.3203859823224791,0.5218867504061258,0.7617603678194443,0.129798207124568,0.016847574572752252,0.3944536875036042,-0.37760611293085194,-0.9572888399665466,0.4488671933820375,0.20148175729466747,11.95909573954496,3.4581925538559823,10.511815420074761,3.9777731003618033,2.1727013811589013,0.062492649201109585,0.0,5.05297835397912,3.118706740760803,229.12829140375305,0.9165131656150122
strong_heterogeneous,118,200,0.02,logistic,map,0.8,0.5,1.4914732013537508,0.5652155698663507,0.27931312494911253,-388.87359744658414,-384.52163701703876,-0.0,-0.8060896034733205,-388.87359744658414,-385.32772662051207,1,0,0.56,0.2936667218290561,0.3598838925208359,0.7311248218198831,0.7990656183419629,0.08836425419724062,0.0702403431269092,0.015143792144954205,52.592686867275035,0.36955720472910253,0.5254068032265563,0.7628503053197035,0.13071109540563144,0.01708539046214009,0.6632631008939558,-0.6461777104318157,-0.9742404025806469,0.5764709538980975,0.33231876068818256,19.450463331498064,4.41026794327715,7.080199210235421,4.097072877637717,2.094407528862933,0.007267759020733909,0.0,4.451918394012539,3.0898494377696863,231.89230912015185,0.9275692364806074
strong_heterogeneous,119,200,0.02,logistic,map,0.8,0.5,1.4916421388145076,0.705246459784473,0.29569791606627405,-384.2420681198995,-378.28215213428825,-0.0,-1.012899149119963,-384.2420681198995,-379.2950512834082,1,0,0.484,0.16350149388262672,0.23526841005773758,0.7456605739435699,0.8343735600279106,0.04647192856466349,0.0361143971589019,0.010082458145916462,54.922221636997456,0.34183829697559687,0.5245230256528475,0.8156310430940945,0.13297710484899103,0.017682910414019554,0.5821810410669543,-0.5644981306529347,-0.9696264406315733,0.5380552076252634,0.28950340645266526,16.371931976940747,4.046224410106383,7.274378292945541,4.426707835872318,2.1573396902372197,0.004638537196043082,0.0,5.297002031019691,3.55310695798225,221.29926510835693,0.8851970604334277
strong_heterogeneous,120,200,0.02,logistic,map,0.8,0.5,1.0733180848889399,0.7292013464804092,0.45472941594198346,-407.40083976303083,-404.55843596254704,-0.0,-0.4575262115550224,-407.40083976303083,-405.01596217410207,1,0,0.452,0.1906386920162099,0.23206718746967273,0.7011402818055495,0.7944680749742632,0.06776992211160783,0.054605959943095216,0.012818166986107826,44.41838159271468,0.3447224792753064,0.5513097116264041,0.806928918142391,0.13249707330394028,0.017555474434109722,0.29850267493972626,-0.28094720050561656,-0.9411882173663787,0.39470689284050336,0.15579353125580458,8.874356078529143,2.9789857466139615,8.161885842539759,4.102428440617045,2.232761510502911,0.05391870487897738,0.0,4.865424190790699,3.3953701058650725,225.56241390328734,0.9022496556131493
strong_heterogeneous,121,200,0.02,logistic,map,0.8,0.5,1.466680426887464,0.7846228986740322,0.3009924578946084,-376.5755177625377,-368.902158244726,-0.0,-1.140895896284983,-376.5755177625377,-370.043054141011,1,0,0.504,0.1097408535054632,0.22128048949904594,0.7702001079139482,0.8950506496286406,0.09868680074786325,0.08091935169425007,0.09681912488304079,55.73331413406985,0.3633132534808919,0.5205719174774484,0.7356901676079497,0.13448106145149163,0.018085155889119867,0.4872400075095176,-0.4691548516203978,-0.9628824488745076,0.4958205514370634,0.2458380192273536,13.59335914683772,3.6869172959042245,8.56434029990626,4.209342867196555,2.1042279244179194,0.029034328191487973,0.0,9.528405811579933,3.429777702717107,208.4253053525598,0.8337012214102392
strong_heterogeneous,122,200,0.02,logistic,map,0.8,0.5,1.3359671873269423,0.7401507463866471,0.37927291612140834,-400.60459477329965,-396.13147613785793,-0.0,-0.8336392649410258,-400.60459477329965,-396.965115402799,1,0,0.476,0.14116598936750538,0.1996013899215531,0.7632959991182533,0.8422732187884314,0.061229910685759406,0.04845226788758893,0.010087624890729785,53.28295974184027,0.34415199830106497,0.5249780864116044,0.8053011509544594,0.1351804081166271,0.01827374273857786,0.4319805039174092,-0.4137067611788314,-0.9576977604941365,0.46725373692153477,0.21832605466713884,11.947528089373217,3.4565196497883846,8.527252090394025,4.296725814358896,2.255762062092679,0.02465953639442256,0.0,7.0838592530715285,3.7185889715700413,212.86838136428761,0.8514735254571505
strong_heterogeneous,123,200,0.02,logistic,map,0.8,0.5,1.6082456484636483,0.8505129905554367,0.4097014998551458,-386.2980138841623,-375.7547730397023,-0.0,-1.5396247994118495,-386.2980138841623,-377.29439783911414,1,0,0.448,0.2694947186581924,0.3190315007743275,0.5910307479465299,0.6364834253624175,0.1009162413074885,0.08309140777399093,0.0074491670820862055,56.5439446258848,0.35847919913195625,0.5157864007704549,0.8499518393786617,0.12899656070452484,0.01664011267359616,0.46408717057385124,-0.4474470579002551,-0.9641444243049848,0.4838884194093525,0.23414800243848144,14.071299097031822,3.7511730294711576,6.100675894077389,3.9026873776962323,1.996695989098907,0.051319954840027916,0.0,3.6230031068147857,2.6904433038830002,240.23392442318277,0.9609356976927311
strong_heterogeneous,124,200,0.02,logistic,map,0.8,0.5,1.5172662891494537,0.8894824043785774,0.38145804195664823,-384.4649685101235,-377.12126383236074,-0.0,-1.4829625352000821,-384.4649685101235,-378.60422636756084,1,0,0.528,0.24103056293841954,0.31375209120213604,0.7097970122779668,0.7656809619268883,0.05858795683307442,0.04746807395889681,0.019808457931503654,55.54976686990453,0.3574877378774339,0.5233891739055769,0.8590656715051332,0.12994757247907093,0.016886371593203393,0.3971682346649855,-0.38028186307178213,-0.95748307613914,0.4557900261929622,0.20774454797698116,12.302497717188482,3.5074916560397518,6.702253903109414,3.7647012096511436,1.9911053454835494,0.043817779976168064,0.0,4.263430679430921,2.9824547676687456,233.65486115871408,0.9346194446348564
strong_heterogeneous,125,200,0.02,logistic,map,0.8,0.5,1.4684295346903247,0.5682986406903041,0.49181754095479846,-382.61108635026085,-376.0996457584497,-0.0,-0.7705045032083514,-382.61108635026085,-376.87015026165807,1,0,0.492,0.13400128618941207,0.22968841131343787,0.7356442138208136,0.8282726460184452,0.06893899193526519,0.05326248134429548,0.015828875126317143,53.38315608125703,0.37409993507776623,0.5252899179194632,0.7982715291509493,0.13291091866388277,0.017665312300077264,0.651285402683317,-0.6336200903832397,-0.9728762348621731,0.5695620790312259,0.3244009618703724,18.363726401200022,4.2852918688462776,8.65700844214508,3.7883642313436083,2.1388906952412094,0.05543504470870875,0.0,5.3518281501445335,3.2542871026159497,220.68684654813777,0.8827473861925511
strong_heterogeneous,126,200,0.02,logistic,map,0.8,0.5,1.1197876946061127,0.7046416976705691,0.44927362515591085,-394.74073358496804,-393.01690723035,-0.0,-0.46158167368579683,-394.74073358496804,-393.47848890403577,1,0,0.488,0.22413906034808748,0.2874056287513754,0.7140962124432424,0.7502672280571853,0.08944429219260784,0.07462678459636268,0.015661332989111543,47.516860498509395,0.360102631605377,0.5446567936971503,0.7918246148515825,0.12996332045971318,0.016890464664914104,0.3377584780274061,-0.320868013362492,-0.9499924775728543,0.4195718534846888,0.17604054023657717,10.422480596537953,3.228386686340091,6.991104330093336,4.0924146565773984,2.132558904541421,0.039530267548076765,0.0,4.004280224098845,3.1011328772889035,233.05451708242273,0.9322180683296909
strong_heterogeneous,127,200,0.02,logistic,map,0.8,0.5,1.0830105815572024,0.8731781461922289,0.3669056249782443,-384.55283931768804,-381.4416186089728,-0.0,-0.8051653763269808,-384.55283931768804,-382.24678398529977,1,0,0.456,0.17302931833177393,0.27250753085988966,0.6658368181830275,0.7736092327996509,0.11549813170830575,0.08945766011390237,0.07440249994397163,46.812701271621755,0.34882375601117777,0.5387751369872962,0.8379134957956549,0.12978838785203722,0.01684502562123084,0.20324563586709482,-0.186400610245864,-0.9171198655785848,0.32807805336352974,0.10763520909880309,6.3897325845051665,2.527792037432108,7.301842901515689,4.295126620847933,2.1531003922098395,0.05716517430774266,0.0,4.163919345129558,3.1494214953208495,231.30280333962008,0.9252112133584803
strong_heterogeneous,128,200,0.02,logistic,map,0.8,0.5,1.937595621020656,0.7547038890004886,0.37424224987626076,-378.64431654913506,-367.57800678187397,-0.0,-1.9040262292176608,-378.64431654913506,-369.48203301109163,1,0,0.472,0.22169957810905752,0.28846546388671546,0.6633918304175177,0.7341858479202326,0.07200886749246865,0.058417364242542645,0.0346237919293344,59.56044096089019,0.3236689628215954,0.5077000175323748,0.7232654804590997,0.12896691957264983,0.01663246634405833,0.5801506441540958,-0.5635181778100374,-0.9713307801832923,0.5351170614933444,0.28635026950127174,17.21634444211971,4.149258300241105,6.57373241571496,3.797363442326703,2.025734709801112,0.023766233387145,0.0,4.475669003444781,2.9961534211567766,234.53981614904868,0.9381592645961947
strong_heterogeneous,129,200,0.02,logistic,map,0.8,0.5,1.4381992270563866,0.9114403025706926,0.2855299999937415,-390.9288356880276,-383.55081850544053,-0.0,-1.4090509724854168,-390.9288356880276,-384.95986947792596,1,0,0.452,0.12898274916987468,0.20343216966631364,0.7255296792856213,0.8467382431447784,0.09091296951147755,0.07323032247693757,0.014300124952569604,53.03023898270426,0.3612252049161797,0.5276322695242693,0.8093376331596445,0.136209789801597,0.01855310683779524,0.4134143162755617,-0.3948612094377664,-0.9551222439393495,0.45893015854366237,0.21061689042091108,11.35210896278867,3.36928908863408,7.0038839590434305,3.861858262701545,2.0862752248797283,0.026842974746902157,0.0,6.77260554386127,3.5325127214312606,216.82937143599437,0.8673174857439775
strong_heterogeneous,130,200,0.02,logistic,map,0.8,0.5,1.1644124125833697,0.7477649398585929,0.2953080418519676,-407.6159104152068,-404.90165395940005,-0.0,-0.6057717080931806,-407.6159104152068,-405.50742566749324,1,0,0.536,0.19849074866807012,0.29067471736224476,0.7662151280711578,0.8241497441723487,0.06067506948343677,0.048599368237259584,0.013862041058018804,47.241458224654764,0.3514624501800959,0.5400692493350401,0.8254104515871603,0.1318519210458211,0.017384929083473444,0.3655680158663316,-0.34818308678285814,-0.9524440642262583,0.4375326350123375,0.19143480670083934,11.011537969563658,3.318363748832195,6.282321207125295,4.06152037016658,2.1210676786404825,0.052235101570601926,0.0,4.50482291884849,3.3340561387000283,227.79406288627266,0.9111762515450906
strong_heterogeneous,131,200,0.02,logistic,map,0.8,0.5,1.594180332565583,0.6848600549915179,0.32759879203513265,-400.70517883580635,-394.4091846688881,-0.0,-1.1487838824959926,-400.70517883580635,-395.5579685513841,1,0,0.512,0.17477381211903978,0.2799178413761024,0.7413825005998832,0.798618002616913,0.06578914937821344,0.05134764414405891,0.013705624965950847,56.61451347162801,0.33189934982310604,0.5215329977454075,0.8257799886974437,0.13153533787330915,0.017301545109445593,0.6957795507284226,-0.678478005618977,-0.975133582050044,0.5777094079921834,0.33374816008267905,19.290078312166052,4.392047166432307,8.71520599553496,3.8595909833193915,2.1851251581055666,-0.0037629936362638004,0.0,4.965687166652288,3.319870991503959,227.8627888819885,0.9114511555279541
strong_heterogeneous,132,200,0.02,logistic,map,0.8,0.5,1.3469558725241904,0.7749878129797539,0.3323206249624491,-389.3272446900721,-383.0680270786311,-0.0,-0.9269697974572134,-389.3272446900721,-383.9949968760883,1,0,0.508,0.19539889818048828,0.2929720802379512,0.7168371621426812,0.8423778969845579,0.08698790729003127,0.06887251382397899,0.008232499938458204,53.60314180803673,0.3475576854091739,0.5276320934763781,0.7830441158029025,0.13236180136302522,0.017519646460064944,0.6321189374895422,-0.6145992910294772,-0.9722842562989108,0.5529365132314218,0.30573878766452234,17.451196196306633,4.177462889877854,8.155935530145634,3.355627901019129,1.9660087273262417,0.039530890592702116,0.0,4.70648760342436,3.216998655657475,228.63853200489766,0.9145541280195906
strong_heterogeneous,133,200,0.02,logistic,map,0.8,0.5,1.5730430851976978,0.896874977130216,0.4066308750770986,-380.81090001248486,-372.0082245152394,-0.0,-1.5972052517053044,-380.81090001248486,-373.6054297669447,1,0,0.488,0.16387474921716833,0.2406384494874515,0.7557538204803718,0.8116284689898121,0.06619713663471767,0.05105204639053243,0.011443499941378832,56.18513426802552,0.3259762702112402,0.5162192812477053,0.8642637745006899,0.13339221847866425,0.017793483950659696,0.3842138620417702,-0.3664203780911105,-0.9536885945340378,0.44654540102191415,0.19940279517382212,11.206506591219267,3.347612072988635,10.426877246674458,3.782253651241423,2.1013905635610075,0.023943617998081593,0.0,5.512048938726028,3.5386206294566094,220.53364575496255,0.8821345830198501
strong_heterogeneous,134,200,0.02,logistic,map,0.8,0.5,1.6796427606870437,0.925876479353016,0.472883207956329,-393.08815800160573,-388.53021409201597,-0.0,-1.859550096862041,-393.08815800160573,-390.389764188878,1,0,0.48,0.23345990860949503,0.3179585988133122,0.6545695875949145,0.7386222576505996,0.08107911674218264,0.06624699351997276,0.09817812498658895,61.12472894904605,0.3304591873839346,0.5064022863830119,0.7281604410465593,0.12866882512073582,0.0165556665579505,0.41468546596615297,-0.3981297994082025,-0.9600765690705404,0.4590546830690976,0.21073120204766962,12.728644981465306,3.5677226603907015,6.316125496082994,4.312682860547258,2.143832846980354,0.021357910387368676,0.0,3.5639904243129785,2.758250832322883,239.64717344116278,0.9585886937646511
strong_heterogeneous,135,200,0.02,logistic,map,0.8,0.5,1.3851725776824237,0.6393650568325804,0.4129196668509394,-399.2315150966566,-396.4527857249748,-0.0,-0.7236340046019238,-399.2315150966566,-397.1764197295767,1,0,0.43200000000000005,0.08466886419350778,0.18345391244705772,0.7160126865070109,0.8229638089685308,0.14440057075514098,0.11646208980105822,0.015058084158226848,52.62182801928617,0.3239158248574555,0.5290255670149198,0.7445924625578054,0.13783677396537597,0.018998976257182144,0.5471504177193994,-0.5281514414622173,-0.9652765023256811,0.5263869117009509,0.27708318081006467,14.584111115214403,3.818914913324779,6.590310374087343,4.445312945199853,2.128433982453956,0.006559573058402016,0.0,5.495985715280366,3.4902098202885155,213.62079820062468,0.8544831928024987
strong_heterogeneous,136,200,0.02,logistic,map,0.8,0.5,1.7446116609246387,0.623741201209583,1.6395379579626024,-399.172661216362,-392.94525777772185,-0.0,-1.3135825815539353,-399.172661216362,-394.2588403592758,1,0,0.496,0.18228526744741014,0.2614600432488723,0.7163717412761724,0.7923882381991769,0.04199175337763522,0.03323995926550239,0.016789749963209033,58.92372251760672,0.32249080283808346,0.506448437899285,0.7554686837325948,0.13089599958927373,0.017133762708475147,0.795432153927994,-0.7782983912195189,-0.9784598062526573,0.612675898748607,0.37537175690741326,21.90830836718295,4.6806311932455165,7.181281241535209,4.302502319543171,2.216927631610093,0.03983232486912426,0.0,5.485906864571505,3.2128217393381324,226.5570772877,0.9062283091508
strong_heterogeneous,137,200,0.02,logistic,map,0.8,0.5,1.702423802411014,0.6734344465115621,0.370666875038296,-382.0750088464854,-376.5658623331364,-0.0,-1.3179925737306655,-382.0750088464854,-377.8838549068671,1,0,0.484,0.19245523367484169,0.25291671528469356,0.7109480164947798,0.8321661760182704,0.08122630051103168,0.06609716629983022,0.01206154190003872,57.006574835533826,0.34970465335585715,0.5100612291927469,0.7985568570011534,0.1331898887708748,0.017739546470798,0.7657237859044248,-0.7479842394336268,-0.9768329692803716,0.6124552301749618,0.3751014089686655,21.14492665221964,4.598361300748305,7.770111999169334,4.191037834887848,2.0334398507404257,0.0020334818846666565,0.0,4.898017298766922,3.3331595513028835,225.86421319399125,0.903456852775965
strong_heterogeneous,138,200,0.02,logistic,map,0.8,0.5,1.2826111156492472,0.7146543158817354,0.36008066590875387,-408.5017154140976,-402.3169827302061,-0.0,-0.700816939110786,-408.5017154140976,-403.0177996693169,1,0,0.56,0.37814711413493807,0.42667937917954885,0.7020495300763767,0.7491210236486655,0.10299771266850526,0.07884331211393804,0.06444008299149573,51.70020864474705,0.3850898784229328,0.5288378830259797,0.7231869319466019,0.13000653483252128,0.016901699099159572,0.4653191089029769,-0.44841740980381734,-0.9636771867396409,0.48390252946544365,0.23416165802305458,13.85432651766343,3.7221400454125084,8.553457411416343,4.279989482002742,2.237968471807589,0.0471463776384461,0.0,3.9859856515022836,2.9058589108235404,237.0545935168692,0.9482183740674768
strong_heterogeneous,139,200,0.02,logistic,map,0.8,0.5,1.1137759895519688,0.7562596685534679,0.3129788748919964,-400.13453094903525,-398.0436032797209,-0.0,-0.5614113798746229,-400.13453094903525,-398.60501465959555,1,0,0.44,0.15503436617656066,0.20610727356160244,0.6934388851866157,0.753708310419436,0.09748968786135434,0.07581542106689264,0.01561508304439485,45.96885954671251,0.3917849726699765,0.5441753667599989,0.8314661235766526,0.13381476086518646,0.017906390225407038,0.30292354889796524,-0.2850171586725582,-0.9408880878011947,0.399098504274716,0.15927961611431551,8.895127052928663,2.9824699584285277,7.013459080361949,4.195661065424527,2.0720252311892855,0.08024143596454712,0.0,6.378076201572192,3.4282941333384724,215.1007015288018,0.8604028061152073
strong_heterogeneous,140,200,0.02,logistic,map,0.8,0.5,1.4521716018366642,0.9443139234360624,0.1991700418293476,-391.8554931378205,-385.1193926705321,-0.0,-1.519529435175828,-391.8554931378205,-386.63892210570793,1,0,0.524,0.22425011008145543,0.32392353381752215,0.725430889255716,0.8168850718806183,0.07320042495328702,0.05920881244192301,0.08893825020641088,54.52215022322422,0.32800842806633307,0.5211653468889744,0.8483700997741488,0.13088344064946636,0.017130475036242383,0.4016814894688425,-0.38455101443260015,-0.9573530882418938,0.44867473638036504,0.20130901906599005,11.751514108049378,3.4280481484438603,6.303066125775976,4.004048783442261,2.031853711284384,0.04949710013824416,0.0,5.461051211226485,3.0149686143584096,229.8022021653627,0.9192088086614508
strong_heterogeneous,141,200,0.02,logistic,map,0.8,0.5,1.8247231540152689,0.7437965446103592,0.5596965420991182,-411.0472449193054,-400.7903848511786,-0.0,-1.675308644556904,-411.0472449193054,-402.4656934957355,1,0,0.484,0.2928929210112535,0.3503285012826373,0.635420939266333,0.7200391787051905,0.0930438007487663,0.07533271130401306,0.011214124970138073,59.39864161144908,0.32798847348571464,0.503494644074006,0.8044145216345415,0.12780018488534994,0.016332887256729628,0.6681623197786726,-0.6518294325219429,-0.9755555098315932,0.5709335011664827,0.3259650627542181,19.95758971641165,4.467391824813629,6.515046700355913,4.13828622669726,2.2527897160358425,0.0392367219524187,0.0,3.2921409910631767,2.710267898712094,241.61196916525327,0.9664478766610131
strong_heterogeneous,142,200,0.02,logistic,map,0.8,0.5,1.4877759809043358,0.8965843591727839,8.351143207866699,-393.1010451965297,-384.8448942824171,-0.0,-1.4519319576590912,-393.1010451965297,-386.2968262400762,1,0,0.5,0.19723155174831344,0.2818101580823123,0.7329716434702882,0.7701653180604228,0.07534763977455756,0.062436074969354265,4.579173292033374,55.12313766069339,0.34392794275721433,0.5228576774215399,0.7364069305184944,0.13290206964595672,0.01766296011617873,0.489169787078646,-0.47150682696246726,-0.9638919643388789,0.49238889060923685,0.242446819595395,13.726284722418702,3.704900096145469,8.666513045181555,4.332641110134587,2.123733940615239,-0.013088142363174,0.0,4.131091141538585,3.117136979806668,231.01270216141685,0.9240508086456675
strong_heterogeneous,143,200,0.02,logistic,map,0.8,0.5,1.7225612178142757,0.9304546391865098,11.408666582778096,-400.3936540217352,-391.7319806843931,-0.0,-1.9478864772534372,-400.3936540217352,-393.67986716164654,1,0,0.524,0.19223953094123944,0.2559942482523093,0.7491927291250485,0.8821889443384433,0.08764497794811821,0.07111996775763045,2.7840400421991944,57.963073889411476,0.33069475406036264,0.5103291089314426,0.7847732289051239,0.131183502169376,0.017209111241422673,0.5561584683983922,-0.5389493571569696,-0.9690571802475993,0.5283120537074286,0.27911362609256096,16.21894484711848,4.0272751144065735,6.541621587125518,4.012204953745475,2.0638863824539047,0.031375778831193975,0.0,5.112600358072798,3.2620108136161834,224.02220356704473,0.8960888142681789
strong_heterogeneous,144,200,0.02,logistic,map,0.8,0.5,0.8154225064976647,0.5724948929656131,12.913157750153914,-399.9731506586579,-399.88800088949256,-0.0,-0.037393212425384556,-399.9731506586579,-399.92539410191796,1,0,0.512,0.16452436774860676,0.21165726017801814,0.7987926226123766,0.8825359192314742,0.07027322806564151,0.056668560139528285,3.261041499907151,34.68566505322909,0.3909398881194931,0.5905856579182327,0.8609438710507625,0.13937640360820738,0.019425781882757925,0.2756956585613496,-0.2562698766785917,-0.9295390359640533,0.3747563722065693,0.14044233850942872,7.229687811643944,2.688807879273628,12.008339523256598,3.760262275558601,2.2482913597035856,0.07741541876808147,0.0,5.846611202101096,3.509635354265137,217.3317932447685,0.869327172979074
strong_heterogeneous,145,200,0.02,logistic,map,0.8,0.5,1.8343557965082369,0.6103810204758578,11.966159084113315,-388.2246277719925,-381.62949604013943,-0.0,-1.456839363774403,-388.2246277719925,-383.08633540391384,1,0,0.536,0.0822452436124402,0.21453348852673632,0.834206781870541,0.89265471346082,0.08204504689250716,0.06659349448250765,2.6049089590087533,59.3266322277556,0.32762076027959486,0.5069641079070863,0.7825303838522626,0.13871743765093303,0.019242527508440493,0.823970203869566,-0.8047276763611255,-0.9766465736041512,0.6351857042866738,0.40346087893015775,20.967145753237702,4.578989599599207,8.888453465048185,4.686601896553603,2.220592586145997,-0.007696911104252166,0.0,7.517912688787292,4.033890065661329,198.0252791929234,0.7921011167716936
strong_heterogeneous,146,200,0.02,logistic,map,0.8,0.5,1.299868459777294,0.5281408656612836,11.441639625001699,-393.54096582409886,-389.17365879453956,-0.0,-0.47723539195563014,-393.54096582409886,-389.6508941864952,1,0,0.464,0.15372108120623962,0.24126178130160505,0.704363146495267,0.7961610597523188,0.10232072746911687,0.08386782938447593,2.794677584199235,49.91779320743924,0.3641303312035538,0.5361389228409377,0.7447975402684479,0.13278518503707465,0.017631905365330155,0.5002242275038243,-0.4825923221384942,-0.9647519964130579,0.5021018495446703,0.2521062673161787,14.298299706842718,3.781309258291725,5.744430285004943,3.7229173771694715,2.0934192860283347,0.06394499921638648,0.0,4.255841102851816,3.377717598354457,227.40309273091813,0.9096123709236725
strong_heterogeneous,147,200,0.02,logistic,map,0.8,0.5,1.319857545321254,0.5863201115104306,5.20686575002037,-386.4228314236916,-381.7242814091308,-0.0,-0.5520617129232543,-386.4228314236916,-382.2763431220541,1,0,0.536,0.21201902670873765,0.28759495877773306,0.7518323564419214,0.8143553291266716,0.07022103423441223,0.0602666028438778,0.0181940000038594,50.827095465289744,0.3783174303624026,0.5353129506386336,0.7978058725779209,0.13232752502951886,0.01751057388043794,0.6065298243737146,-0.5890192504932766,-0.9711299046200755,0.5473743950429426,0.29961872834862735,17.110731515393024,4.136511998700478,6.468322288856422,4.066519428308582,2.0279972969014217,0.052184872917451997,0.0,4.315912512370387,3.248810119006818,227.60861565452177,0.9104344626180871
strong_heterogeneous,148,200,0.02,logistic,map,0.8,0.5,2.0265802544923344,0.9279830045299763,0.2882806670386344,-391.35737378029756,-378.87040304406366,-0.0,-2.492765944215627,-391.35737378029756,-381.3631689882793,1,0,0.524,0.2380489729916831,0.29966760143019794,0.7217187482583891,0.8261492464280854,0.07619063831456341,0.06215943297416263,0.030384209007024765,62.566799859362916,0.3067322049542327,0.49423224984157654,0.798014546782039,0.12934389517801173,0.016729843219820486,0.47652008501302023,-0.45979024179319977,-0.9648916304978764,0.4923746629215168,0.2424328086870773,14.491038887911268,3.8067097194179738,4.9609210403229955,3.9443007731496933,1.9943129284892376,0.010805898826618475,0.0,4.200816275039917,3.1771135147087928,231.53944720591358,0.9261577888236543
strong_heterogeneous,149,200,0.02,logistic,map,0.8,0.5,1.6879971616730844,0.7947362285362046,0.4919725419022143,-400.17226002956755,-392.1109606405803,-0.0,-1.5445639079096147,-400.17226002956755,-393.6555245484899,1,0,0.468,0.23510054568531855,0.286238961309679,0.6456621687570607,0.7303650955098475,0.09531644571461859,0.07575574030765782,0.007617624942213297,57.64087542879814,0.34055706935244295,0.5125969237001606,0.7701488327005124,0.1297741227113833,0.016841322925509175,0.6168845082067297,-0.6000431852812205,-0.9726993907263669,0.5471643727831219,0.29938885084314715,17.77703878533613,4.216282578923776,7.160120553358439,3.7736827861984423,2.0699221579462277,0.0464756699597967,0.0,4.09998663680208,2.9532482445447736,236.01096669619918,0.9440438667847967
strong_heterogeneous,150,200,0.02,logistic,map,0.8,0.5,1.5468526641010258,0.8662998929428003,0.45794666605070233,-413.48113839700426,-408.3480685744955,-0.0,-1.4736977111199407,-413.48113839700426,-409.82176628561547,1,0,0.536,0.25261565709937117,0.29573717783530923,0.7649366840972361,0.7996727913233298,0.08714885352343373,0.07178622914880774,0.11913741705939174,56.87319332462609,0.34154297416320034,0.516211796089528,0.708271237434073,0.13316731565050738,0.017733533957561866,0.4724967878347107,-0.45476325387714883,-0.962468456052731,0.4914423274362784,0.2415155611959863,13.61914448490399,3.6904125087724258,7.756580052679671,4.263165826329508,2.219407088940125,0.03632588666309581,0.0,4.697633282152491,3.434931314547139,221.75535641499127,0.8870214256599651
strong_heterogeneous,151,200,0.02,logistic,map,0.8,0.5,1.4852873764014574,0.6853779393394779,0.31171200005337596,-380.5484480250417,-372.23330374002296,-0.0,-0.9646144309068363,-380.5484480250417,-373.1979181709298,1,0,0.46,0.20293019169659904,0.26064563414414105,0.6551001050356287,0.7156958491033207,0.07061303441006418,0.055542446099375524,0.019910667091608047,54.20750041196675,0.3312701529323456,0.5201998362219441,0.7500052997520472,0.13103643433074624,0.017170547122115975,0.6537231872423563,-0.6365526401202404,-0.9737342235104929,0.5678042353999722,0.32240164973814694,18.776434288624838,4.33317831258129,6.070149497703249,4.070152734359724,2.0088356209429277,0.036336245383271445,0.0,4.490853995968114,2.984696343835381,233.78248774444032,0.9351299509777613
strong_heterogeneous,152,200,0.02,logistic,map,0.8,0.5,2.062422918621936,0.7083451697106109,0.3050198331475258,-391.5176691017495,-382.6532294870695,-0.0,-2.0363711538269222,-391.5176691017495,-384.6896006408964,1,0,0.476,0.22508070056955792,0.3121497042204259,0.6447048915810614,0.6914152891729798,0.06344846119805962,0.05224525892864645,0.011419874848797917,62.657871071314275,0.31904161739185777,0.4940390508452097,0.7798749133335638,0.12887907489897238,0.016609815946814935,0.7540812926750754,-0.7374714767282604,-0.9779734411817959,0.6044642313562275,0.3653770069890749,21.997655371921134,4.690165814970845,7.83907239325925,3.706155000731962,2.0789324595316985,0.007821313694391648,0.0,3.4499971734117745,2.8145628466429606,238.74857207232105,0.9549942882892842
strong_heterogeneous,153,200,0.02,logistic,map,0.8,0.5,1.084506199514225,0.7607501312928296,0.40491083287633955,-396.04881311927437,-392.7699951860292,-0.0,-0.5374493334815572,-396.04881311927437,-393.30744451951074,1,0,0.5079999999999999,0.1876608321590334,0.26873358502428163,0.7742888296860193,0.8257178638622074,0.04478957640225992,0.036595160697919085,0.019586707931011915,46.774797573977445,0.34364017501691496,0.5476193673630476,0.9175404001773313,0.13121302976782437,0.017216859180851966,0.2949292432452648,-0.27771238406441284,-0.9416237637495501,0.3945601717500852,0.15567772913145672,9.042167766847768,3.0070197483301917,6.906870655926546,4.237390917663889,2.1565070688259094,0.04437728804346074,0.0,5.280052928467632,3.484782619856878,221.75675969786923,0.8870270387914769
strong_heterogeneous,154,200,0.02,logistic,map,0.8,0.5,1.7560786457049098,0.9024372527187969,0.44405883294530213,-374.2324300452567,-361.00432671878934,-0.0,-1.9336646555450292,-374.2324300452567,-362.9379913743344,1,0,0.5,0.08264578259015969,0.16573799587127178,0.8408293660611438,0.9182938728750004,0.11343553442214763,0.09555507147933072,0.029487624997273088,59.41981185259304,0.32512342253765064,0.504244557824884,0.851286214915186,0.13763449702588498,0.018943254771568344,0.4246435319871649,-0.4057002772155966,-0.9553902194555481,0.4637980070474592,0.21510859134119503,11.355418798677004,3.3697802300264335,13.51559344668939,4.39023592126615,2.213603630008433,0.06053879529370177,0.0,12.099830973335912,3.8388088918905985,193.12681816229454,0.7725072726491782
strong_heterogeneous,155,200,0.02,logistic,map,0.8,0.5,1.1420494490258006,0.7235350987472072,0.4560785840731114,-382.99163467821114,-380.43068054862255,-0.0,-0.5265474205390719,-382.99163467821114,-380.95722796916164,1,0,0.512,0.17286371861089816,0.25257995767176467,0.7655420962983451,0.8818961269040461,0.07303076390795826,0.06237824965836153,0.09861554205417633,48.4771925465081,0.34861043500307726,0.5384907929626689,0.7893899603296715,0.13078796642717255,0.017105492162155213,0.30840328194552646,-0.29129778978337123,-0.9445353108622995,0.40155482747964977,0.1612462794722113,9.42657936665267,3.0702735003013446,6.0283466562534125,4.012093692313535,2.0617998118852667,0.05015424459170552,0.0,6.399008327939951,3.5859595001261853,217.43311644939433,0.8697324657975773
strong_heterogeneous,156,200,0.02,logistic,map,0.8,0.5,1.7850783874348732,0.8552625763936582,2.4296290420461446,-391.0357069534718,-380.13379048597244,-0.0,-1.8646618014320926,-391.0357069534718,-381.9984522874045,1,0,0.5,0.19146991608460162,0.2514739693226282,0.7627769979313965,0.8241803208720133,0.06676037761027948,0.053547299175158374,0.8530842498876154,59.757702506573494,0.34580875063049626,0.5111517121898339,0.7272190491597086,0.13173244388238112,0.01735343677122469,0.5116430945812015,-0.4942896578099768,-0.9660829258617687,0.5070242695804815,0.25707360994362083,14.813988337451283,3.848894430541228,6.789033796394216,3.8597558326729065,2.102775688651182,0.0043046180729498645,0.0,4.64724839573434,3.4282860113867586,224.36257712702732,0.8974503085081093
strong_heterogeneous,157,200,0.02,logistic,map,0.8,0.5,1.4074246784121367,0.7357654740945189,0.20271254191175103,-383.1208617867461,-376.44586400444075,-0.0,-0.9366960916088594,-383.1208617867461,-377.3825600960496,1,0,0.468,0.19110300353465404,0.2707377323683224,0.6799852792705249,0.7817436195067332,0.07256892474720958,0.05529656782681628,0.014447916066274047,52.93042756579006,0.3641748704732453,0.5304826126557924,0.7359872156097796,0.13064413617126033,0.017067890315934815,0.584012857264496,-0.5669449669485612,-0.97077480383586,0.5390248998966302,0.29054784270857215,17.023067135445128,4.125901978409706,7.426340603806786,3.4371014027055327,1.9599800354774837,0.032459792045647244,0.0,4.602251596897918,2.9262222908621864,230.97987892342115,0.9239195156936846
strong_heterogeneous,158,200,0.02,logistic,map,0.8,0.5,1.6579604804576407,0.8995535323535269,2.550919041968882,-392.3477502797332,-383.08758766289935,-0.0,-1.751920175699258,-392.3477502797332,-384.8395078385986,1,0,0.5079999999999999,0.2561050266060482,0.30166481961390973,0.703653091521268,0.7926004510859139,0.05574256339686224,0.04544313358663315,0.10282645793631673,57.43673550200184,0.35355131560753306,0.5119913237469081,0.8089588347264453,0.13033118711673908,0.016986218335258457,0.501231877737489,-0.4842456594022305,-0.9661110573973615,0.5015621688112272,0.2515646091826219,14.80992438796379,3.8483664570780927,9.493385234488839,3.842675608198526,2.093097672270391,0.015790891428580863,0.0,4.821611258249378,2.982648768133575,233.54772118744134,0.9341908847497653
strong_heterogeneous,159,200,0.02,logistic,map,0.8,0.5,1.9469681515435449,0.7308004526387668,0.39096958306618035,-383.7912831422764,-371.0658809071632,-0.0,-1.870214517171572,-383.7912831422764,-372.9360954243348,1,0,0.48,0.19042975873262696,0.26438028448779693,0.6941240545314884,0.7459205315123004,0.07836463685271074,0.06165189143169569,0.012703750049695373,60.1696434778275,0.33530186110265425,0.5081736185497221,0.7549423036364543,0.13076689934430136,0.017099981964122643,0.6964557703769629,-0.6793557884128403,-0.9754471386533747,0.5837429064490336,0.3407557808295652,19.927259662875823,4.463995929979756,7.721622803706554,3.8813069646393132,2.0528153174595394,0.025990458221205104,0.0,4.595392499362446,2.981710168506841,230.49193537923708,0.9219677415169483
strong_heterogeneous,160,200,0.02,logistic,map,0.8,0.5,1.9100987876471478,0.8824530599992179,0.7103137921076268,-385.73203238161227,-377.3157300085567,-0.0,-2.1603085416837207,-385.73203238161227,-379.47603855024045,1,0,0.484,0.1974189600087553,0.2328175525285886,0.7415690242423301,0.8260989190242649,0.09099078725116957,0.07059036896412851,0.2043610829859972,62.574351328725754,0.327218474705021,0.495668066748358,0.7443382820789185,0.1324160633138359,0.0175340138235338,0.6749129023727471,-0.6573788885492133,-0.9740203309762036,0.5705696640597349,0.32554974154523875,18.566755154960152,4.308915774874249,6.467810479596014,3.8339594263595482,2.0105710605984455,0.0002628697671063804,0.0,4.997224744426095,3.2656810704060137,224.7516760197254,0.8990067040789016
strong_heterogeneous,161,200,0.02,logistic,map,0.8,0.5,1.756851762501184,0.65007051358629,3.0621411660686135,-377.51146994317634,-366.6431240596105,-0.0,-1.3754737773652002,-377.51146994317634,-368.0185978369757,1,0,0.516,0.19452452422344993,0.2597342405843179,0.7587518293106644,0.8506962378177082,0.057014927337013535,0.045540408760591504,0.0677008330821991,59.70305183038039,0.3278058046061047,0.5048771844748184,0.8087243806595755,0.13401014356863009,0.017958718579284848,0.8053122165905249,-0.78735349801124,-0.9776996819254559,0.6205126429197655,0.38503594002327235,21.44005644519684,4.630340856264994,7.470024040834463,3.767188087533285,2.0409887195118466,0.028789755652685645,0.0,6.69775486821996,3.388183565341251,221.45827132448534,0.8858330852979414
strong_heterogeneous,162,200,0.02,logistic,map,0.8,0.5,1.3204135298940727,0.7422023602862394,0.20455366699025035,-381.90560734453106,-375.32533401242205,-0.0,-0.8142512601835548,-381.90560734453106,-376.1395852726056,1,0,0.54,0.23778644718563413,0.3053843001601527,0.7559176190846861,0.831078221653538,0.07642758621780392,0.06329282535796969,0.009890042012557387,51.74650028835907,0.34056760038024814,0.5305647026739199,0.8408089277857402,0.13235121112794399,0.017516843087033607,0.3817219590223635,-0.3642051159353299,-0.954110989234425,0.443178319961889,0.19640702328424248,11.212466898766007,3.348502187361688,7.087990083326047,3.6959020355143073,1.978768610391879,0.031728002568881926,0.0,5.919899789054904,3.361092139979132,224.1573678232803,0.8966294712931212
strong_heterogeneous,163,200,0.02,logistic,map,0.8,0.5,1.7542173203007752,0.7934407081351087,0.15756583400070667,-391.9781915379745,-385.9156439558511,-0.0,-1.6594367446290104,-391.9781915379745,-387.57508070048016,1,0,0.48,0.18731648927826272,0.24137336886579794,0.7139164558237652,0.7870877999619403,0.07577254465558622,0.0584802181976737,0.011156500084325671,60.067439971167005,0.3264089675844839,0.5065764969087088,0.8220903762933899,0.13147747393371667,0.017286326151991147,0.6230203357588815,-0.6057340096068904,-0.9722539937144504,0.5514075070668433,0.30405023884967086,17.589060635342026,4.193931405655322,11.030461547781584,4.051678379557187,2.1401335479957293,0.027378325086782042,0.0,4.447180617092879,3.380641666769581,226.9183379599162,0.9076733518396648
strong_heterogeneous,164,200,0.02,logistic,map,0.8,0.5,1.1204073821719802,0.6565064148267872,0.2242915420792997,-396.3370933141872,-394.0062985413947,-0.0,-0.37523797441861384,-396.3370933141872,-394.3815365158133,1,0,0.5119999999999999,0.17755274030690701,0.2591568153175404,0.7643108030248102,0.8721022517061828,0.059448880453126636,0.047639736412021606,0.01003758399747312,46.387634063674646,0.3482802289415745,0.5427955929771682,0.8126482957813604,0.13180867372695337,0.01737352646965845,0.40827083090183935,-0.3908973044321809,-0.9574460746282519,0.4571417550152703,0.20897858417844145,12.02856452565383,3.46822209866292,8.620224760997223,4.100634565358211,2.174865930493899,0.09395910708313088,0.0,7.818745938378197,3.260002983643435,218.03728547507401,0.872149141900296
strong_heterogeneous,165,200,0.02,logistic,map,0.8,0.5,1.7312739114224933,0.8321451661906493,2.3974630830343813,-384.9213324091012,-375.54727041899,-0.0,-1.7109455408595378,-384.9213324091012,-377.25821595984957,1,0,0.508,0.11693634246004853,0.24052936991503843,0.7737219892563812,0.8648366453813857,0.0945694788428794,0.07817008638908586,0.14182449993677437,60.090944569079134,0.3242077409455538,0.507601821669728,0.7242228305716462,0.13464786947596954,0.018130048754417732,0.5688635381236292,-0.5507334893692115,-0.9681293534575641,0.5303359267348605,0.28125619518572337,15.513261933020997,3.938687844069519,8.619183423441878,3.9360348174030166,2.019341727935967,0.03570690596669007,0.0,5.326515512197116,3.8242826094898383,214.18028548761478,0.8567211419504591
strong_heterogeneous,166,200,0.02,logistic,map,0.8,0.5,1.4497171273861083,0.847370637701618,0.8580662910826504,-383.1895935460799,-374.43891106922473,-0.0,-1.2634650364034656,-383.1895935460799,-375.7023761056282,1,0,0.496,0.147458522023711,0.2666319131756882,0.7451350678687443,0.8429990898397536,0.06385551057725637,0.04822249284772379,0.336776833049953,54.4846401828035,0.33828530610414026,0.516130655758962,0.7462578164331901,0.1350089177062684,0.018227407860217957,0.5069474456799882,-0.4887200378197702,-0.9640447781805689,0.5065107860317386,0.25655317636648967,14.075132258735877,3.7516839230851895,8.248795507424946,4.434712890617687,2.11150453867828,-0.01214149178724718,0.0,6.369389826971882,3.1184220567892114,221.15082816757047,0.8846033126702819
strong_heterogeneous,167,200,0.02,logistic,map,0.8,0.5,2.1462143645643605,0.7122047941142997,6.0239702090620995,-390.64549304349794,-382.6412457464463,-0.0,-2.1980308181573855,-390.64549304349794,-384.8392765646037,1,0,0.504,0.1892472268162881,0.24492174201175657,0.7258158870634743,0.8220030596922515,0.06121925598860171,0.048968268109888094,0.17862458410672843,61.758871507300256,0.33236505189801085,0.49943657080778514,0.777934630512335,0.1315891592735566,0.01731570683832145,1.1374684304449896,-1.1201527236066682,-0.9847769780902427,0.7220283897400027,0.5213249955905412,30.107058317526786,5.486989914108353,8.712469237411206,4.623417260458778,2.2113043816643634,0.0229460566677224,0.0,4.624745123842734,3.2111081626342237,229.60864796617034,0.9184345918646813
strong_heterogeneous,168,200,0.02,logistic,map,0.8,0.5,1.9235568417465156,0.6521031999479032,1.2574740829877555,-385.6929795350833,-373.6411403617995,-0.0,-1.68046029362152,-385.6929795350833,-375.32160065542104,1,0,0.476,0.21507838843831883,0.2680207229531942,0.6853940725615476,0.7728710440429765,0.06265502679127054,0.05060528995927616,0.005384125048294663,61.362501794671,0.3376586777164051,0.4995134519416681,0.841434830374543,0.1301728256082781,0.01694496452684318,0.7959577119698034,-0.7790127474429602,-0.978711225141712,0.6138416740567103,0.3768016008087446,22.23678900075822,4.715589994980291,7.307957779383925,4.174060385111531,2.0934734639807377,0.003651894670958736,0.0,4.5150750025188175,3.090388062756889,230.91099843434435,0.9236439937373774
strong_heterogeneous,169,200,0.02,logistic,map,0.8,0.5,1.6718665511626665,0.7682555780465163,0.33163337502628565,-394.7270148452696,-387.4116016366852,-0.0,-1.4555515564613004,-394.7270148452696,-388.86715319314646,1,0,0.496,0.2213985945342212,0.3198125943662937,0.6904115712195946,0.7498438861180665,0.07981810090492361,0.0656252675369622,0.034085792023688555,57.14433532903402,0.32080106941890196,0.5182147550510117,0.8554320300276338,0.13180607085423052,0.017372840314030434,0.4623581466905191,-0.4449853063764887,-0.9624255775779399,0.48452754097554107,0.23476693796380463,13.51344591443721,3.6760639159891126,7.477691196249633,3.7198767210500616,2.1490192884786117,0.03970469077965668,0.0,3.997503736694484,3.034042573355533,234.71887003759844,0.9388754801503938
strong_heterogeneous,170,200,0.02,logistic,map,0.8,0.5,1.5688828762729166,0.9203919610558657,0.18783675017766654,-399.18383479290196,-392.48297185702177,-0.0,-1.6518917602948875,-399.18383479290196,-394.1348636173167,1,0,0.58,0.2922247331860017,0.3763421567984305,0.7650816574902466,0.8168617667327078,0.10773473236543522,0.08799959175644399,0.1561791670974344,56.90594425739499,0.3524552942659056,0.5118744571785452,0.7674772661274603,0.13212341241771486,0.017456596108901566,0.4847456988482104,-0.46728910273930885,-0.9639881361497799,0.49319738441662636,0.24324365999540154,13.934197622374121,3.7328538174396972,6.937341630184568,3.7792241262392103,2.1059184295497233,0.016911978125855442,0.0,4.727238548941239,3.2448297859113167,227.36536673564515,0.9094614669425806
strong_heterogeneous,171,200,0.02,logistic,map,0.8,0.5,1.1681951707553977,1.1894378582039289,0.1564173330552876,-388.4549856929655,-381.919004234681,-0.0,-1.7887693899297723,-388.4549856929655,-383.70777362461075,1,0,0.5040000000000001,0.2696975802441167,0.31795320940509975,0.6705747317596128,0.7363352073181727,0.12199017690623574,0.10007294491431924,0.00795345799997449,49.586370641962674,0.37137522273752294,0.5393535377896101,0.8164906217842407,0.12578547962902928,0.015821986885504936,0.17839089738995956,-0.16256891050445463,-0.9113072072790893,0.3094987033848417,0.09578944739689821,6.0541983816618,2.460528069675654,9.413006597769716,3.5912512934763763,1.9955352794629773,0.058082238704788076,0.0,3.365461039860247,2.8017139666942508,238.80789345632758,0.9552315738253103
strong_heterogeneous,172,200,0.02,logistic,map,0.8,0.5,1.4834094976805212,0.8435445125776948,0.22033966705203056,-402.05349674996376,-394.3768297684747,-0.0,-1.3096472275780493,-402.05349674996376,-395.68647699605276,1,0,0.476,0.07457670257204942,0.18051733761904745,0.767129712070706,0.8376244906203599,0.06863282581826431,0.057565505501994754,0.07455958286300302,54.73383708930017,0.3223668028768299,0.5216143165223435,0.7926709085936587,0.13491871289572652,0.018203059089439484,0.4318836630634879,-0.41368060397404843,-0.957851938736651,0.46927706201342473,0.22022096093195168,12.098019341139919,3.478220714839689,6.918031084683634,4.762254398677134,2.231386825647961,0.03592623832123966,0.0,8.507595563202518,3.3581905775948844,212.0175322192482,0.8480701288769928
strong_heterogeneous,173,200,0.02,logistic,map,0.8,0.5,2.3247064862651317,0.7806357921831266,0.474847000092268,-391.6708519612349,-379.0186029239443,-0.0,-2.6727986871662424,-391.6708519612349,-381.6914016111105,1,0,0.576,0.24918829970007955,0.316728553410768,0.7902041211804564,0.8567522468131125,0.07767242642821467,0.06747540000390749,0.33980504190549254,63.51805167638845,0.3120674545387764,0.4950211170752442,0.8884704029007097,0.13271135209791174,0.0176123029756559,0.6321355822731483,-0.6145232792974924,-0.9721384091173568,0.55678402666243,0.3100084523464296,17.601812368032157,4.195451390259713,5.979149726668626,4.077767440888155,2.0363378961681478,0.02246047973201874,0.0,5.209138550433781,3.6328061474784863,221.1798016193255,0.884719206477302
strong_heterogeneous,174,200,0.02,logistic,map,0.8,0.5,1.9167526397606642,0.9410971838233501,0.2201359160244465,-386.1411417958873,-375.3755263160283,-0.0,-2.326925337926501,-386.1411417958873,-377.7024516539548,1,0,0.452,0.18318543020569428,0.23311141127374724,0.6863754986054862,0.7962589185518959,0.07662917333231044,0.062104624842379635,0.007650915998965502,60.46056530645984,0.31056134710416505,0.5056426331035007,0.7593131969145692,0.13223573016400292,0.01748628833200699,0.5601274230629503,-0.5426411347309433,-0.9687815885957047,0.5310157294582998,0.2819777049321302,16.12564653963739,4.015675103844607,7.0531087407705355,3.9546140799103067,2.026279774412073,0.032879783671577484,0.0,5.259889252897288,3.2580865884625556,226.13973451173626,0.9045589380469451
strong_heterogeneous,175,200,0.02,logistic,map,0.8,0.5,1.4158775295751145,0.6199491444522348,0.22458425001241267,-390.2539572070321,-385.52314571219415,-0.0,-0.7443129983646984,-390.2539572070321,-386.26745871055886,1,0,0.528,0.22702989483858665,0.29655467031101673,0.7274720870473453,0.8009656474036851,0.07249079142692849,0.05945091838347642,0.009084250079467893,54.04636743388264,0.35079165880582114,0.5166556061627516,0.7363015116341314,0.13029409311997228,0.016976550701956007,0.5626998694968686,-0.5457233187949125,-0.9698301854643482,0.5355220786341218,0.2867838967046106,16.892942608863876,4.110102505882776,7.973823355363107,3.7424717562770886,2.0999389364693393,0.044957178971736525,0.0,4.685406799265121,3.3034491746964103,229.9101416377519,0.9196405665510077
strong_heterogeneous,176,200,0.02,logistic,map,0.8,0.5,1.341339864335305,0.7466163763006265,0.7047836249694228,-391.1512094462055,-384.99775964604896,-0.0,-0.8557016773164503,-391.1512094462055,-385.8534613233654,1,0,0.48000000000000004,0.17881688591393102,0.27809782925271664,0.6983354398122213,0.7835920831217398,0.08030468001893679,0.06443518613433132,0.022436667000874877,51.41659523862069,0.3559655046737361,0.5350340356756282,0.8285301588055828,0.12872156881298757,0.016569242277676696,0.3941695746560686,-0.3776003323783919,-0.9579641774935721,0.4538217543971412,0.20595418476409913,12.429909667117114,3.5256077018178176,6.453959244552533,3.61395890042268,1.9914260361793934,0.05565948455745234,0.0,4.34978354349431,3.1380756448164098,230.73244934329279,0.9229297973731712
strong_heterogeneous,177,200,0.02,logistic,map,0.8,0.5,2.1700387238638257,0.575358622527502,0.15403424995020032,-392.28728224348004,-381.6742793504732,-0.0,-2.0309793146912254,-392.28728224348004,-383.7052586651645,1,0,0.49199999999999994,0.16096289921966248,0.24759270490244845,0.7435203224536434,0.8156306601010026,0.05319331223164601,0.04218130935501555,0.015077542047947645,60.893940586168824,0.3333605093576727,0.502882589033746,0.8170717845148339,0.13209294457605206,0.01744854600677196,1.0342468899442898,-1.016798343937518,-0.9831292255491222,0.697403852526843,0.48637213351928266,27.874651178987442,5.279644986075053,7.554325545399414,4.047854852619825,2.1719555221195423,0.00888563639228944,0.0,4.768781538241039,3.3336352049974574,223.69291781662102,0.894771671266484
strong_heterogeneous,178,200,0.02,logistic,map,0.8,0.5,1.7061330866416409,0.6600776986977763,0.32071233284659684,-391.8142196058092,-383.8928291259092,-0.0,-1.3015172667771657,-391.8142196058092,-385.1943463926864,1,0,0.48,0.21320515305518173,0.25886199297193646,0.7090371116544643,0.8174174364657409,0.0589608348620273,0.046023143580880534,0.009996250038966537,58.74819890965409,0.3316882733701548,0.5135941291183359,0.8101341288660632,0.13106702863894196,0.01717856599624123,0.756879854605728,-0.7397012886094868,-0.9773034440120092,0.6047702224142855,0.3657470219190243,21.290893663595195,4.614205637332952,7.012192943856718,3.9587223030878596,2.112646113756674,0.03353404776052423,0.0,4.690318154464025,3.239067834691306,226.46506648201688,0.9058602659280676
strong_heterogeneous,179,200,0.02,logistic,map,0.8,0.5,2.1624639545274635,0.782551151867332,0.24479191610589623,-399.9689887550395,-393.9876928798366,-0.0,-2.378950813358462,-399.9689887550395,-396.36664369319504,1,0,0.492,0.13599602270453756,0.22950197714410517,0.7520670348047364,0.8448664855981947,0.08010311207738766,0.06710569452191761,0.010336209088563919,62.12846331539848,0.31756599681680575,0.49335786346843064,0.7812867218850797,0.133105476781356,0.017717067949192103,0.7408595578453342,-0.723142489896142,-0.9760857941811276,0.5997637100995942,0.35971650795243004,20.303388178224665,4.505928115075147,10.420027471087678,4.047180107571673,2.1780308296795425,-0.030768903834462166,0.0,5.877539685870226,3.6400342392451353,216.5491149405551,0.8661964597622205
strong_heterogeneous,180,200,0.02,logistic,map,0.8,0.5,1.5056413098359844,0.8966380483582067,0.5171448751352727,-398.3545518401029,-392.54129664860005,-0.0,-1.4819797896905769,-398.3545518401029,-394.0232764382906,1,0,0.488,0.18898304138250496,0.26340522083708623,0.7058940393012034,0.769735945656874,0.06382525776752081,0.04924951363020458,0.006770208012312651,56.26182790873207,0.3355777787590949,0.5200792771276894,0.7493708045727633,0.13097889128959792,0.01715546996345231,0.45331649451705314,-0.43616102455360084,-0.9621556458435754,0.4741176965668585,0.2247875901978637,13.102968946741008,3.6198023353134916,8.493721476069132,4.767165148282409,2.202499034548706,0.03146007853252378,0.0,4.790834684575934,3.3112137158604145,229.92971905670746,0.9197188762268298
strong_heterogeneous,181,200,0.02,logistic,map,0.8,0.5,1.6161317683762058,0.816174637029808,0.1859144999179989,-390.0219887654351,-379.6423253789321,-0.0,-1.4691612369422995,-390.0219887654351,-381.1114866158744,1,0,0.556,0.24936598388521114,0.3020343696024204,0.7556756334555754,0.8475479274309883,0.07258575076877799,0.06124122375993656,0.0058139588218182325,58.76221619500012,0.3256500923807787,0.5008605131580033,0.7977493695159874,0.13224774379423215,0.017489465738664868,0.5511081944996729,-0.533618728761008,-0.9682649143793938,0.5180303958709735,0.26835549104623757,15.343835829871589,3.9171208597478313,13.107752533452423,4.110354145649814,2.217338309881695,0.06626828210556283,0.0,6.299856649490667,3.2528357434526383,221.75913962051706,0.8870365584820682
strong_heterogeneous,182,200,0.02,logistic,map,0.8,0.5,1.5567548251631371,0.8357813477022596,0.5526491249911487,-397.89263972086144,-390.0458706651089,-0.0,-1.4143345302362471,-397.89263972086144,-391.46020519534517,1,0,0.5039999999999999,0.1347610246768915,0.21128638515092382,0.7703174147753413,0.8447406861563966,0.09213368577259784,0.07520668022990641,0.11289237509481609,56.42466879824017,0.3624901298408298,0.5144585297676768,0.713764840095865,0.13503833811694146,0.018235352761385402,0.46579825941170494,-0.44756290665031956,-0.9608513935101082,0.4821162485988361,0.23243607716301473,12.746453562182461,3.5702175791094946,7.125806587105047,3.733624538985428,2.0252922471155923,0.05646330794997178,0.0,6.440837430257648,3.6103165558825863,217.86210003371505,0.8714484001348602
strong_heterogeneous,183,200,0.02,logistic,map,0.8,0.5,2.1749889763037062,0.9245490059095054,0.2736068330705166,-386.78264203255054,-370.37176665696626,-0.0,-2.756375807413888,-386.78264203255054,-373.1281424643801,1,0,0.548,0.2971886721262534,0.35115227744576655,0.724261350656827,0.7687246885607608,0.07335744707040777,0.06074778334022244,1.7124824998900294,64.08199057056436,0.30384861657507434,0.4883720702833583,0.8317713592936963,0.13041071988397865,0.017006955860657542,0.5692431811755203,-0.5522362253148627,-0.970123566828614,0.5375687699903431,0.28898018246893037,16.991881723961708,4.1221210224788045,6.441541684214279,3.750229769495791,1.9585823824410982,-0.0034593273364565105,0.0,4.323851057758583,3.096271622976964,231.84546222601543,0.9273818489040617
strong_heterogeneous,184,200,0.02,logistic,map,0.8,0.5,1.5929404366610251,0.8131256997177174,2.369883749866858,-379.4590867204907,-370.2564224284474,-0.0,-1.421616607729264,-379.4590867204907,-371.6780390361767,1,0,0.464,0.23705483940436511,0.2950408976772186,0.626874086838711,0.7027490600759092,0.07739050627240465,0.06373007099500236,0.10481991688720882,56.006069230476626,0.3330169131536825,0.5201939890053039,0.7439992683735009,0.130415055079738,0.0170080865914511,0.5767879131412226,-0.5597798265497714,-0.9705124081071255,0.5366220759199936,0.28796325236468334,16.93096109408477,4.114724911107031,5.3288347550843165,3.6158328101270025,1.9043889103177671,0.048826831387597976,0.0,3.8085211564521084,2.947865173662698,237.9980337575256,0.9519921350301024
strong_heterogeneous,185,200,0.02,logistic,map,0.8,0.5,1.3610905194900746,0.8220550881065345,0.6606864160858095,-394.45103622969225,-389.40639340149556,-0.0,-1.0592495378766165,-394.45103622969225,-390.4656429393722,1,0,0.508,0.21424214564104707,0.28942887849852916,0.7478984284961022,0.8339934075674711,0.049976225168513556,0.04043506942727135,0.006298291962593794,52.39979741462126,0.36771409437288,0.5214599147523669,0.7226135861947959,0.1338670693722715,0.017920392262320547,0.43155979362587554,-0.413639401363555,-0.9584752969878005,0.46737496824421765,0.21843936094128344,12.189429658890585,3.491336371490233,7.289240021606342,3.7028844810294816,2.0151295444317037,0.05176647404266851,0.0,4.6994661101686095,2.998567780587613,230.7516287814806,0.9230065151259225
strong_heterogeneous,186,200,0.02,logistic,map,0.8,0.5,1.9661599643165266,0.7892086013211278,0.1889727080706507,-385.852680126622,-373.277490591705,-0.0,-2.0338576976470075,-385.852680126622,-375.311348289352,1,0,0.528,0.23363886763550298,0.3160524461345761,0.7379008506840721,0.8221703420095449,0.07911897039468678,0.06291799529494156,0.005607957951724529,62.62159758386135,0.3103695152050795,0.5023013086775442,0.7233739341638458,0.13155514432459225,0.017306755998264294,0.6604092046478842,-0.64310244864962,-0.9737938903993747,0.5640758371484103,0.31818155005467985,18.38481747166196,4.287752030104115,8.206533341171962,4.430687552973924,2.103990593355438,0.01407182818916668,0.0,4.034131260900646,2.9173745315007524,232.83594954089463,0.9313437981635785
strong_heterogeneous,187,200,0.02,logistic,map,0.8,0.5,1.0576483012313214,0.7837166843061251,0.7940285000950098,-398.99940387808147,-397.06034732923797,-0.0,-0.5598873885039042,-398.99940387808147,-397.6202347177419,1,0,0.552,0.18843466465029046,0.3137829526469478,0.7820458143518345,0.8566305338859689,0.09310092387164441,0.07491247743592991,0.01179741695523262,43.62189181778119,0.36750951046675906,0.5546564765486166,0.8380670650031413,0.13368638975506336,0.01787205080574271,0.28949974472744056,-0.27162769392169783,-0.9382657458901424,0.3883284176733894,0.15079895997271836,8.437697587803584,2.904771520757456,7.342026798471643,4.1041842758552205,2.0838469877013823,0.10449336365824136,0.0,6.47895610617898,3.1479201880407794,218.2022711840514,0.8728090847362056
strong_heterogeneous,188,200,0.02,logistic,map,0.8,0.5,1.90845198731253,0.7821271479133399,0.1980881248600781,-380.08028367708255,-369.90786484665904,-0.0,-1.9121878947946729,-380.08028367708255,-371.8200527414537,1,0,0.496,0.1719814249535109,0.24949728014782008,0.7524802776843662,0.8334692427218026,0.07748478403332892,0.06383647828131221,0.007844500010833144,60.63033313083292,0.3181381783249211,0.5083705666104772,0.7769532573462299,0.13291862592596335,0.017667361118046176,0.5981120959740915,-0.5804447348560453,-0.970461454906253,0.5435198952633766,0.29541387654711193,16.720882907938297,4.089117619724125,7.536173466977545,4.05550114871832,2.0176637618045197,-0.004794275571800057,0.0,4.646651221205999,3.3796074910407294,223.3791292217046,0.8935165168868184
strong_heterogeneous,189,200,0.02,logistic,map,0.8,0.5,1.4820952710438238,0.8423173505991736,0.22163462499156594,-377.51180282967675,-369.2383837737348,-0.0,-1.3044182002002342,-377.51180282967675,-370.54280197393507,1,0,0.548,0.197739655268831,0.3081028799287653,0.7598700863659898,0.8198506762557894,0.08629327054269607,0.07046031783239093,0.007781208027154207,54.75233352843682,0.33694781543209495,0.5245625656556105,0.7936742598269564,0.1320834074159025,0.017446026514595286,0.42150130194455593,-0.40405527542996067,-0.9586097921071425,0.46604159229103326,0.2171947657451617,12.44952628975184,3.5283886251023766,5.5499954326669405,3.5825358051836553,1.9230474206605317,0.039065115338650674,0.0,5.08049206859692,3.3410078157332266,224.06162702930874,0.8962465081172349
strong_heterogeneous,190,200,0.02,logistic,map,0.8,0.5,1.2102344191016587,0.747418645347205,0.343407791107893,-398.87354473157257,-395.28584099667785,-0.0,-0.6659577577730202,-398.87354473157257,-395.95179875445086,1,0,0.5,0.17426983610289484,0.25180055184697586,0.733134694399115,0.8089941268294686,0.0738584679990312,0.06369678221112442,0.006463958881795406,48.443205292104544,0.35843909187267586,0.537786354109681,0.7918582221677433,0.13160079752030435,0.01731876990798014,0.4492361402418262,-0.43191737033384603,-0.9614484046215486,0.4786948751066694,0.22914878345338985,13.231238977763814,3.6374770071800886,7.057240737332179,3.887373660874486,2.1543555376758374,0.040218341468472196,0.0,4.7775838461257045,3.0390228069955985,230.58151822440354,0.9223260728976141
strong_heterogeneous,191,200,0.02,logistic,map,0.8,0.5,1.3464154879033432,0.8637848492285738,0.3327642078511417,-387.1874399482271,-381.3045980169197,-0.0,-1.1398226282523929,-387.1874399482271,-382.4444206451721,1,0,0.496,0.12973102436879672,0.2136739196525612,0.7721760994157225,0.8690600782447653,0.08534947443736929,0.06944172793257353,0.0068787080235779285,51.480428274862426,0.3455465374057716,0.5423105917763449,0.7723540594825813,0.13313716221883107,0.017725503963683338,0.3153430874437475,-0.2976175834800642,-0.9437897811321286,0.40483119565320236,0.16388829697400142,9.245903377967801,3.0407077100516915,9.705338780875824,4.620081365441687,2.21503839541084,0.04948660736741721,0.0,5.728506728960673,3.4388271388647085,217.10006490029036,0.8684002596011614
strong_heterogeneous,192,200,0.02,logistic,map,0.8,0.5,1.5333361664962637,0.8788960690844713,0.20438649994321167,-393.2310308456541,-386.2483257499838,-0.0,-1.4828572768697863,-393.2310308456541,-387.73118302685356,1,0,0.528,0.1750013280851532,0.3022445071710007,0.7530139125354605,0.8428845928466278,0.08742645802122809,0.07205051007764143,0.006244458025321364,56.584203995437505,0.34271167705256006,0.5222045839587919,0.6935178924516541,0.1310345666324268,0.0171700576525479,0.37679618787664904,-0.3596261302241011,-0.9544314454206505,0.44289969686220876,0.19616014148063643,11.424547631121543,3.3800218388527528,8.03117515715393,3.864695076339132,2.0433627321946926,0.06196639348311062,0.0,6.143344891799143,2.932490572060999,225.13368404686886,0.9005347361874755
strong_heterogeneous,193,200,0.02,logistic,map,0.8,0.5,1.6255083508681254,0.68451369918852,0.15525025012902915,-379.17525657344385,-370.2885502777079,-0.0,-1.202578653483532,-379.17525657344385,-371.49112893119144,1,0,0.548,0.2205762756448103,0.28010773365934033,0.7867549244147176,0.8720843799423842,0.09773191411586296,0.08039947678278077,0.007999541936442256,57.67422933201947,0.37664694536573834,0.504819977055526,0.7449700002586934,0.13440876958950743,0.018065717342565298,0.6556994665174972,-0.6376337491749319,-0.9724481744075305,0.5672275930039413,0.32174714226504486,17.809818241037384,4.220168034692148,9.106383877670114,4.194944325288257,2.0515212822167523,0.015717183899524343,0.0,5.183460082871665,3.4740937352948293,218.80199837562353,0.8752079935024941
strong_heterogeneous,194,200,0.02,logistic,map,0.8,0.5,1.5062290431560688,0.7565963707410073,0.18414704105816782,-398.260526195901,-391.59973920138077,-0.0,-1.143911528299791,-398.260526195901,-392.74365072968055,1,0,0.516,0.21461164426018278,0.3028338910417615,0.7264346677798967,0.8326335196574879,0.06724296725237562,0.054388264778556995,0.06342329201288521,57.70132797963746,0.340227421905309,0.51304339172437,0.6995966379249078,0.13088868473231127,0.017131847790954377,0.6116766230471,-0.5945447752561457,-0.9719919853964484,0.5422919884489391,0.2940806007359043,17.16572574799427,4.143154082096666,8.776296272172726,4.336285638222958,2.2170717794004435,-0.0062917307079364375,0.0,5.742819657235274,3.149322409285231,229.46874736758184,0.9178749894703274
strong_heterogeneous,195,200,0.02,logistic,map,0.8,0.5,1.1519224500459972,0.7836546317350835,0.15234579192474484,-398.0248545646994,-394.28556314457694,-0.0,-0.6696803844817694,-398.0248545646994,-394.9552435290587,1,0,0.556,0.21420604829904374,0.3046772688161712,0.8035455178849716,0.8638655519075227,0.06516943048571637,0.05491693977463787,0.009573416085913777,49.13655725636445,0.3597161752449706,0.5328524882892727,0.7649951709013952,0.13836990001067612,0.019146229228964508,0.43915116753838157,-0.42000493830941704,-0.9564017344271523,0.4710559014548636,0.22189366229545415,11.589418451115813,3.404323493899458,7.532874456442296,4.052145362077062,2.1399790877890017,-0.010557057924786435,0.0,5.067522428321776,3.5899173036970193,219.1117859217967,0.8764471436871868
strong_heterogeneous,196,200,0.02,logistic,map,0.8,0.5,1.32037638933272,0.5297566143517981,0.13883495889604092,-391.0204102440226,-386.76654593441754,-0.0,-0.5088069263661221,-391.0204102440226,-387.27535286078364,1,0,0.52,0.20383417352674701,0.28623074729775316,0.7423204915942223,0.7908758251784358,0.05775221611660957,0.04519923844490967,0.009712332859635353,49.20377390965096,0.3343254088323054,0.5378428552051047,0.7433356071227176,0.12968814576781848,0.016819015152694933,0.5161659298028718,-0.4993469146501769,-0.9674154875756363,0.5104995840799571,0.26060982534580923,15.494951575928118,3.936362734292677,6.759401433808414,3.913844700355278,2.0644402011527943,0.06797173859779759,0.0,4.879346566557039,3.1607598143154645,227.60319684149206,0.9104127873659682
strong_heterogeneous,197,200,0.02,logistic,map,0.8,0.5,1.5572237083419858,0.7513893933627691,0.17362929205410182,-391.1466059949966,-382.1881766170149,-0.0,-1.219052692877908,-391.1466059949966,-383.4072293098928,1,0,0.5000000000000001,0.13778410384009074,0.2505845581024109,0.7594670873137578,0.8181002928791966,0.06272460170746595,0.04887398624795208,0.0066686668433249,54.032051937482265,0.34467008120089465,0.5205572798465242,0.7872212927047597,0.13281555305534948,0.01763997113339835,0.5124374759457935,-0.49479750481239515,-0.9655763445075116,0.5165010525807576,0.2667733373170305,15.123229811410496,3.8888597058020102,7.379116027204929,3.892702874266371,2.0997228126804797,0.03843447377184341,0.0,4.36165519373654,3.4414112365562777,223.14683205552672,0.8925873282221068
strong_heterogeneous,198,200,0.02,logistic,map,0.8,0.5,1.8303432421745036,0.8046710723401845,0.14413591683842242,-383.95473458755356,-375.83790286748325,-0.0,-1.8228191204203936,-383.95473458755356,-377.6607219879036,1,0,0.508,0.12654756452284718,0.19463386054413034,0.7932465711502218,0.8930891302156181,0.06681383939691579,0.05352414017892007,0.007733749924227595,57.79416211082024,0.3503679143122324,0.5161088035068941,0.9299605714650049,0.13577262097187695,0.018434204605572962,0.5030732467678911,-0.4846390421623181,-0.9633568178709407,0.5049665529342864,0.2549912195823355,13.832504577129814,3.719207520041039,9.800217007198187,3.686471917992235,2.0589100286178805,0.07495918152251693,0.0,5.822089101170892,3.414955074147551,214.55571458533834,0.8582228583413534
strong_heterogeneous,199,200,0.02,logistic,map,0.8,0.5,1.3330140481420023,0.8675426341373194,0.14434870914556086,-381.885733517679,-373.75368185047313,-0.0,-1.1287230553464234,-381.885733517679,-374.88240490581956,1,0,0.512,0.17274322775823922,0.2840468650742665,0.7482040465646527,0.8470187278351798,0.07518889926311281,0.06111546915418881,0.005409542005509138,53.70229860798416,0.3457889326818964,0.5255025410445566,0.7620263108035307,0.13199100726580615,0.01742162599904209,0.3791847493637407,-0.3617631233646986,-0.9540550456518229,0.43605265225420253,0.1901419155379245,10.914131410488277,3.3036542510511415,7.226871952386729,4.071139880916461,2.0291084301899365,0.04704524255795737,0.0,4.678543811093354,3.1668203503776784,229.48647468999903,0.9179458987599961
strong_homogeneous,0,200,0.02,logistic,map,0.8,0.5,2.4251197542155114,0.671913198597093,1.0383379170671105,-383.43903129583504,-369.27633675993525,-0.0,-2.634535895124496,-383.43903129583504,-371.91087265505973,1,0,0.476,0.09373418072047585,0.1741475824112733,0.7893799883776452,0.8682830657174939,0.08152259121315987,0.06477334865997132,0.456233583856374,62.73120232966217,0.31517171353073303,0.49586148223679993,0.9171656831539616,0.1367904513124593,0.018711627570266297,1.0136720220793487,-0.9949603945090824,-0.9815407477342789,0.6852326385852954,0.469543768982566,25.093689323353907,5.009360171055173,7.603783213872965,3.807586269906208,1.956466492687846,0.020994539562783125,0.0,5.062823604799352,3.5035764273762537,217.18491822663734,0.8687396729065493
strong_homogeneous,1,200,0.02,logistic,map,0.8,0.5,1.3489557368667382,0.8975281483323196,1.3120193330105394,-404.58326600418667,-399.09513755129694,-0.0,-1.2304939645179487,-404.58326600418667,-400.3256315158149,1,0,0.52,0.1366080936683632,0.21436496275030117,0.8200650873851242,0.8750585904672382,0.10044367710468881,0.08457638988795446,1.279708957998082,54.005780540689344,0.3439198833229202,0.5235496406769466,0.7418497760440002,0.13304351190924366,0.01770057606114506,0.3204878123033089,-0.30278723624216386,-0.9447698933262608,0.4068838741251202,0.1655544870230667,9.35305644580004,3.058276711777409,13.095839706889505,4.91051322812031,2.4229925392784146,0.07479056580522961,0.0,6.632240406435517,3.9898335577607242,203.88139590700413,0.8155255836280165
strong_homogeneous,2,200,0.02,logistic,map,0.8,0.5,0.9436700919100947,0.7672611311195606,0.9797166250646114,-406.8743641716588,-405.4771847965954,-0.0,-0.4213020873650784,-406.8743641716588,-405.89848688396046,1,0,0.548,0.2174840610112248,0.2842277926628588,0.7907158961403075,0.8737834676052759,0.08009149317090226,0.0671607317647582,0.1829351249616593,42.299732358510134,0.3957303910707895,0.5529823986128817,0.8431823024365589,0.13560590696268018,0.018388962003171076,0.25073696980898585,-0.23234800780581477,-0.9266603484233698,0.35690226345446263,0.12737922565891865,6.926939412727744,2.631907941537421,8.66595630033406,3.6317000719411197,2.1280913299165953,0.05234802601315741,0.0,6.4161698147624895,3.412687365217911,218.69316979057504,0.8747726791623002
strong_homogeneous,3,200,0.02,logistic,map,0.8,0.5,1.2833181567635374,0.4646155104120644,0.3713246250990778,-406.5594873799164,-404.3988978533592,-0.0,-0.4574620044972228,-406.5594873799164,-404.85635985785643,1,0,0.496,0.17040645599238397,0.2478662489383908,0.7460777999069613,0.8281913875699369,0.047975062380730904,0.039376546059637904,0.015317332930862904,51.707268475878486,0.3552419628434184,0.5308293201475032,0.7447151022137308,0.13282544336004282,0.017642598403791943,0.603792167544035,-0.5861495691402431,-0.9707803457014781,0.5451048886201526,0.29713933959758904,16.842152884561752,4.103919210286888,11.517125251831022,4.223731692915502,2.255665180994544,0.019517360073914056,0.0,5.868322266174547,3.465557387734856,221.70748751871275,0.886829950074851
strong_homogeneous,4,200,0.02,logistic,map,0.8,0.5,1.5254238597145264,0.8197754473555561,0.526112750172615,-385.7199205356641,-378.43487531604563,-0.0,-1.3220302132828994,-385.7199205356641,-379.75690552932855,1,0,0.452,0.1404131871025824,0.2145364582597921,0.6988484990701271,0.7968772524748805,0.06638476138956263,0.05348832622484573,0.018252500100061297,56.28356313500193,0.33609519922335845,0.5179640695005163,0.7579184749911249,0.1370308557035265,0.018777455414840702,0.5099505632732011,-0.4911731078583604,-0.9631778906286238,0.5039442338478982,0.2539597908285451,13.524718084423132,3.67759678110898,7.319271596327689,4.0692675462422345,2.0038027202107935,0.037363444228678044,0.0,4.923131516209594,3.436033047450264,222.21003356793517,0.8888401342717407
strong_homogeneous,5,200,0.02,logistic,map,0.8,0.5,2.254288645961683,0.7703422088697324,0.7070064160507172,-379.2769492840125,-369.24337607923064,-0.0,-2.5201408260871467,-379.2769492840125,-371.7635169053178,1,0,0.528,0.22615922248247824,0.30660546922216725,0.7381431221615897,0.7791729536799167,0.06905115617495447,0.05563525836542128,0.08480562502518296,62.470123636586735,0.32368598283549666,0.49737636637935023,0.8068589653312637,0.1308595590561095,0.01712422419635941,0.7056715180314611,-0.6885472938351017,-0.9757334343829986,0.5815605214268542,0.3382126400822746,19.75053796330103,4.4441577338457545,6.35787132029976,4.380566148240497,2.0001469690428957,0.004119377987615917,0.0,4.381138653411445,3.4304134752026063,226.9008644374891,0.9076034577499564
strong_homogeneous,6,200,0.02,logistic,map,0.8,0.5,1.6374208014980194,0.9555308179604239,0.34504883317276835,-383.0068766875626,-373.8143192657974,-0.0,-1.8649977501933932,-383.0068766875626,-375.67931701599076,1,0,0.524,0.17438673280508943,0.24869306807467226,0.7716514503268707,0.8309730211696529,0.09298284545411836,0.07526727374906937,0.010549416998401284,58.90649003090557,0.31907180909289995,0.5070608792712186,0.7360801800168687,0.13226104226973445,0.017492983302276482,0.4437837874990618,-0.4262908041967853,-0.9605821938632368,0.4747140539787935,0.22535343304498087,12.882504324785703,3.5892205734373173,13.882616401596714,3.996568072069929,2.1769059657442327,0.027258515971424296,0.0,5.366038056640397,3.285756972142349,224.37531977895867,0.8975012791158347
strong_homogeneous,7,200,0.02,logistic,map,0.8,0.5,1.7191763377081275,0.9533148401821538,0.33050341601483524,-377.12658615001317,-368.640967116678,-0.0,-2.003335885602284,-377.12658615001317,-370.64430300228025,1,0,0.528,0.23938802671049922,0.3362321550945233,0.7216702304125656,0.8098048502193352,0.09158226049727351,0.07461769840686987,0.007143875118345022,58.94920762335812,0.32453064030293816,0.5181596840619986,0.8037932505501587,0.12929332699174145,0.01671676440459338,0.3726680774977556,-0.3559513130931622,-0.9551430202532062,0.4373155908307927,0.19124492598368528,11.44030754726289,3.3823523688792227,9.863717578717,3.6556996646056765,2.099811825059394,0.04374375492959609,0.0,5.257757630271915,3.1349612749734397,230.4727851641976,0.9218911406567905
strong_homogeneous,8,200,0.02,logistic,map,0.8,0.5,1.9350544248720658,0.8179755508732914,0.24423004197888076,-400.97845391677765,-393.6303762276643,-0.0,-2.0449332167894663,-400.97845391677765,-395.6753094444538,1,0,0.5119999999999999,0.16710212450706802,0.23730134624945018,0.7685357610525427,0.8776673094014139,0.05053400528378061,0.039986596986245806,0.011627792147919536,61.45275198412122,0.33278908748946445,0.5028436524446656,0.7784018386886283,0.13408977705637232,0.017980068311027633,0.6775187367810057,-0.6595386684699781,-0.9734618877162665,0.5675136783722201,0.32207177513956775,17.912711429579662,4.232341128687486,10.110485973210224,4.544534984260384,2.3027817620322075,-0.00172385957945707,0.0,7.300718684188012,3.284632288445103,217.23041860609203,0.8689216744243681
strong_homogeneous,9,200,0.02,logistic,map,0.8,0.5,1.4639913190446319,0.940791574955858,0.3617106669116765,-402.2256333199317,-397.34255084448625,-0.0,-1.5295162553325148,-402.2256333199317,-398.87206709981876,1,0,0.496,0.13050764995363343,0.22974028588044654,0.7627740118155649,0.8695895155884961,0.06463493673878586,0.05115549397685558,0.009101040894165635,53.549196051544754,0.3266852341086736,0.5312077395002432,0.7966938523686593,0.13295515287523893,0.017677072676078157,0.3666295017982263,-0.34895242912214813,-0.9517849147726068,0.4366102950884528,0.1906285497772258,10.78394331857885,3.2838914900737586,7.511855526926097,4.3716517833239585,2.1510653216714313,0.02798583288620322,0.0,4.751493408551738,3.5876131890518526,222.0609803199921,0.8882439212799684
strong_homogeneous,10,200,0.02,logistic,map,0.8,0.5,1.5672094261419636,0.6726686006635036,0.3022826670203358,-378.1706944860834,-370.3543550146822,-0.0,-1.0803476632524351,-378.1706944860834,-371.43470267793464,1,0,0.46,0.20049168020738356,0.2640150244805775,0.6871745880215188,0.7371746316097096,0.07859391261314431,0.06252374921860766,0.05902912491001189,55.6037288095455,0.3543841422387214,0.5168175420921173,0.7167202255219763,0.1309255374371302,0.017141496353201384,0.6060609206434534,-0.588919424290252,-0.9717165456980755,0.5487340570790361,0.30110906539841886,17.566089867188467,4.191191938719637,8.39623705838472,3.912185196361334,2.046120631788853,0.025557416740975582,0.0,4.987738139386258,3.207497294336581,229.05191704048988,0.9162076681619595
strong_homogeneous,11,200,0.02,logistic,map,0.8,0.5,1.887466432638885,0.7233421537223629,0.3768742079846561,-382.90243818787917,-370.41633155873814,-0.0,-1.74635585828306,-382.90243818787917,-372.1626874170212,1,0,0.544,0.29041913429741634,0.3703973011063201,0.702870061259408,0.766890070689611,0.08989461125508051,0.07210545646890733,0.011889541987329721,61.540285593364786,0.3351291247423411,0.49957313710924345,0.702296435555024,0.12967570940113815,0.01681578960868843,0.6674468946213814,-0.650631105012693,-0.9748058014140174,0.5697317368488101,0.3245942519727618,19.30294440678834,4.393511625885192,5.058389929836767,3.6800303822122964,1.9142240860887365,0.014524446963799977,0.0,4.289821557401301,2.847278448715702,236.55936660118354,0.9462374664047342
strong_homogeneous,12,200,0.02,logistic,map,0.8,0.5,1.358336016418767,1.037529694167832,0.29116233298555017,-372.82951286775716,-365.1337024840774,-0.0,-1.6263072986013845,-372.82951286775716,-366.76000978267876,1,0,0.512,0.2533089291217151,0.3161412497908305,0.7144405231247462,0.7772312019004705,0.09049655586626655,0.07653708272262061,0.022321375086903572,54.510730048100086,0.3428267769954737,0.5222931065861955,0.7436980588374783,0.128149352991613,0.016422256672169035,0.27079644740395226,-0.25437419073178325,-0.9393557159645023,0.3763242061384757,0.14161990812575398,8.623656964621595,2.936606368688455,6.251008380396415,3.9396732117496565,1.9036579296263352,0.03390916977183552,0.0,3.78837871744804,3.1218574967991555,234.87613648947217,0.9395045459578887
strong_homogeneous,13,200,0.02,logistic,map,0.8,0.5,2.1118902553621344,0.5733310836860925,0.2788967080414295,-386.91966237249005,-379.2002461208003,-0.0,-1.9220803598364078,-386.91966237249005,-381.1223264806367,1,0,0.492,0.14533532235791377,0.24466082940902353,0.7264375826938639,0.8383187265330034,0.06808668403382712,0.05349919605296091,0.014452166156843305,62.87126389421549,0.3274415806659699,0.49168577610219644,0.9195129907373181,0.13302953363338643,0.017696856818716293,1.0324693230758804,-1.014772466257164,-0.982859677839149,0.6857821230419351,0.4702971202839038,26.57517801616132,5.155111833526147,10.655083641616141,4.444382261982093,2.250210185884067,0.00826237020324529,0.0,6.244685627955021,3.3573885396909153,221.0887864104106,0.8843551456416424
strong_homogeneous,14,200,0.02,logistic,map,0.8,0.5,0.850814311927298,0.6974056469883099,0.25582049996592104,-387.2123543811569,-386.61130467607336,-0.0,-0.22904201028263352,-387.2123543811569,-386.840346686356,1,0,0.476,0.20456632348601167,0.24386819913081245,0.739962570860097,0.8216228136793213,0.11985383582011581,0.09895241215035165,0.008348874980583787,37.22152487728479,0.41219227915216244,0.5880988978158939,0.8696826071151061,0.13546508718043254,0.018350789844802186,0.19962265119464156,-0.18127186134983939,-0.9080726073169457,0.3256380538435129,0.10604014211099061,5.778505612445135,2.4038522443039496,8.531144445885081,3.747584170074299,2.066839456940515,0.0671593242109994,0.0,5.606098070199649,3.3061538739275087,223.92700710013997,0.8957080284005599
strong_homogeneous,15,200,0.02,logistic,map,0.8,0.5,1.3333321952281265,0.8433440247808924,0.25101970904506743,-388.4873500423804,-382.23254613194496,-0.0,-1.0684542969216437,-388.4873500423804,-383.3010004288666,1,0,0.492,0.19216361399749599,0.2798193205235072,0.7159288078088771,0.8222422496129859,0.07094252160930685,0.0582467648827067,0.007295709103345871,52.41217512399744,0.3824899356177728,0.5277056600606145,0.7815260213312363,0.13139432049880953,0.01726446745934388,0.47401022193754727,-0.45674575447820337,-0.9635778583238684,0.4883914277467155,0.23852618669647524,13.816017624533215,3.7169903987679622,7.639447730512442,3.967215665195006,2.068260131433872,0.04641506583630802,0.0,3.972636626668392,2.906458652103639,233.0536544211707,0.9322146176846828
strong_homogeneous,16,200,0.02,logistic,map,0.8,0.5,1.609047862979409,0.7948287533136609,0.2542867499869317,-374.26177305597093,-367.52232772822185,-0.0,-1.4063031749246122,-374.26177305597093,-368.9286309031465,1,0,0.47600000000000003,0.13133346483548872,0.2014437128749858,0.7451073787392348,0.836609716566443,0.07019475322550471,0.053840224160342,0.017798124812543392,55.590475191232414,0.3621516592017709,0.5195260587772788,0.8153407177588204,0.13679564347798742,0.01871304807455664,0.5498140471225788,-0.5311009990480221,-0.9659647690478438,0.52517032135645,0.27580386643363697,14.738585896577485,3.8390865966499748,8.185249986195481,3.8749077502852316,2.038411406737524,0.0175762873173527,0.0,7.614205573976311,3.551957815552056,207.91275290695836,0.8316510116278334
strong_homogeneous,17,200,0.02,logistic,map,0.8,0.5,1.5196969382600716,0.8648516604509495,2.076512915780768,-393.71873900506864,-386.7477984428991,-0.0,-1.4239391449545078,-393.71873900506864,-388.1717375878536,1,0,0.476,0.16170897517589203,0.2763277413663099,0.7023429187383015,0.8144283100573925,0.06656105072380186,0.05222928426282892,0.09321349998936057,56.175856764100274,0.34417707672198333,0.5214183179582181,0.7786116182498467,0.13082089353400064,0.017114106185034332,0.47713902612612547,-0.4600249199410911,-0.9641318247975162,0.49101795164143336,0.241098628834149,14.087713739031317,3.7533603262984645,7.146097308144383,4.078785661015969,2.1309000173608212,0.009676489538437891,0.0,4.849305795318809,3.1630460867800787,229.1351628573418,0.9165406514293672
strong_homogeneous,18,200,0.02,logistic,map,0.8,0.5,2.40014743709721,0.7365376303244491,0.562764500034973,-376.27091823537774,-364.0087957736958,-0.0,-2.7142513808136273,-376.27091823537774,-366.7230471545094,1,0,0.496,0.2196462655838209,0.3138172729171565,0.6741147876014071,0.7535681529319295,0.10048200921168432,0.08043200708702565,0.07117416709661484,63.745628440948806,0.3183613416613161,0.49288953166259875,0.7683324788148631,0.12860202878435137,0.016538481807451134,0.8317046727007664,-0.8151661908933153,-0.9801149586502307,0.6342018461859633,0.4022119817056843,24.319764437173095,4.931507318982006,6.1260736166197525,3.553654812563992,1.9119784148335057,0.01497053871039725,0.0,4.057917074832359,2.929119012368052,237.39412767256474,0.949576510690259
strong_homogeneous,19,200,0.02,logistic,map,0.8,0.5,2.3409016795209845,0.7125918204626327,0.4683203750755638,-388.7332988894628,-377.46551499171716,-0.0,-2.5566343047865177,-388.7332988894628,-380.0221492965037,1,0,0.432,0.10627926400006255,0.14310151731373974,0.7373368785099307,0.8220374321142873,0.09157278238502915,0.07933207788777198,0.014375875005498528,61.62350993713022,0.30422082765496516,0.5023069114982355,0.9465129155248047,0.1372025078865702,0.01882452817036436,0.7844755758029647,-0.7656510476326003,-0.9760036784432757,0.6163004455168424,0.3798262391442584,20.17719837154923,4.491903646734782,10.601122034278077,4.90799690888794,2.4563739944425844,0.017856788050880708,0.0,6.9996965822865365,4.047764553471159,202.3784784510691,0.8095139138042764
strong_homogeneous,20,200,0.02,logistic,map,0.8,0.5,1.6693508563258812,0.8556802474762009,0.3958389170002192,-372.27821154876244,-363.81915372006586,-0.0,-1.65950936529092,-372.27821154876244,-365.4786630853568,1,0,0.504,0.1472390848928493,0.2620828471433818,0.7600217043596876,0.8430121512071362,0.07329540060817322,0.059251093394104275,0.31994666694663465,58.21977280881447,0.31030771106042043,0.516385116502222,0.7741591560902177,0.13211874634444398,0.01745536313562753,0.5464485638510185,-0.5289932007153909,-0.9680567133114718,0.522839629819754,0.27336127851005737,15.660589607105292,3.9573462834461797,8.388986095482787,3.968858631295927,1.997322571866519,0.006317985381195875,0.0,6.1807314016811485,3.3500469838776787,219.4503889013093,0.8778015556052372
strong_homogeneous,21,200,0.02,logistic,map,0.8,0.5,2.004527052088931,0.5433348451088442,0.8485019579529762,-381.14373190482166,-377.4432233683483,-0.0,-1.7012915516437237,-381.14373190482166,-379.14451491999205,1,0,0.568,0.25158904939469917,0.33028831626570815,0.7740242118666198,0.8655476681560925,0.11392051100603917,0.09393277077506014,0.09173174994066358,60.438393361519516,0.319346481460085,0.5050020225438636,0.732945060381831,0.1316771044619153,0.01733885983947415,1.0440787151510356,-1.0267398553115614,-0.9833931488231077,0.7005890287544312,0.49082498721107715,28.307800614066373,5.320507552298594,14.084088773872868,4.12312591002025,2.2637000049281397,-0.01769841857038192,0.0,6.108169138266371,3.2815861772220414,225.20914699037488,0.9008365879614995
strong_homogeneous,22,200,0.02,logistic,map,0.8,0.5,1.6610644388338298,0.9127459989453908,0.3252217499539256,-396.39378444416747,-389.65902266352566,-0.0,-1.7920048145076581,-396.39378444416747,-391.4510274780333,1,0,0.504,0.14823164352863039,0.22351133907634563,0.7993635118444331,0.8634058071478272,0.09491140764293124,0.07917320168520879,0.006901458138599992,56.81296992129414,0.33557199572394203,0.5168573908579502,0.7994497445884021,0.13444013693615162,0.018074150419411197,0.3844503705527339,-0.3663762201333227,-0.9529870386301734,0.4458648419091871,0.19879545725070444,10.998882527679031,3.3164563207856412,9.284684680514689,4.319495772687174,2.1714877719587804,0.029161886182589795,0.0,5.806222805131998,3.660962525722005,212.48060207083503,0.8499224082833401
strong_homogeneous,23,200,0.02,logistic,map,0.8,0.5,1.62686755402368,0.8900274248137169,0.2816845839843154,-401.7350765384857,-393.91850860914815,-0.0,-1.6726690148309582,-401.7350765384857,-395.5911776239791,1,0,0.492,0.19214299526509687,0.2728583718282533,0.7202470920309966,0.7722903046372809,0.06826546168129827,0.053570590241060506,0.12368412502110004,56.41192916562248,0.3268676585271874,0.5177474036246261,0.7901332667256962,0.12973657730529686,0.01683157949089327,0.43534696204908063,-0.4185153825581874,-0.9613375515205831,0.4708468052040186,0.22169671397083107,13.171474138287506,3.62925255917627,6.388428510560805,4.179922721260335,2.1354621914837226,0.031132341034863783,0.0,3.863509158375384,3.0663661691325457,232.45739863823576,0.929829594552943
strong_homogeneous,24,200,0.02,logistic,map,0.8,0.5,1.0929810368660977,0.7362930908806621,1.4731535830069333,-393.41239465799396,-391.6175594999876,-0.0,-0.49432262621559653,-393.41239465799396,-392.11188212620317,1,0,0.464,0.16831141805183583,0.2394624692770578,0.7191337210726448,0.7782150975600595,0.0668623452628546,0.05359385298385904,0.7001645830459893,47.60749620124449,0.35126959308456684,0.5385318623904962,0.8159001597937456,0.13213171629798018,0.01745879045184992,0.2882556300802343,-0.2707968396283844,-0.9394329593944433,0.3913034531247857,0.15311839242738137,8.770274942566658,2.9614649993823425,7.357275192897767,4.017746599805888,2.1207303159360973,0.04436488115456041,0.0,5.941367564807899,3.184701379745312,225.1309812915951,0.9005239251663805
strong_homogeneous,25,200,0.02,logistic,map,0.8,0.5,1.8108616403369402,0.7773233307927472,1.8299950000364333,-402.6577973861456,-395.62359120076064,-0.0,-1.724202716027525,-402.6577973861456,-397.3477939167882,1,0,0.456,0.13688611005390147,0.23861755992990713,0.6790602667898439,0.8050092571142574,0.09767110505066486,0.08008386029974036,0.011383916018530726,60.16952668639969,0.32083210453110794,0.5123689977141899,0.763750838909337,0.13196208861578054,0.017413992831839115,0.697847358369464,-0.6804333655376249,-0.9750461291814198,0.5833866046408778,0.3403399304744118,19.544049073693575,4.420865195150557,9.978821248823865,4.115532567871362,2.2419855761235667,0.020324759777454845,0.0,5.128448587869442,3.260012415232621,227.02467436650568,0.9080986974660227
strong_homogeneous,26,200,0.02,logistic,map,0.8,0.5,0.89760231043798,0.6493332203652855,0.3946947499644011,-382.1152148177589,-381.5838007163103,-0.0,-0.16309812207713548,-382.1152148177589,-381.74689883838744,1,0,0.46,0.1319583140160085,0.2325853785976778,0.6952101849416693,0.7701121314100765,0.0669014126287189,0.05049491031257123,0.007306124782189727,40.070997637770866,0.38359639700466447,0.5725582521443215,0.8183229927411992,0.13341992026166374,0.017800875122628713,0.20406918302558386,-0.18626830790295515,-0.9127703906160244,0.3293304333321074,0.10845853431871363,6.0928765339654385,2.4683752822383873,8.407813905288426,3.7643419200177726,2.1092726357441105,0.09246708612177985,0.0,4.601239042509009,3.312918937639658,225.97500186530866,0.9039000074612347
strong_homogeneous,27,200,0.02,logistic,map,0.8,0.5,1.5567280899935105,0.8867948950563425,0.3666545420419425,-395.0507659005917,-389.6544015679764,-0.0,-1.5430631986724817,-395.0507659005917,-391.19746476664886,1,0,0.408,0.17713114140994274,0.24298267303347754,0.6003423185139016,0.6560950938611246,0.104823624290545,0.09145513993771723,0.06539466697722673,57.75118312635627,0.3170389712083659,0.5118725857928773,0.8460945754117634,0.1310277913793926,0.017168282113761632,0.4033588411412692,-0.38619055902750754,-0.9574367030974567,0.45670872133711865,0.2085828561453859,12.149314343931447,3.4855866570681395,10.139690239864297,4.3269069005026495,2.202530272540861,0.05166050112333575,0.0,5.030715320034929,3.348980048505145,226.85870959239216,0.9074348383695686
strong_homogeneous,28,200,0.02,logistic,map,0.8,0.5,2.0755385016448953,0.8416039845419334,0.6730627501383424,-375.8564622167473,-365.3658025510389,-0.0,-2.360066616737683,-375.8564622167473,-367.7258691677766,1,0,0.476,0.19157719080992397,0.24418127528279326,0.714213246630608,0.8104239400673289,0.08627243531691285,0.06854981208706631,0.013596666976809502,62.59881789735017,0.3059330130336088,0.5101302395485758,0.8331564204051929,0.1325246674283568,0.017562787476996577,0.6532016639131325,-0.6356388764361359,-0.9731127637186604,0.5670276710988376,0.3215203797917715,18.306910575151758,4.278657566942202,7.985279992193962,4.286396149944784,2.034995180597611,0.015119445549326826,0.0,4.9566746406272095,3.3597461724537165,225.59370085574557,0.9023748034229823
strong_homogeneous,29,200,0.02,logistic,map,0.8,0.5,1.7364933734935004,0.7737608539105473,0.2895834578666836,-388.17275825374327,-380.48643486677736,-0.0,-1.5826198654900325,-388.17275825374327,-382.0690547322674,1,0,0.528,0.25133690268470626,0.358369325091975,0.7091336363761546,0.7640145779275405,0.11025343068504384,0.09033500716775973,0.010217207949608564,57.79910298484907,0.34622656102699884,0.513735611745427,0.742146305029134,0.13062722891697548,0.017063472934527917,0.6231937301788155,-0.6061302572442876,-0.9726193122488062,0.5552824804231838,0.3083386330649236,18.07009828819787,4.250893822268191,8.089194692738916,3.922843660357435,2.04141273475833,0.02129702501348609,0.0,3.8160984520364485,2.8210523553336415,236.40083386949246,0.9456033354779698
strong_homogeneous,30,200,0.02,logistic,map,0.8,0.5,2.0097573412142706,0.6478852517141269,0.4535438329912722,-390.3063237650267,-380.51472559064297,-0.0,-1.8313337501041909,-390.3063237650267,-382.34605934074716,1,0,0.508,0.12506663554301858,0.21209776922255574,0.7882651671624566,0.8501644334871981,0.06313547331441517,0.05258035108289597,0.1596032918896526,60.25678745018318,0.32345649838368745,0.5025406400599874,0.7535426819600004,0.1345840917390011,0.018112877749211866,1.0580280285695982,-1.0399151508203863,-0.982880531271275,0.7062487616660613,0.49878731335484505,27.53771765375872,5.247639245771256,10.426596638812894,4.282249299380322,2.1858493885977435,0.054594710487231725,0.0,5.998334059140024,3.410846133064928,216.1859692301403,0.8647438769205612
strong_homogeneous,31,200,0.02,logistic,map,0.8,0.5,1.48495975802791,0.6440764655056459,0.33435754105448723,-397.2031555399345,-391.64093803036087,-0.0,-0.8933917065177434,-397.2031555399345,-392.5343297368786,1,0,0.508,0.20793985113760083,0.29127664639585216,0.7302125858808979,0.8126301282701968,0.056419024681793904,0.044775128958405463,0.013345332816243172,54.00021860499937,0.33233040289429616,0.5323009152803263,0.6915245669519445,0.130747970101852,0.017095031685754783,0.5169772155330525,-0.49988218384729777,-0.9669327173962045,0.5101669541570992,0.2602703211139318,15.22491013168545,3.901911087106605,15.550189005341252,3.809136286291701,2.2762866911923587,0.04407104873006947,0.0,4.809082984955425,2.9944519418104547,230.65029649404644,0.9226011859761858
strong_homogeneous,32,200,0.02,logistic,map,0.8,0.5,1.9899216205590715,0.9552115749277497,0.27769208303652704,-381.7535058552915,-369.9386608476519,-0.0,-2.4987710056675296,-381.7535058552915,-372.4374318533194,1,0,0.5,0.18316233509923763,0.22705815495910492,0.7514450854768344,0.8197969838425971,0.04567565742946025,0.0375477698352658,0.01155208284035325,60.561953245108086,0.32089549981371107,0.5094113636362961,0.8367809545258008,0.1317383046909955,0.01735498092285757,0.5498184492667384,-0.5324634683438808,-0.9684350698926111,0.5275294297653611,0.2782872992685671,16.03501038148914,4.004373906304098,8.591650439368719,4.193551945172189,2.08925172463626,-0.025021239426981146,0.0,5.04234612687439,3.43426124154184,222.3553271861343,0.8894213087445372
strong_homogeneous,33,200,0.02,logistic,map,0.8,0.5,1.4481341538548897,0.8215387616302664,0.34037945815362036,-383.8749770153146,-376.30902223637577,-0.0,-1.1974589386839019,-383.8749770153146,-377.50648117505966,1,0,0.476,0.1703605497673262,0.24274844577666585,0.7058035878781994,0.7791580198331161,0.05912454416848943,0.0467873789179071,0.012941667111590505,53.72579928406719,0.3827593152108333,0.5261893680168489,0.7709135232600535,0.13222453820450158,0.0174833285033937,0.4672487811050272,-0.44976545260163353,-0.9625823989052551,0.4894543552825753,0.23956556590508146,13.702514704713076,3.7016907899922,8.48713052450051,3.663946079017578,1.9699614757087054,0.06293228660541095,0.0,4.5448626765720945,3.296373166331138,226.81305336538108,0.9072522134615243
strong_homogeneous,34,200,0.02,logistic,map,0.8,0.5,1.4084599598048255,0.7405580155573459,0.26605204096995294,-393.76399455925787,-389.8713325258608,-0.0,-0.9484754005681247,-393.76399455925787,-390.8198079264289,1,0,0.508,0.2607746058600272,0.32871887242699754,0.6894837623427612,0.7734139521056078,0.10266410347254487,0.08806936705279785,0.012816166039556265,53.34636871167949,0.3432557817893783,0.5253957931788816,0.7202889408218984,0.12901127249820993,0.016643908431607374,0.47516250928909154,-0.4585186008574842,-0.9649721766632874,0.49484433153262347,0.24487091244996895,14.712344366480075,3.835667395184321,6.844583059058007,3.940380302230573,2.1232691858365422,-0.009662840312365844,0.0,4.413334401181147,2.872309416452927,236.56759331692197,0.9462703732676879
strong_homogeneous,35,200,0.02,logistic,map,0.8,0.5,1.458765686194607,0.8553149729277422,0.29946870799176395,-393.12862807727737,-387.9047844581348,-0.0,-1.2982041326607168,-393.12862807727737,-389.20298859079554,1,0,0.504,0.2101869620641903,0.2960028307105598,0.731750985050901,0.8073403571194154,0.07014775020470272,0.05467322549699415,0.010038917185738683,52.372212938238974,0.35443207777107877,0.5266923269448538,0.7232292235316764,0.13234502518459446,0.017515205691110942,0.38713225845333765,-0.3696170527622267,-0.9547565326612479,0.4491751170755113,0.20175828579979926,11.519036051183381,3.3939705436528733,9.569408055813563,4.132438424620208,2.1767920142772037,0.043779454848692265,0.0,3.941603778097674,3.02831039638364,233.14299060875317,0.9325719624350126
strong_homogeneous,36,200,0.02,logistic,map,0.8,0.5,2.17573161951294,0.9073699499546618,0.48558520898222923,-402.20702145031385,-389.83476586508505,-0.0,-2.7123287576765978,-402.20702145031385,-392.5470946227616,1,0,0.476,0.24981874173895233,0.3065980660082514,0.6376257658360409,0.693837666841397,0.08962335239641882,0.07111133349110631,0.029958791099488735,61.942575761034675,0.29679196791438517,0.4997538177321218,0.8608749918340224,0.12848870143359853,0.016509346396092427,0.6339703287896088,-0.6174609823935163,-0.9739588027288083,0.555256823977127,0.3083101405731661,18.674884709314693,4.3214447479187665,7.3666308516808225,4.1829391999338945,2.143214198587939,0.01853700746433058,0.0,3.628555960767611,2.8078431826971295,239.01952070436963,0.9560780828174785
strong_homogeneous,37,200,0.02,logistic,map,0.8,0.5,1.1673563859162712,0.6979502601132652,0.3346593340393156,-377.158664826728,-373.5024039744616,-0.0,-0.5080920337947408,-377.158664826728,-374.0104960082563,1,0,0.508,0.07585188898861069,0.1781504804175975,0.8531912747452974,0.9256286794497114,0.1012702308566117,0.08149589821677258,0.008832500083371997,48.32465749110019,0.34066715835676,0.5372588633732304,0.8884036922975669,0.13735904571267582,0.01886750743909697,0.39827241688439036,-0.37940490944529337,-0.9526266278074341,0.45001749092974064,0.20251574214269918,10.733571606975973,3.276212997803405,12.63087959241401,3.945178390647355,2.352417019965252,-0.0016962845329830003,0.0,7.0984694804960915,4.0957487839903814,199.85892248162543,0.7994356899265017
strong_homogeneous,38,200,0.02,logistic,map,0.8,0.5,1.5505744263643266,0.577181405354438,0.3786755830515176,-391.6775392206692,-385.0997833042211,-0.0,-0.9170887994879403,-391.6775392206692,-386.01687210370903,1,0,0.512,0.13187685037737515,0.21520092115199338,0.7972449346151285,0.8700370796370667,0.08321564966452435,0.06676081354697397,0.007339458912611008,55.58639088861713,0.33492719795575193,0.518204754920274,0.6855586572734309,0.1365086010932556,0.018634598172437587,0.6026535891573632,-0.5840189909849256,-0.9690790887041879,0.5526166815080429,0.30538519668096176,16.38807522732938,4.0482187721675045,6.410005594286577,4.406010942432835,2.0685047533110197,0.016508227987070242,0.0,6.344972962093766,3.6122799340529523,213.7739547783702,0.8550958191134809
strong_homogeneous,39,200,0.02,logistic,map,0.8,0.5,1.4351481555061565,0.7934457422943576,0.3382820829283446,-387.16926950105255,-380.20793008456377,-0.0,-1.1095500377184722,-387.16926950105255,-381.31748012228223,1,0,0.512,0.18767175318057602,0.2675004599375667,0.7507850306643956,0.826760577473494,0.08079024229366909,0.06504383019482717,0.0078231249935925,54.99972396716903,0.3338060133694366,0.5206974544925194,0.8024737479218659,0.13164100212356475,0.017329353440096378,0.45212949835567906,-0.43480014491558266,-0.9616717035647521,0.47040521659232176,0.22128106779726917,12.76914736387525,3.5733943756427515,6.280896910879591,4.202126250878253,2.08352673304007,0.040349768557259164,0.0,5.772358193164709,3.340635878332143,223.07089963482258,0.8922835985392903
strong_homogeneous,40,200,0.02,logistic,map,0.8,0.5,1.2336561511904252,0.7929553230221849,0.2672706670127809,-390.98619027540104,-388.61761239846,-0.0,-0.8005307490687728,-390.98619027540104,-389.4181431475288,1,0,0.5079999999999999,0.21668899733139113,0.2944908862365341,0.7270024295988174,0.7810315183072348,0.07727167622993009,0.06230823277375155,0.09764312487095594,48.8392044241581,0.34109141261458575,0.5343665576035661,0.7965024785608192,0.12830685456532467,0.016462648928447374,0.3028382029111047,-0.2863755539826573,-0.9456387973175239,0.396636171620584,0.1573202526378334,9.556193132806518,3.0913092910296953,7.392078438742416,3.95422599990449,2.1435086685140905,0.04740305041801119,0.0,4.566867305602003,3.2704253848186142,230.34562026614847,0.9213824810645939
strong_homogeneous,41,200,0.02,logistic,map,0.8,0.5,1.919648666844184,0.6420194524479124,0.37922379188239574,-385.4710740831793,-380.2938806519094,-0.0,-1.6572607391504648,-385.4710740831793,-381.9511413910598,1,0,0.548,0.2824086040499434,0.3795123420434509,0.7183636382668237,0.7909638876587801,0.08302596311332357,0.0667252496886476,0.13098783395253122,60.28975088560165,0.31709712355792863,0.5029453444024501,0.7522088831119986,0.12955347554050553,0.016784103024624367,0.7893094132930547,-0.7725253102684303,-0.9787357115701941,0.6176285301715114,0.38146500128182165,22.72775618227349,4.767363651146564,10.05587122308654,4.016913812982314,2.1229764667135966,0.01983330674332,0.0,4.783862409226455,3.017508748562466,233.49169171410034,0.9339667668564013
strong_homogeneous,42,200,0.02,logistic,map,0.8,0.5,1.8195213204377105,0.6915955630295902,0.3282477078028023,-385.28445757663775,-377.4386946015343,-0.0,-1.5608996275086962,-385.28445757663775,-378.999594229043,1,0,0.516,0.19146839822887288,0.2447447556499072,0.7557114884128017,0.8498713865131983,0.08113628751745358,0.06423661498865466,0.008304041111841798,60.86794068194779,0.3356940059490668,0.5037098109055747,0.7491806867476251,0.13182028951286648,0.017376588727255934,0.6400465927800978,-0.6226700040528419,-0.9728510565898348,0.5561628338074002,0.3093170977086779,17.80079522878392,4.219098864542513,7.263584568901074,4.2521859483845885,2.151768166460513,0.02370506143811252,0.0,4.332726806579314,3.2654142967369517,224.80709057370643,0.8992283622948257
strong_homogeneous,43,200,0.02,logistic,map,0.8,0.5,1.3789452586476547,0.6871153011045327,0.3373297918587923,-393.25652046585657,-388.40661605410173,-0.0,-0.7949919316264399,-393.25652046585657,-389.2016079857282,1,0,0.4960000000000001,0.2047264856217648,0.28717658180048866,0.7056974268663655,0.8428858101256597,0.08096479846966464,0.06760762180909319,0.02119454089552164,52.5580468220644,0.35104619640459134,0.5299039782196766,0.7017266220867396,0.1299573677145931,0.016888917423305963,0.5534183517546195,-0.5365294343313135,-0.969482549016021,0.5267763563206757,0.2774933295784875,16.430498333514194,4.053455110583339,6.477302984133337,4.306344921262647,2.1556448777191464,0.02414448519736378,0.0,3.869583681131724,3.049758800158501,232.62211555389976,0.930488462215599
strong_homogeneous,44,200,0.02,logistic,map,0.8,0.5,2.0778824050511364,0.7815495928033084,0.48881116695702076,-396.0873916231737,-389.620740971416,-0.0,-2.22114229408897,-396.0873916231737,-391.841883265505,1,0,0.468,0.1379220534291581,0.2408979313334603,0.6863771246616084,0.7984420646900412,0.10785503854912028,0.08393030626260528,0.06400537490844727,60.6760744082238,0.3195355936349887,0.5006127384563976,0.847713279815298,0.1320488832940042,0.017436907579193535,0.6259341945724158,-0.6084972869932223,-0.9721425866642339,0.5589142537971602,0.31238514309763643,17.915168826746996,4.232631430534319,13.084940800808326,4.1680622523138044,2.3076960659312142,0.04472227635942281,0.0,7.250472097369383,3.2812825364665876,222.70351210449834,0.8908140484179934
strong_homogeneous,45,200,0.02,logistic,map,0.8,0.5,1.7290238808951923,0.7734063337794763,0.3914985000155866,-382.0709051394211,-371.8717324740518,-0.0,-1.5684934581616838,-382.0709051394211,-373.4402259322135,1,0,0.44,0.09865931064727569,0.16253541601814941,0.7615114550196069,0.8610486695032018,0.07732661383908147,0.06584101376223721,0.015210249926894903,57.06823550780946,0.3405418730022599,0.5138512642163379,0.782062130001127,0.13786665614616248,0.0190072148769242,0.7091983568258753,-0.690191141948951,-0.9731990145013958,0.5903834271077766,0.3485525910035233,18.33790974955964,4.282278569822337,13.726787093334782,4.05870483142578,2.1965402155686173,0.008502463015863668,0.0,6.620257005811109,3.8293750154890613,206.03068304258792,0.8241227321703517
strong_homogeneous,46,200,0.02,logistic,map,0.8,0.5,1.2963554189693294,0.7294961867737737,0.3116918329615146,-407.22484112304375,-403.96453490620775,-0.0,-0.7513834098342793,-407.22484112304375,-404.715918316042,1,0,0.512,0.22621440080439995,0.2834737481728988,0.7175253360772762,0.7612047200404336,0.05845117247686671,0.04747685528673892,0.009506582980975509,51.91744169632115,0.3414084818120016,0.5298112667578335,0.8470046676174022,0.1310446407804225,0.017172697877269973,0.4346538756059235,-0.4174811777286535,-0.9604910968449767,0.4741721039615367,0.22483918417531037,13.09282826625109,3.6184013412349785,7.598527919600203,4.291015357773154,2.1987352002719476,-0.028314794390917854,0.0,4.187687462538301,3.2651989548095006,229.8834684741637,0.9195338738966548
strong_homogeneous,47,200,0.02,logistic,map,0.8,0.5,2.0242602371467817,0.8990428115504389,0.341404041973874,-404.5435580030082,-395.394786819911,-0.0,-2.4121462519346117,-404.5435580030082,-397.8069330718456,1,0,0.524,0.1754175891145067,0.25585372129431794,0.7838923021832362,0.8716198088477507,0.05145629985583605,0.041962566227953614,0.010696541983634233,63.75910971640552,0.31104548394839954,0.4916614287384077,0.7124402427949449,0.13365255694547679,0.017863005978063916,0.5952136748949042,-0.5773506689168403,-0.9699889187169332,0.5432307385006566,0.29509963525196875,16.520155432649815,4.064499407387067,9.182703605087804,4.5171250832005585,2.3782136508055305,0.007996371280267851,0.0,5.3837424898012864,3.4859911162761863,219.39916954199603,0.8775966781679841
strong_homogeneous,48,200,0.02,logistic,map,0.8,0.5,1.4878147611269008,0.7514199962854893,0.3766245418228209,-395.17013985250867,-389.3661402247051,-0.0,-1.1018002222127454,-395.17013985250867,-390.46794044691785,1,0,0.48,0.23376028204474883,0.30552222865471146,0.6810200537567132,0.7384843267190475,0.06751012689079461,0.05466469934732903,0.010039082961156964,54.45501532834177,0.3687748963350135,0.5218442205844362,0.7199931781385888,0.13015398395526978,0.01694005953942862,0.5463341070379852,-0.5293940474985566,-0.9689932235216446,0.5212503515123128,0.2717019289517097,16.039018535874288,4.004874347076858,6.039077824858311,4.17191943000605,2.044879628685228,0.04514480719968194,0.0,4.102277017030833,2.962123548390089,235.76950287426283,0.9430780114970513
strong_homogeneous,49,200,0.02,logistic,map,0.8,0.5,1.590946334719749,0.8609435244773439,0.35671070916578174,-399.8731766854685,-394.4788199939905,-0.0,-1.5358494232789273,-399.8731766854685,-396.01466941726943,1,0,0.456,0.21201465034661002,0.2732091493385561,0.6549837316611683,0.7331298056214112,0.06079054502131946,0.048886188984171255,0.00961641687899828,57.474097853483656,0.3159763657907196,0.5107375100642494,0.7411438355011915,0.13081772065650618,0.01711327603776368,0.5086872337895335,-0.4915739577517698,-0.966357960449929,0.5041063480607023,0.254123210155098,14.849477656664162,3.8535019990476407,8.478516651072274,3.9561883797354387,2.0957919832103693,0.0427481666840394,0.0,4.716655185691932,2.9924821623809565,231.27327284621086,0.9250930913848434
strong_homogeneous,50,200,0.02,logistic,map,0.8,0.5,1.57181086599598,0.6745406162078259,0.33222212502732873,-398.8066673317477,-392.0397148036374,-0.0,-1.0915636856420803,-398.8066673317477,-393.1312784892795,1,0,0.484,0.15466090601723423,0.24200580598922064,0.7402858494831085,0.8209380568741549,0.07377958815218648,0.058416460483898286,0.1080225829500705,55.377140183545855,0.3244708599795353,0.5193458917932706,0.7771338257655528,0.1342200705302964,0.018015027333157737,0.5221454994149842,-0.5041304720818265,-0.965498070263285,0.509243422301418,0.25932886315726034,14.395141254099016,3.7940929422062153,9.774053493815334,4.249994152464766,2.2554575005883017,0.06490431243263764,0.0,6.2275558528270905,3.3763356425427986,219.40900302395875,0.877636012095835
strong_homogeneous,51,200,0.02,logistic,map,0.8,0.5,1.2086559108935642,0.8344651327914852,0.45391933410428464,-394.363929686436,-389.9983438410418,-0.0,-0.8652266995436695,-394.363929686436,-390.86357054058544,1,0,0.5199999999999999,0.3166247896857191,0.35311634533835,0.6887786537803158,0.7533537731616894,0.08358686311186947,0.06788603729114212,0.016624791081994772,49.104197326574315,0.37338115715055337,0.5343560410304149,0.8075573848477453,0.12893144019839775,0.016623316271633014,0.3804660156331008,-0.3638426993614678,-0.9563080128353342,0.44251567630676364,0.19582012377723243,11.779847088116298,3.432178184202606,6.225452834856742,4.011254798295818,2.0616719186159664,0.061332747836061886,0.0,3.3168122895280607,2.8921728285101307,238.07168590381332,0.9522867436152532
strong_homogeneous,52,200,0.02,logistic,map,0.8,0.5,1.8872051070429643,0.6135367636087474,0.29714458296075463,-399.4909942429714,-388.00230360847297,-0.0,-1.5569021173726185,-399.4909942429714,-389.5592057258456,1,0,0.528,0.2454026939567345,0.29172248691542557,0.7580159912962697,0.8337774423402731,0.061435677363893104,0.05006493902264388,0.01251333300024271,59.950818742675345,0.3241080305364167,0.5025745312220644,0.8682547659506921,0.13193195264089386,0.017406040127639057,1.056343432602096,-1.038937392474457,-0.983522366315316,0.698836755707848,0.4883728111282704,28.057663175944487,5.296948477750608,6.1959345906720245,4.443407652136116,2.165735447794604,0.004401800445980555,0.0,5.231015811756565,3.2112997913789534,224.96302082999964,0.8998520833199986
strong_homogeneous,53,200,0.02,logistic,map,0.8,0.5,1.408722211111369,0.8031773490534754,0.27461895789019763,-382.41280721300166,-377.54512928025997,-0.0,-1.08960979460117,-382.41280721300166,-378.63473907486116,1,0,0.452,0.09199078175680822,0.21007884229131601,0.7559551707769409,0.8197087048173046,0.10403274342614845,0.08557425032018925,0.013045416912063956,54.643328142272125,0.3309143829378445,0.5284112763451807,0.7232739813238457,0.13485894662296935,0.0181869354842569,0.5113928434043522,-0.49320590792009533,-0.9644364685215654,0.5088008012456997,0.25887825534826603,14.234297777784388,3.772836834238182,10.277737116554583,3.9223412648084937,2.0406844941423534,0.045499862538859175,0.0,5.546579489523693,3.700441686155838,214.20087742440984,0.8568035096976394
strong_homogeneous,54,200,0.02,logistic,map,0.8,0.5,1.4087308058113162,0.7491928235128714,0.2747171251103282,-380.95422323396184,-376.45052187352223,-0.0,-0.9673931007404213,-380.95422323396184,-377.41791497426266,1,0,0.5,0.2404265740483428,0.3156732260510906,0.6760831907423827,0.7481402446139963,0.08157089612056434,0.06529143397366802,0.008145915810018778,52.345098769637865,0.3475212836805892,0.5304446261023426,0.7328340048078593,0.12843612769489837,0.016495838897260244,0.39325211890470035,-0.3767562800074401,-0.9580527653780861,0.45395753358974367,0.20607744230288325,12.492692465438067,3.534500313401891,7.394909465357004,3.784883057018692,2.0091860315093566,0.046281857315993186,0.0,4.159274006869677,3.061032475872415,235.21236271204012,0.9408494508481605
strong_homogeneous,55,200,0.02,logistic,map,0.8,0.5,1.2467645812956902,0.7786273421226061,0.8874045419506729,-381.1796864165659,-374.989391233814,-0.0,-0.7860953799331504,-381.1796864165659,-375.77548661374715,1,0,0.464,0.11874800515839973,0.19299437030768257,0.7553764637490308,0.846921579652587,0.08323462038768913,0.06859633907804186,0.02564912522211671,50.251242501405706,0.34446940354430683,0.531535379926692,0.7541583411762034,0.13439086608245723,0.018060904886392955,0.423558742369055,-0.40549783748266205,-0.9573591497949625,0.4624277413523851,0.2138394159722684,11.839905991275916,3.44091644642469,11.835969090525284,4.083739032979428,2.224707667985573,-0.01055067344155475,0.0,5.852163887566874,3.659743488732745,214.5071484561109,0.8580285938244436
strong_homogeneous,56,200,0.02,logistic,map,0.8,0.5,1.2694984852880695,0.7663649564560456,0.40494999988004565,-391.88472985580466,-388.21620350371154,-0.0,-0.7911988098636521,-391.88472985580466,-389.0074023135752,1,0,0.524,0.21072364155414447,0.2798949126553201,0.7616332724408081,0.8447329800765783,0.04401166136794072,0.03525533557121733,0.022732666926458478,51.20422936403871,0.333711874087866,0.5285911188828072,0.7917849444985903,0.13091636229470233,0.017139093916477756,0.44016711002108466,-0.4230280161046069,-0.9610623021886919,0.47387863032165833,0.2245609562755309,13.10226534552302,3.619705146213296,10.061990967420988,4.112593299966594,2.225279003700136,0.025421756453357317,0.0,4.464487129299321,3.221881761340912,226.2746936329771,0.9050987745319083
strong_homogeneous,57,200,0.02,logistic,map,0.8,0.5,1.3682695587288163,0.8511599676294705,0.4247032499406487,-397.8104426843743,-392.33215926438453,-0.0,-1.1421041161338932,-397.8104426843743,-393.47426338051844,1,0,0.52,0.18770457589749628,0.2704842154213603,0.7813320289717467,0.8280620477493734,0.06457633795559685,0.04800094136086667,0.015577625017613173,53.40425709446325,0.3375830229368028,0.5221615286333314,0.7539392646227694,0.13243152862474275,0.017538109773886056,0.3402761052230424,-0.3227379954491564,-0.9484591791645486,0.42078249050806216,0.1770579043181674,10.095609310292012,3.1773588576508023,7.91822168969074,3.9840145910860607,2.0770384405123288,0.07538306247498079,0.0,4.126115528074875,3.2580305966470924,228.21145187868038,0.9128458075147216
strong_homogeneous,58,200,0.02,logistic,map,0.8,0.5,1.079875511623716,0.5887293968629659,0.5323952080216259,-396.2743390237728,-395.1430324864032,-0.0,-0.23335921552891756,-396.2743390237728,-395.3763917019321,1,0,0.536,0.23714518335034773,0.3085230159079643,0.7522896441419112,0.8432558745919999,0.09210764793309224,0.07300554751256197,0.020995874889194965,45.38505170815583,0.35794380707173457,0.5468759970073909,0.8103993841813674,0.13331157766858573,0.017771976740487368,0.43819720033717124,-0.4204252235966839,-0.9594429705922066,0.4726139962662205,0.2233639894667271,12.568325557047837,3.5451834306630507,8.25751567970138,4.032776369633761,2.10444322048054,0.06172391348207152,0.0,4.5633496521413575,3.2202426488744726,230.35874583627094,0.9214349833450838
strong_homogeneous,59,200,0.02,logistic,map,0.8,0.5,1.4021758125853931,0.8822541191152545,0.2996397919487208,-383.9064360763972,-378.36463922107407,-0.0,-1.2747779862740047,-383.9064360763972,-379.63941720734806,1,0,0.528,0.2043252912832854,0.3061173177036153,0.737961577084485,0.800427796426263,0.0457613178565988,0.03605719791963206,0.028258125064894557,54.920660559189926,0.32291001987393225,0.5213962373341693,0.7067169202619832,0.1314260061782048,0.017272795099953525,0.5218781498225451,-0.5046053547225916,-0.9669026283130904,0.5132009597721078,0.26337522511101263,15.247979472165525,3.9048661273039214,6.939247853880726,4.212604992336624,2.0468850693770557,0.005449557764366752,0.0,4.0097873942574385,3.1911062518199835,231.5608259141366,0.9262433036565464
strong_homogeneous,60,200,0.02,logistic,map,0.8,0.5,2.173314497488085,0.8670272153639602,0.2233056251425296,-388.4343912160861,-373.7198721820433,-0.0,-2.603606031556561,-388.4343912160861,-376.32347821359986,1,0,0.448,0.18332622926587622,0.2469791652443565,0.6461410318403497,0.7149517846938552,0.061724805072297245,0.052077345680043456,0.12214254192076623,62.953942184995284,0.3243852696484599,0.4891516316357824,0.8522589500670873,0.13030947015787328,0.016980558012825664,0.5830020070160713,-0.5660214490032456,-0.9708739287198412,0.5371988864278654,0.28858264357933866,16.994885760607392,4.122485386342491,6.567031209830792,4.2824053406704765,2.0635000147303524,0.021783000227097206,0.0,4.777956132691813,3.0641342580826008,230.06156540762373,0.9202462616304949
strong_homogeneous,61,200,0.02,logistic,map,0.8,0.5,1.6094674137652372,0.6069493188632429,0.4654709161259234,-416.01359239629494,-413.48763088738804,-0.0,-1.0524787876871473,-416.01359239629494,-414.5401096750752,1,0,0.48800000000000004,0.16114287112954703,0.24438952704031888,0.7336564452726856,0.8230373457601868,0.07242227348785182,0.057083751588752424,0.09064216702245176,56.54791025662942,0.33668345506694725,0.5136871645358885,0.7372318410924933,0.13314676814224596,0.017728061866725008,0.7924045281831557,-0.7746764663164306,-0.9776275106511918,0.6183004646677988,0.3822954646084159,21.564425230598502,4.643751202486897,11.744863712075608,4.503348660652093,2.396065741347144,-0.014055222785966008,0.0,6.205673220232457,3.422468694338115,221.6564411592547,0.8866257646370188
strong_homogeneous,62,200,0.02,logistic,map,0.8,0.5,2.281819104128724,0.7490607485027279,0.37824345915578306,-373.0365731160116,-359.1068810704148,-0.0,-2.5238711785181556,-373.0365731160116,-361.63075224893294,1,0,0.5720000000000001,0.2784052403983122,0.3655037902100187,0.7486280048583658,0.8213074636529254,0.10374791580038656,0.08285544837906483,0.01979029201902449,63.24832437326867,0.3127854048347573,0.48979033696667296,0.8258444217471589,0.12995082614437514,0.016887217215605616,0.8382768734511055,-0.8213896562354999,-0.9798548453972223,0.6357488788946365,0.4041766370157872,23.93388039340693,4.8922265271966845,8.90570387088226,3.923973750924287,2.003408543877608,0.023994107643300424,0.0,5.448871294681281,3.0234192608859014,229.50621674395228,0.9180248669758091
strong_homogeneous,63,200,0.02,logistic,map,0.8,0.5,1.9507164617173702,0.8687522641956766,0.3523608751129359,-404.74774248844193,-397.81257686179623,-0.0,-2.1993767578366823,-404.74774248844193,-400.0119536196329,1,0,0.536,0.2507012981684047,0.31483884349389313,0.7566267572810488,0.7971266020466338,0.04893986908593013,0.0400700928893259,0.019384041894227266,60.56263752172029,0.3277335638826402,0.5024057725039051,0.7803139837783389,0.1309647260933538,0.017151759480707185,0.6268559773282196,-0.6097042178475125,-0.972638436736599,0.5539841839390421,0.3068984760546065,17.89311915199226,4.230025904411492,8.159252106323633,4.040307561491841,2.2088418471180544,0.015982850941572223,0.0,4.4441423152437265,3.352191852247617,226.82263170862393,0.9072905268344957
strong_homogeneous,64,200,0.02,logistic,map,0.8,0.5,1.9233387501611603,0.653214888721968,0.39910512510687113,-373.22026630013903,-361.01255817094346,-0.0,-1.6818777940635379,-373.22026630013903,-362.694435965007,1,0,0.504,0.1457874726804113,0.23457554589814114,0.7577871447174858,0.8532557416328368,0.08303040189466385,0.06740329460503014,0.00880104093812406,60.99161077357569,0.3227560790399413,0.4996555459048232,0.7491919680378343,0.131950927229482,0.017411047196720056,0.7226810198251259,-0.7052699726284059,-0.9759077010201082,0.593203388778787,0.35189026045863664,20.210746457853883,4.4956363796301275,8.705761367907796,3.835439058745657,2.01754189102312,0.011153801060842577,0.0,6.28722410744651,3.3912403512756866,220.86858864576448,0.8834743545830579
strong_homogeneous,65,200,0.02,logistic,map,0.8,0.5,2.2399133225109336,0.748543464243167,0.31848879088647664,-372.8956045126226,-359.9494304952957,-0.0,-2.4457315954718277,-372.8956045126226,-362.39516209076754,1,0,0.512,0.1778575723376702,0.2888895885753291,0.7533751376916146,0.8438573838006445,0.10541324018162662,0.08526778440970081,0.06926700007170439,63.076110893972164,0.31281249046641413,0.4907498289980733,0.9085196541794763,0.13151914476349535,0.017297285439321245,0.7070926940886124,-0.6897954086492911,-0.9755374569926561,0.5821056344499378,0.3388469696583646,19.589603862816357,4.426014444487993,5.3319595826991435,3.7035181536279964,1.8712416045170295,0.05794577927941726,0.0,6.404401465409335,3.10122920824634,225.54866211771156,0.9021946484708462
strong_homogeneous,66,200,0.02,logistic,map,0.8,0.5,1.716990243703185,0.49867121753263416,0.36505316593684256,-381.1730366081432,-370.72591324315636,-0.0,-1.1665397981025722,-381.1730366081432,-371.89245304125893,1,0,0.484,0.12218739097466831,0.23697962520271376,0.7307723574803114,0.8931694597890552,0.07525653947401421,0.06141694209567007,0.009905291954055429,58.83523831810688,0.339812172036177,0.511130993898057,0.7139458169812251,0.13416689607272578,0.018000756001789603,0.805857491148696,-0.7878567351469064,-0.9776626063547157,0.6220227583585006,0.3869123119159177,21.49422568015763,4.63618654501279,11.076107553514088,3.7987715604017533,2.2988708510643643,-0.008955343511892906,0.0,7.232640094828561,3.581238498561076,214.47389881543944,0.8578955952617577
strong_homogeneous,67,200,0.02,logistic,map,0.8,0.5,1.1750079159068127,0.8430673692067834,0.27193870791234076,-387.7100985799922,-383.4211421988472,-0.0,-0.8414396094434544,-387.7100985799922,-384.26258180829063,1,0,0.512,0.15379452025717363,0.24186103624882135,0.7828627711805866,0.8716505681130832,0.0728267338792685,0.061394149961444745,0.018360499991104007,49.20709719433606,0.3531788119260595,0.5355377006608315,0.7684115820341838,0.1324543189439348,0.017544146606901605,0.3507865223428584,-0.3332423757359568,-0.949986258053113,0.42751871150504356,0.18277224868693265,10.417847774655096,3.227669093115819,8.950894380192377,4.02517705156023,2.089409651524083,0.044547430048535064,0.0,5.040294741645583,3.404412972938155,219.17696255661988,0.8767078502264796
strong_homogeneous,68,200,0.02,logistic,map,0.8,0.5,2.1657946983568293,0.8777549954182509,0.46612875000573695,-375.24654260569713,-366.78526658452694,-0.0,-2.617153063562359,-375.24654260569713,-369.4024196480893,1,0,0.48,0.22029970008377894,0.2792027810009145,0.6902948816633381,0.751570481992855,0.09009504122077348,0.07316741721631961,0.016292624874040484,63.01480518035966,0.3080916867090462,0.4938683457676215,0.7501251032638674,0.12959279626060746,0.01679429284264332,0.662250877160109,-0.6454565843174657,-0.9746405879979181,0.5701708145893762,0.3250947578095129,19.35745439570083,4.3997107172745835,8.727193601665883,4.035398035014364,2.011258261167826,0.03355724284453288,0.0,4.0295265541686005,3.131949529288599,232.87392863951092,0.9314957145580437
strong_homogeneous,69,200,0.02,logistic,map,0.8,0.5,1.5290630456087821,0.7150296347891493,0.33759366697631776,-376.48375718607144,-369.0639531720676,-0.0,-1.0952076558929638,-376.48375718607144,-370.1591608279606,1,0,0.516,0.1581389999973489,0.27150935086147926,0.7511068746498913,0.833033780606215,0.0562154788504303,0.04577403108762812,0.010402082931250334,56.219367429111756,0.34048963487003375,0.5130617361154098,0.8334390222925511,0.13275760336372125,0.017624581250879134,0.6705756329092541,-0.652951051658375,-0.9737172357808233,0.5739548893438382,0.3294242150016975,18.6911796832203,4.323329698648982,7.002986234886506,3.932503175545126,1.935404662956048,0.004639933480568469,0.0,5.495157836983623,3.108793371675457,225.9281189782677,0.9037124759130708
strong_homogeneous,70,200,0.02,logistic,map,0.8,0.5,2.0886266541401057,0.8079352788717746,0.3936159168370068,-379.59920998293967,-366.7056160249363,-0.0,-2.3024152252608374,-379.59920998293967,-369.0080312501972,1,0,0.484,0.20249012483833037,0.29497546322153373,0.6705041164510228,0.7871892809214623,0.06753718172469635,0.055133411395601586,0.012880540918558836,61.26232855856023,0.3089373780873006,0.5028173729590584,0.9490930244761449,0.13000053876532064,0.016900140079273637,0.6351983220949456,-0.618298182015672,-0.9733939157403071,0.5645341595296148,0.31869881727580857,18.857761875397788,4.342552460868814,6.720284934538949,3.621176675420977,1.9678023825375832,0.044467665598793046,0.0,4.02068713398098,3.119751608501673,233.51780079805854,0.9340712031922341
strong_homogeneous,71,200,0.02,logistic,map,0.8,0.5,1.2840263704047314,0.4733295165919408,0.2989706671796739,-388.36307949939953,-385.4390830620969,-0.0,-0.45374069952677576,-388.36307949939953,-385.8928237616237,1,0,0.504,0.15102929527016815,0.25379208404546977,0.7628224800606505,0.8522236432344121,0.07929157792382993,0.06408753184198294,0.00595079199410975,50.179721351036534,0.34628158836645406,0.5341677605870562,0.7670295604901252,0.13338760031373031,0.017792251917455468,0.6855099851621611,-0.6677177332447056,-0.9740452330344297,0.5834414973118403,0.34040398078548206,19.132147092157652,4.374030988934309,12.122714158318589,4.083364214654528,2.263920255405974,-0.004325269437785977,0.0,5.311946958988486,3.7669869266930798,218.91545942030578,0.8756618376812231
strong_homogeneous,72,200,0.02,logistic,map,0.8,0.5,1.5044644780456633,0.4788952931912757,0.2982952499296516,-389.69903845793056,-385.9241675985208,-0.0,-0.8015077259736364,-389.69903845793056,-386.72567532449443,1,0,0.528,0.14884077799984113,0.2539563803347616,0.7853512491781884,0.9019702551904171,0.11215349653638444,0.09399269703174419,0.009423125069588423,55.964903534415754,0.3246165365586212,0.5208096374853026,0.6530868063215088,0.13506726055035995,0.01824316487257882,0.8976394596484226,-0.8793962947758438,-0.9796765119040955,0.6516495988393065,0.42464719966742914,23.277057606693756,4.82463030777424,12.550860026108069,4.413117029656964,2.2997902429396695,0.08271549970670429,0.0,10.200985445207898,3.505618720522085,203.99086376472744,0.8159634550589098
strong_homogeneous,73,200,0.02,logistic,map,0.8,0.5,1.6744965647701167,0.9222906952572429,0.25993704213760793,-379.9649738766529,-371.61040117565653,-0.0,-1.8409316190858371,-379.9649738766529,-373.45133279474237,1,0,0.536,0.19887959690883406,0.28080743619128296,0.7403589204164126,0.8192180477255371,0.07116499731281418,0.05607293613367467,0.009391958126798272,58.349792467686086,0.33214903505863713,0.5182781722503358,0.7165255199639494,0.13000447997587514,0.016901164813797716,0.46971618115343483,-0.4528150163396371,-0.9640183466273288,0.4886016214445663,0.23873154447825928,14.125153331642824,3.7583444934761934,8.751702687968514,3.916126334913325,2.0244165641725607,0.012849009605473988,0.0,5.531525616460881,3.1608837782001227,227.7736553038012,0.9110946212152048
strong_homogeneous,74,200,0.02,logistic,map,0.8,0.5,2.2096720593648005,0.7127476922496025,0.28875508392229676,-375.66460290556563,-359.3658421996814,-0.0,-2.3158298745506167,-375.66460290556563,-361.68167207423204,1,0,0.44,0.14837080846989745,0.2261548661056441,0.7063341522798121,0.7718034984406837,0.08807906405507425,0.06999298762106304,0.009154540952295065,62.73235496601885,0.3201282699996062,0.49608865815844705,0.7517354831997923,0.13383533018743995,0.017911895606381074,0.7508882790845169,-0.7329763834781359,-0.9761457248630658,0.597858776167515,0.3574351162405189,19.955180852728027,4.467122211528136,5.967251602942017,3.3850661850487866,1.8003094527969303,0.02230197910418056,0.0,6.382214204817087,3.382813360694039,221.9200747270751,0.8876802989083005
strong_homogeneous,75,200,0.02,logistic,map,0.8,0.5,1.793997594696163,0.7553808606342185,0.35995745891705155,-387.15683182550106,-381.25571302993586,-0.0,-1.6449037172686332,-387.15683182550106,-382.9006167472045,1,0,0.464,0.12904808599042816,0.2053745365956431,0.7329352127753057,0.8505229747753669,0.07862013998091054,0.06213420289398322,0.03152550011873245,59.02029904903155,0.31808757450917385,0.5063639812694404,0.715516416380851,0.13333301997771707,0.017777694216378297,0.6493666373843019,-0.6315889431679236,-0.9726230249709344,0.5673140308412377,0.3218452095893327,18.103878133578313,4.254865230953657,6.335845734488881,4.074155215019594,2.0241656289036576,0.014746385425071602,0.0,5.235965782404209,3.3087726690008434,221.2478830196895,0.884991532078758
strong_homogeneous,76,200,0.02,logistic,map,0.8,0.5,1.6506684025534668,0.7886108485042287,0.4322787499986589,-383.32208484234377,-377.31763252260316,-0.0,-1.4645510433421889,-383.32208484234377,-378.78218356594533,1,0,0.528,0.23762383694729464,0.31671838884571746,0.7040306559586393,0.7897975168964065,0.13067012840020836,0.1076692554475695,0.015184750081971288,56.55670978812891,0.35039653295470846,0.5213101440249458,0.7775509132960463,0.1293557517354609,0.0167329105070462,0.5380274082126841,-0.521294497705638,-0.9688995202630428,0.5194798105820974,0.26985927360241174,16.127455739918915,4.015900364789808,7.433011666900236,3.888308504597211,2.0122700802478817,0.028258594409613893,0.0,3.8695544299152296,2.9481770918964014,235.06288113859955,0.9402515245543982
strong_homogeneous,77,200,0.02,logistic,map,0.8,0.5,1.4644795759672162,0.9464097560307159,0.32624800014309585,-389.9087913673218,-383.8250008240534,-0.0,-1.5454478330597226,-389.9087913673218,-385.3704486571131,1,0,0.544,0.2653438892907983,0.3891937533013257,0.7259890767631827,0.799293698604438,0.10559345219915243,0.08467175455060064,0.5843598330393434,54.33823369148553,0.3207499186111042,0.5227737792921083,0.7399396386639645,0.1294032681025429,0.016745205795618598,0.42454506470810094,-0.4077998589124823,-0.9605572948842735,0.47242666897087854,0.22318695755492005,13.328409353638232,3.6508094107523927,5.5965205687097965,3.923723977931739,2.0015618370392514,0.039479676332256346,0.0,3.771840417170101,2.8740862206595397,237.1464715708602,0.9485858862834408
strong_homogeneous,78,200,0.02,logistic,map,0.8,0.5,1.682342845017856,0.6842260928244007,0.24073399999178946,-389.3718747013835,-381.86270183363916,-0.0,-1.3018723980320472,-389.3718747013835,-383.1645742316712,1,0,0.504,0.1402276707447696,0.21912316806137067,0.8124464609246035,0.8679728972594281,0.10054459538900792,0.07833309107854024,0.010026333155110478,56.601801196456464,0.35374235641334184,0.5130862617801978,0.7308576031891065,0.134179565637845,0.01800415583476075,0.6191715944994505,-0.6011674386646897,-0.9709221870080851,0.5518264562268476,0.30451243779188086,16.913452682072244,4.112596829507147,8.651167828487202,3.890194674031611,2.0767829917584155,0.0391012777941468,0.0,6.5750429333409075,3.467893994453035,215.38685764333448,0.8615474305733379
strong_homogeneous,79,200,0.02,logistic,map,0.8,0.5,1.7995468193608728,0.706977172216405,0.2838314170949161,-392.90815823811596,-384.0764321682176,-0.0,-1.55437144356546,-392.90815823811596,-385.63080361178305,1,0,0.54,0.22406378120190118,0.274631153806874,0.7911712332509083,0.8693252277955014,0.09460222103793628,0.07791656093675642,0.00982749997638166,58.8542339404173,0.3387954766917697,0.5008162780550847,0.7672008924137348,0.1330901307889619,0.017712982913422985,0.6328250392502617,-0.6151120563368387,-0.9720096680523129,0.5645954016289906,0.3187679675406012,17.99628945043679,4.242203372121237,7.901874853670417,3.9946905584591366,2.116995254857336,0.024263296519246674,0.0,6.100869575018375,3.354493850925496,220.24928872517134,0.8809971549006853
strong_homogeneous,80,200,0.02,logistic,map,0.8,0.5,1.1435117738864353,0.45430383439050825,0.2784305408131331,-398.06596210133546,-395.5041294014081,-0.0,-0.27362300385682164,-398.06596210133546,-395.7777524052649,1,0,0.508,0.23829133534800442,0.2924610135481124,0.7066311112799947,0.8283889793096897,0.09800148844871788,0.07840576342149344,0.013737458037212491,47.34223536083109,0.37612193607672084,0.5416462212776192,0.8372892691697315,0.13237106367463566,0.017522098498354448,0.5343969931464587,-0.5168748946481043,-0.9672114575436014,0.5228691890589104,0.2733921888671226,15.60270813982684,3.950026346725657,5.751504116960532,4.002719458569674,2.138868120425229,0.09911055782450699,0.0,3.9738481729297965,3.1026145727586316,232.32189156681903,0.9292875662672762
strong_homogeneous,81,200,0.02,logistic,map,0.8,0.5,1.7982913472788167,0.7705796699163673,0.48278687498532236,-387.8992768719929,-380.01274628787223,-0.0,-1.6863098338767784,-387.8992768719929,-381.69905612174904,1,0,0.548,0.22016849061493768,0.2839023165050806,0.8053914051834591,0.8686231116217534,0.08765715295484623,0.07225346858141915,0.009409833932295442,58.8911870047549,0.34150440944173965,0.5089645678140446,0.7839795803818805,0.13445135684105447,0.018077167356400567,0.6300593760041402,-0.6119822086477397,-0.9713087876399101,0.5524838905416936,0.3052384493080861,16.885303061600002,4.109173038653885,6.480869978975083,4.224679779250607,2.0459068541645196,0.00918897495613595,0.0,6.982674720267542,3.5544001142097765,217.82618668650642,0.8713047467460256
strong_homogeneous,82,200,0.02,logistic,map,0.8,0.5,2.1659216494815103,0.6695126261168316,0.30895791691727936,-389.7265372563513,-377.13444292840455,-0.0,-2.154450448915777,-389.7265372563513,-379.28889337732033,1,0,0.488,0.21767037613884163,0.270282127524295,0.7056301289458828,0.7758751688027336,0.05231235625695776,0.04281432415664409,0.00914237485267222,61.50613792005085,0.29980388289127713,0.5147435087890693,0.7723286286305624,0.13060001734928872,0.01705636453163452,0.8024847018513319,-0.7854283373196974,-0.9787455580246135,0.6294810928596067,0.39624644626772487,23.231588744061185,4.819915844084955,6.87892216648884,3.7470117198890383,2.017947425536473,-0.007105272879705041,0.0,4.3587400097295985,3.2746792517984593,230.09667840083847,0.9203867136033539
strong_homogeneous,83,200,0.02,logistic,map,0.8,0.5,1.5177570943583174,0.8520288510986779,0.3040879578329623,-392.6477998220488,-386.5596661020651,-0.0,-1.3883701219916884,-392.6477998220488,-387.94803622405675,1,0,0.524,0.1406480444351325,0.25952445400514884,0.814945497461712,0.8905541365305908,0.07762721999707105,0.06273048920324042,0.10636924998834729,56.698408207044864,0.31604485675206756,0.5123935697342148,0.7296495186070974,0.13561450901827943,0.01839129505626899,0.5531751856785809,-0.5347838906223119,-0.9667532175476954,0.5217393327390857,0.27221193132702637,14.801129039264596,3.8472235494268587,5.495970494999941,3.756285652387562,1.9906232355559423,0.006661841968871009,0.0,5.10025076260278,3.549941813699586,221.13642598988497,0.8845457039595399
strong_homogeneous,84,200,0.02,logistic,map,0.8,0.5,2.4776267110359793,0.8019126569943469,1.5255859999451786,-386.5578430717199,-371.2955521435133,-0.0,-3.002117999751817,-386.5578430717199,-374.2976701432651,1,0,0.504,0.19362473201810365,0.28060994439950576,0.7292771472581482,0.7907378394137913,0.06856772139749914,0.05658446647627395,0.012576541863381863,62.789255264119625,0.3220736661641303,0.48943569804762055,0.8454778216575702,0.13170474429117518,0.017346139668803842,0.8288810654075847,-0.8115349257387808,-0.9790728243257985,0.630263294612375,0.3972318205356453,22.90030105372936,4.785425900975729,8.255776784754616,3.692806659846879,1.985404037408541,0.03507739375636089,0.0,4.55146369338675,3.1549559689855364,227.5670678146005,0.910268271258402
strong_homogeneous,85,200,0.02,logistic,map,0.8,0.5,1.6135601385842353,0.9748303089336458,0.35660120914690197,-387.6189431582229,-377.57588030193864,-0.0,-1.8759746291674346,-387.6189431582229,-379.4518549311061,1,0,0.548,0.31266009593978755,0.3839548439428055,0.7026293541936204,0.7718834264785305,0.12491113184177499,0.10059853999962712,0.01661445782519877,58.38742471945908,0.3452891565678806,0.512141906667799,0.7166822316713402,0.12803056810047247,0.01639182636812972,0.3914497030360006,-0.3750578766678708,-0.9581253319621953,0.4484789069159689,0.20113332994854233,12.270342878911991,3.5029049200502134,5.56246584011841,3.959537046645541,1.983316269672053,0.06111636253316817,0.0,3.5260644095404468,2.797857620730657,238.642877187097,0.954571508748388
strong_homogeneous,86,200,0.02,logistic,map,0.8,0.5,1.7402288738414422,0.7394919623015688,0.35433091688901186,-380.23673225232375,-370.16001237818864,-0.0,-1.5142738943507736,-380.23673225232375,-371.6742862725394,1,0,0.456,0.15313441125359828,0.22380388192382872,0.6990083131307184,0.7899740151850204,0.09241174143426631,0.0707146167551015,0.009277207776904106,58.26904457754003,0.31580650638712904,0.5100951950743465,0.8565068661548348,0.13359291232491122,0.01784706622345142,0.5965347392311943,-0.5786876730077428,-0.9700821007566928,0.5366816673650101,0.2880272120856873,16.13863076874862,4.0172914717193,7.156488175520607,3.9612455818821424,2.0345452055526247,0.033035499920823046,0.0,6.530210889987031,3.2848145535016,220.51606455780274,0.8820642582312109
strong_homogeneous,87,200,0.02,logistic,map,0.8,0.5,1.2506249124843214,0.44767205095265944,0.3196289159823209,-385.0743097722237,-383.02332302448116,-0.0,-0.42367843235174973,-385.0743097722237,-383.44700145683294,1,0,0.508,0.18145242835049735,0.2439764964215477,0.7710060346425955,0.8468622952982096,0.045059768438145284,0.03581297071573014,0.013474292121827602,48.75450116384102,0.379058589773438,0.540274671462283,0.7666952358693254,0.13556631031161434,0.01837822449150491,0.5608587032393608,-0.5424804787478559,-0.9672319884039285,0.5317226306574615,0.2827289559532912,15.383910240294371,3.922232813117341,7.458075284297798,3.9247453808033694,2.0660280568755343,0.01370471195899114,0.0,6.345584871937575,3.2777867197160715,216.92379206105963,0.8676951682442385
strong_homogeneous,88,200,0.02,logistic,map,0.8,0.5,1.8257604126378466,0.8092111789302301,0.34462458291091025,-393.1600659193367,-386.7489900245677,-0.0,-1.8253041351383898,-393.1600659193367,-388.5742941597061,1,0,0.536,0.30177783474883607,0.38825473448839815,0.6814801401789059,0.7509209171211008,0.1116008411818204,0.09137297201818712,0.007428250042721629,59.83387708008139,0.32429543097076385,0.5077482892052969,0.718148704358761,0.12943655050125258,0.016753820605663307,0.7513123244975168,-0.7345585038918535,-0.9777005912729192,0.6104235865641507,0.3726169550338413,22.240715345124638,4.716006291887728,11.605981038217346,3.934686792324337,2.1980805564462615,0.03195323835178278,0.0,3.467491644844048,2.7631889385028425,239.46727560883727,0.9578691024353491
strong_homogeneous,89,200,0.02,logistic,map,0.8,0.5,2.325417249097453,0.7682556585867026,0.28184941690415144,-376.8429778086307,-366.13538942865426,-0.0,-2.6461270389723164,-376.8429778086307,-368.7815164676266,1,0,0.52,0.14935188225133175,0.2540460431480853,0.7955732847418957,0.8847162398878826,0.09156281969982975,0.07448503089831625,0.00931958295404911,61.155020653429006,0.32611118348904,0.49580318745034685,0.7331141764811312,0.13399652943935997,0.017955069901793262,0.64937662093614,-0.6314215510343467,-0.9723502982353918,0.5651748997910552,0.3194226673538293,17.790109930005173,4.217832373388631,9.110472830171314,4.181192698620223,2.147208553314569,0.030947804118615366,0.0,7.226145576063617,3.3754198327718306,212.11204259078906,0.8484481703631562
strong_homogeneous,90,200,0.02,logistic,map,0.8,0.5,1.8655089924769446,0.7894391986623637,0.44110599998384714,-387.9300635565471,-379.83541277381585,-0.0,-1.8509021991925065,-387.9300635565471,-381.68631497300834,1,0,0.54,0.20644971036036475,0.3251811864574091,0.7564959552563881,0.8079551165957846,0.0556869258945756,0.04455200236976047,0.07787954085506499,59.6117404923327,0.33415780788302935,0.5121703514721132,0.7485784995032798,0.13181845833486588,0.017376105957780774,0.7040073393753479,-0.686631233417567,-0.9753182886229591,0.5888340957499669,0.3467255923176812,19.954159646593453,4.46700790760364,9.528701607120846,3.9737448716622015,2.13427392853467,0.003770030997986652,0.0,4.726960171561793,3.1442229930784724,227.8495247109567,0.9113980988438268
strong_homogeneous,91,200,0.02,logistic,map,0.8,0.5,1.4940222236478629,0.8542150400450954,0.2732724999077618,-407.7003871689799,-402.8713009402735,-0.0,-1.3539699549372024,-407.7003871689799,-404.2252708952107,1,0,0.512,0.14938450227938152,0.25624295389202256,0.7475278753699132,0.8652091959414252,0.05437044386287294,0.04281265116836749,0.009052333887666464,56.90765932525437,0.3352831206322319,0.5164142542574144,0.7211594357333189,0.13287974560147187,0.01765702679111188,0.5008324898688714,-0.48317546307775955,-0.9647446458680529,0.49949382969186246,0.2494940859002433,14.130016839858486,3.7589914657868655,7.886001606362611,4.268128527116737,2.1756862014936638,0.030559514492758694,0.0,4.617337540419391,3.1816853604215334,226.45516829369652,0.9058206731747861
strong_homogeneous,92,200,0.02,logistic,map,0.8,0.5,1.2102563877342487,0.6029254930778498,0.2843331671319902,-390.6803771562521,-388.5185649270577,-0.0,-0.4128287369576111,-390.6803771562521,-388.93139366401533,1,0,0.49999999999999994,0.26345816365109015,0.3274249839426813,0.6691663939899444,0.710950655867104,0.0573012084834266,0.04547546689728908,0.012658957857638597,48.82067051850005,0.3772599263067927,0.538196265160124,0.7889620489762948,0.13023927758880208,0.01696226942685304,0.40953994783940273,-0.3925776784125497,-0.9585821370629646,0.4562726995038484,0.20818477631252916,12.273403462330986,3.5033417564278517,8.231427469232425,3.958343556893654,2.117965627652052,0.05775216358509842,0.0,3.3872739321273078,2.898805562705422,238.13731831858973,0.9525492732743589
strong_homogeneous,93,200,0.02,logistic,map,0.8,0.5,1.6246597679168802,0.8169644283196669,0.22606620797887444,-383.08193074039707,-377.5277241586222,-0.0,-1.485917418303425,-383.08193074039707,-379.01364157692564,1,0,0.492,0.22481927783384736,0.2954622111997991,0.6844558881831366,0.7589947365281661,0.06889273993692326,0.054820568293562674,0.0072810829151421785,59.30591972739204,0.3121927937113416,0.5065387500187853,0.7538115993891368,0.13160860344186806,0.017320824499918883,0.5805093356176484,-0.5631885111177295,-0.9701627115410815,0.5254101884163623,0.2760558660917174,15.937801696045717,3.992217641367479,9.319835766493135,3.833341497968,2.0745616276321215,-0.009962379511384904,0.0,4.004649200411253,2.9445177056251994,234.78894904219254,0.9391557961687702
strong_homogeneous,94,200,0.02,logistic,map,0.8,0.5,0.9529879381200645,0.4866147939445219,0.3317744170781225,-402.3603125609387,-401.87580356914634,-0.0,-0.06271600889710205,-402.3603125609387,-401.93851957804344,1,0,0.468,0.0783083463241507,0.14831893326936682,0.8191479434384614,0.9129618995671981,0.11208738330240045,0.09381040371003249,0.01014445791952312,39.76206012463351,0.4354421235038554,0.5648721366151084,0.8632971179674523,0.14171873661317855,0.020084200307235477,0.2745097699889453,-0.2544255696817098,-0.9268361184083019,0.38458022340781045,0.1479019482364014,7.364094461013649,2.7136865075048093,7.081289013995429,4.164503297402419,2.178030654767137,0.07391587881255089,0.0,8.223404150600679,3.986470078859255,197.49714083922402,0.789988563356896
strong_homogeneous,95,200,0.02,logistic,map,0.8,0.5,1.6247189225489533,0.5156728485838029,0.31641800003126264,-391.23909151218055,-384.4877180785457,-0.0,-1.0057884625569395,-391.23909151218055,-385.49350654110265,1,0,0.5119999999999999,0.1732598586598725,0.22630217911245457,0.7800750932921368,0.8799172725933927,0.06151205911573584,0.04874581772856897,0.008027416188269854,56.65228294924101,0.3315352007436543,0.5179813374299325,0.7250222835659981,0.13419854960960978,0.018009250717322896,0.822172179168482,-0.8041629284511591,-0.9780955240597695,0.6301719974549305,0.3971167463763369,22.05070897227028,4.695818243104207,6.917192710948828,4.415043162861523,2.2221067670662578,0.02243118481141542,0.0,5.879009494445231,3.5169494797892145,217.10910705124462,0.8684364282049785
strong_homogeneous,96,200,0.02,logistic,map,0.8,0.5,1.5967619401997668,0.8606279683189821,0.3673507501371205,-388.1551375775527,-378.2639672441045,-0.0,-1.5451131921813732,-388.1551375775527,-379.80908043628585,1,0,0.448,0.14956364565799507,0.20779419683108924,0.716102027477518,0.7977137088017321,0.07278714856985938,0.0591042550180349,0.006937333149835467,57.0538196138938,0.3544653411010321,0.5156660291025423,0.7017110967495107,0.13361005975222606,0.017851648066993415,0.44640472528621683,-0.4285530772192234,-0.9600101722589347,0.47638241843759577,0.2269402085964526,12.712563442030369,3.565468193944572,7.344663920500521,4.243095631250334,2.096710111346515,0.01759945275277582,0.0,6.286494426964568,3.529615769050859,217.83757244548391,0.8713502897819356
strong_homogeneous,97,200,0.02,logistic,map,0.8,0.5,2.34087136326506,0.79337198109957,0.2556426669470966,-389.66146165596825,-375.409588564057,-0.0,-2.731825152299368,-389.66146165596825,-378.1414137163564,1,0,0.536,0.2061994918826819,0.30245802146657125,0.7391803667401166,0.8147583259149137,0.04567250840282141,0.03798212049514743,0.028630833141505718,64.63410578636051,0.3094865928662312,0.4877681475380641,0.767220708210121,0.1312656727654051,0.017230676846554417,0.7498991166428741,-0.7326684397963197,-0.9770226734981471,0.607941350556912,0.36959268571696224,21.449690514674643,4.6313810591091125,8.34595772793324,4.190076132637844,2.146826697676075,-0.0076263616451348,0.0,4.726408242297221,3.3187019947447283,226.94903657906852,0.907796146316274
strong_homogeneous,98,200,0.02,logistic,map,0.8,0.5,0.9155548100397435,0.6776439714561824,0.45639837509952486,-381.65213677111416,-380.66860114688916,-0.0,-0.22125495149995048,-381.65213677111416,-380.8898560983891,1,0,0.46,0.18610985814235165,0.27857236844773436,0.6315520599448119,0.7314732214442994,0.08829411802419672,0.07301865762010998,0.015013290802016854,39.669499453970126,0.3512088897465301,0.5728937676761714,0.847843314104018,0.1275991310713613,0.016281538250166445,0.2272288152710622,-0.21094727702089575,-0.9283473874968536,0.3519950249137038,0.12390049756399897,7.609876638205996,2.7586004854284347,5.922073503551275,3.8641180984702106,2.0552173968537524,0.048936170063468495,0.0,5.37317050252717,2.991676559362458,231.99816222121513,0.9279926488848605
strong_homogeneous,99,200,0.02,logistic,map,0.8,0.5,1.7909695984303398,0.7619961813091465,0.248122249962762,-384.2472246679471,-376.0023488841035,-0.0,-1.653995620456573,-384.2472246679471,-377.6563445045601,1,0,0.456,0.14605959932639495,0.22502412024106613,0.6880454747294655,0.7806568176596645,0.07598599078149113,0.06100454004587872,0.010752333095297217,60.08869529813953,0.3396956003722295,0.5052429001148493,0.7555732019899417,0.13236340726266296,0.01752007158218158,0.6160086935113026,-0.598488621929121,-0.9715587267408262,0.5487823056879275,0.30116201903615797,17.189542726666055,4.146027342730153,12.55418033332129,4.035097047209654,2.1599964251625994,0.05323083360510877,0.0,5.663011023271349,3.41169276710411,224.36353209075264,0.8974541283630105
strong_homogeneous,100,200,0.02,logistic,map,0.8,0.5,1.20887589962885,0.9904652171917212,0.19045508303679526,-376.6975163119855,-371.2178467085413,-0.0,-1.2753913320171621,-376.6975163119855,-372.4932380405584,1,0,0.516,0.16364262712949873,0.26611538158059217,0.760243281914431,0.8634687244022469,0.08085107254672178,0.06675396165298611,0.09285079222172499,49.306433306282145,0.3424138690562088,0.5343335528488731,0.8403078244945368,0.13194463293049774,0.01740938615916379,0.2815893390942342,-0.26417995293507046,-0.9381745551335035,0.38567435177946374,0.14874470562050954,8.54393740598457,2.9230014379032676,6.4333144624192915,3.534836653462677,1.8691021700764088,0.023111053887100254,0.0,6.7160014008465385,3.6732601553718993,218.69619656760545,0.8747847862704218
strong_homogeneous,101,200,0.02,logistic,map,0.8,0.5,1.8660020068472747,0.8244450964612611,0.37936570891179144,-370.53812338664443,-358.4176232046803,-0.0,-1.934825508896981,-370.53812338664443,-360.3524487135773,1,0,0.532,0.18103282172738525,0.2842449524285024,0.7792257106621967,0.8662833285023729,0.06779004319165459,0.055084204028500804,0.012617541942745447,60.32640514439362,0.3212755432582111,0.5050040906331892,0.7055675068001541,0.13368421553607515,0.0178714694834958,0.6872306292626307,-0.6693591597791348,-0.9739949462050737,0.5735514348068748,0.32896124836902474,18.40706208702192,4.290345217697746,8.805186007577735,3.7864349347051807,1.9774771919184086,0.0013642105681811855,0.0,6.010812083991486,3.378630062798197,220.3898906472598,0.8815595625890391
strong_homogeneous,102,200,0.02,logistic,map,0.8,0.5,2.1380934313253896,0.6917498205804286,0.27607999998144805,-386.43806073594925,-376.4199170310334,-0.0,-2.143557745292236,-386.43806073594925,-378.5634747763256,1,0,0.528,0.17371477604175092,0.2359400754590835,0.8023797166818819,0.8986700450593496,0.06804399848807999,0.05575255444056769,0.02204233407974243,61.194515954230376,0.3273596768017068,0.49669759212847053,0.786946644675337,0.13396072288424937,0.017945475275670655,0.8301675233621907,-0.81222204808652,-0.9783833084640661,0.633779187722789,0.4016760587905582,22.383138513758134,4.73108217152885,8.914545704074051,3.9374765374043426,2.2281392054395184,0.017146839831448758,0.0,7.005610808966165,3.4516707218642164,212.3928328398278,0.8495713313593112
strong_homogeneous,103,200,0.02,logistic,map,0.8,0.5,1.8376033578187085,0.6500462718325726,1.2502025000285357,-398.8031519741025,-392.850718815302,-0.0,-1.5208809803303849,-398.8031519741025,-394.3715997956324,1,0,0.48,0.19365688704182674,0.27333736964335786,0.7005051093214056,0.8166597631237346,0.09589926991109325,0.07591001780214399,0.014188375091180205,59.920813437492626,0.3308339309100437,0.5106618406762844,0.7845992322946523,0.13050808905055958,0.017032361307628786,0.7922100192313507,-0.775177657923722,-0.9785001945265037,0.6144834477753212,0.37758990758984584,22.16897004296894,4.708393573499239,7.1158678706976195,4.636427897287979,2.225640717735621,0.021606791260606443,0.0,3.89768448155309,3.11738789380128,232.41063477642933,0.9296425391057174
strong_homogeneous,104,200,0.02,logistic,map,0.8,0.5,1.7677924323729555,0.8421728678277455,0.28782087517902255,-380.292675084297,-372.92023521769784,-0.0,-1.800970239206611,-380.292675084297,-374.72120545690444,1,0,0.524,0.1908694270487675,0.2736974933699153,0.7631219142937471,0.8215338939961985,0.07613726661653185,0.06003582770398458,0.02278391714207828,57.749083406417824,0.3066224515000957,0.5153138515484998,0.7881926999527163,0.13152542441033913,0.017298937266319828,0.5454761216847159,-0.5281771844183961,-0.9682865361495722,0.523412144040035,0.27396027252858635,15.836826754784145,3.979551074528903,8.985134834833788,3.9058691647746677,2.100467023454683,-0.007943514534251938,0.0,5.603304864951213,3.217763075550498,224.52314803217598,0.898092592128704
strong_homogeneous,105,200,0.02,logistic,map,0.8,0.5,1.9140663427052982,0.694541468648553,0.3847570000216365,-398.2269129560702,-384.54513314133874,-0.0,-1.7380845242243357,-398.2269129560702,-386.2832176655631,1,0,0.488,0.22767438291068745,0.2906355866002988,0.6875043024313567,0.7847079766988521,0.08771311478055357,0.07144885636128806,0.013414874905720353,60.26218408543334,0.3319540154860157,0.5004598402731462,0.8483161673946963,0.12968180799522885,0.0168173713249114,0.7625752084316417,-0.7457578371067304,-0.9779466062639265,0.5996859205380886,0.3596232032916146,21.384031805191125,4.624287167249794,7.985747600485098,4.310056919396696,2.142396994424843,0.03944538279383008,0.0,4.64485392754757,2.903607287272493,234.41734064431282,0.9376693625772513
strong_homogeneous,106,200,0.02,logistic,map,0.8,0.5,1.9249922966048119,0.48653528370340315,0.2650805420707911,-378.68662024462213,-370.85738450350766,-0.0,-1.5434885404657102,-378.68662024462213,-372.4008730439734,1,0,0.528,0.21096050485566273,0.29639307235543677,0.7366233036711497,0.8300434361940509,0.09350667955650087,0.07654982362080531,0.00964783295057714,60.98920454001873,0.3362384370454676,0.49760645637628464,0.8098757126374971,0.13151354125986245,0.017295811534709545,1.0394158396768387,-1.0221200281421292,-0.9833600654574527,0.693399339181599,0.48080264357747815,27.79879062700208,5.272455844006859,5.7785312026230455,3.710912951727275,1.9675610506430434,0.012255712436758713,0.0,4.509813781267284,3.0463865215801604,229.90040216624007,0.9196016086649603
strong_homogeneous,107,200,0.02,logistic,map,0.8,0.5,1.2034749268915927,0.7328977856791886,0.3136286661028862,-375.7473485036295,-372.9753761135519,-0.0,-0.6259670680345031,-375.7473485036295,-373.6013431815864,1,0,0.48,0.1837497546302007,0.23907753959380695,0.729940340725972,0.850089988636289,0.08102440952352917,0.06404124786107421,0.06585658411495388,48.585837800255675,0.347432242048362,0.5415286208137502,0.7591557582253508,0.13516977935530256,0.018270869250961178,0.47588273986487767,-0.4576118706139165,-0.961606362827639,0.49462325061265733,0.2446521600466316,13.390285743178922,3.6592739366135083,6.50297698210992,3.6076468340676775,1.9395483270251317,0.049828579225223206,0.0,4.869908705215344,3.4596082335139773,223.69945352871767,0.8947978141148707
strong_homogeneous,108,200,0.02,logistic,map,0.8,0.5,2.2419243561617255,0.5795699421988911,0.26534674991853535,-406.6615352263779,-397.5317537841788,-0.0,-2.1673881090445213,-406.6615352263779,-399.6991418932233,1,0,0.5,0.13127672454791567,0.2002575755685712,0.7944530303399808,0.9144665087686755,0.07535702784498015,0.06123021124514838,0.48755629104562104,62.51064903871642,0.3337001190507984,0.49222288705454886,0.8412772000178733,0.13690746034175952,0.018743652697230457,1.1067199701765544,-1.087976317479324,-0.983063780177166,0.7112958659317157,0.5059418088915493,26.992700785920277,5.195450008028205,15.618156103117725,4.8227742583309645,2.5322773315845826,0.015957578024993424,0.0,7.61749657788729,3.9300668422519203,202.0696678707134,0.8082786714828536
strong_homogeneous,109,200,0.02,logistic,map,0.8,0.5,2.0518301853638374,0.8470310392114838,0.30061145895160735,-394.54880213346246,-384.53385087540266,-0.0,-2.329990216806531,-394.54880213346246,-386.8638410922092,1,0,0.508,0.256852812893469,0.3249550988974826,0.6967042511554438,0.7706201116276402,0.07379310936701666,0.06378880800971673,0.009114792104810476,61.172529482131985,0.3207546554338904,0.5002056714710065,0.8315975172126733,0.12824695978840045,0.016447282694967605,0.5359150219091685,-0.5194677392142009,-0.9693099054466227,0.5152931292086979,0.26552700900969173,16.14412629333205,4.0179753973029815,5.455572735405747,4.22406629971987,2.0914558439705813,0.023116022056146903,0.0,4.359580114437355,3.059660141189997,235.59824509488047,0.9423929803795219
strong_homogeneous,110,200,0.02,logistic,map,0.8,0.5,1.1305103166712955,0.7721428431774674,0.4499907500576228,-392.8788672756022,-390.78198348212766,-0.0,-0.6168601656821988,-392.8788672756022,-391.3988436478099,1,0,0.5,0.12642078476610227,0.25310992760026807,0.7409393225450512,0.8393058501041337,0.08851413839786974,0.0722132576481767,0.056230041896924376,46.576425101507276,0.37329947689950865,0.5476028667110491,0.8347291657249343,0.13270419800253602,0.017610404167496284,0.3185224778321155,-0.30091207366461925,-0.944712209049252,0.4036100909997461,0.16290110555682333,9.250276371140401,3.04142669994534,7.9375974345737115,3.9294966642520537,2.0750890234404316,-0.000794926269013688,0.0,6.223001899247884,3.2807526937268636,222.71629370729394,0.8908651748291758
strong_homogeneous,111,200,0.02,logistic,map,0.8,0.5,1.7544957309976843,0.5286899330129554,0.23393279197625816,-385.29061883165946,-376.55950497015476,-0.0,-1.239696764760235,-385.29061883165946,-377.799201734915,1,0,0.484,0.1386178837051763,0.19734682484212304,0.7589896491520801,0.8481255397632531,0.06585649986996502,0.05202927757267166,0.007301041856408119,59.60920307354152,0.3351331895071304,0.5148471136985131,0.7336075158046317,0.13616523124332403,0.018540970199547903,0.8668259705242928,-0.8482850003247449,-0.9786105044956906,0.6413144416247544,0.41128421303647045,22.182453701721556,4.709825230485899,9.972406654520507,3.889756245231433,2.12536850264862,-0.020111993061113352,0.0,5.7958716678693625,3.6831946721205906,213.23478431656935,0.8529391372662773
strong_homogeneous,112,200,0.02,logistic,map,0.8,0.5,2.660050288959837,0.6135653310529602,0.21481258305720985,-371.9708439607833,-360.0927105644132,-0.0,-2.9709363124231696,-371.9708439607833,-363.0636468768364,1,0,0.52,0.20825758567393748,0.2839718758573252,0.7486258956220586,0.8017215364751759,0.044480150748053886,0.03437187936718894,0.016017749905586243,65.30505581243803,0.3080971879963192,0.47179787630815617,0.8013462604930587,0.1305288530522282,0.01703778147913018,1.061914255008117,-1.0448764735289868,-0.9839555958508156,0.7005479049398904,0.49076736711566965,28.804652044447078,5.3669965571488,6.266683405666257,3.7650280976409354,1.9484404495551761,0.012495559819836572,0.0,5.0434120893558445,3.0566997034379244,228.94710160189527,0.9157884064075811
strong_homogeneous,113,200,0.02,logistic,map,0.8,0.5,1.7029649090764214,0.846176847760395,0.22922862507402897,-384.3110992896747,-375.8131207917644,-0.0,-1.6952089547942442,-384.3110992896747,-377.5083297465586,1,0,0.496,0.14189345716365248,0.24397531503471365,0.7261456521172467,0.8016794219537117,0.0745714935222944,0.05703484455728616,0.021943124942481518,59.50403342097587,0.34049848229978963,0.5065243198540774,0.7656800271246046,0.1328705389697566,0.017654580126113602,0.47521557515728713,-0.45756099503117353,-0.9628493234459534,0.48640345608969454,0.2365883220959994,13.400960000518623,3.6607321672745496,9.014796790349294,3.790709734378817,2.0352236813962064,-0.0068407511336953065,0.0,5.150724085630175,3.5635370647070195,223.46035450972713,0.8938414180389085
strong_homogeneous,114,200,0.02,logistic,map,0.8,0.5,1.1970666670989154,0.7810674656128433,0.4003497918602079,-376.04899246696056,-371.72866475922245,-0.0,-0.722773814244625,-376.04899246696056,-372.4514385734671,1,0,0.468,0.11416785889015041,0.20091420872733237,0.7411004948434561,0.791374698934534,0.06716939835020658,0.05303529025499559,0.13802012498490512,49.96998646899192,0.3740140293395548,0.531285951704861,0.7640702247183411,0.13135738108836192,0.017254761566393145,0.29184477703703354,-0.2745900154706404,-0.9408769218295668,0.39189720867715944,0.15358342216894905,8.900929843509475,2.983442616091262,8.36455154669079,3.9739926499489684,2.088483399107549,0.07284292060516594,0.0,6.521924627226879,3.6855960974645585,218.28268668119208,0.8731307467247683
strong_homogeneous,115,200,0.02,logistic,map,0.8,0.5,1.5283035066370056,0.7995250560370357,0.3430272089317441,-387.37929112379425,-382.2824472197671,-0.0,-1.2786904460306638,-387.37929112379425,-383.5611376657978,1,0,0.452,0.19039854442663953,0.239013754592727,0.6742562620704949,0.7399765734188573,0.10041214217150851,0.07589497928619202,0.01270437496714294,56.67799848432447,0.35069383853606634,0.5205485711963638,0.7612760764045443,0.1351681212580543,0.018270421004432075,0.6500838171004939,-0.6318133960960618,-0.9718952840790256,0.5698435894201205,0.3247217164032069,17.77308340757092,4.215813492977473,5.638882919085627,3.6139493520109034,1.9570020968448607,0.005139216002072281,0.0,4.6403571050788495,3.3739432076647473,226.08382545083614,0.9043353018033445
strong_homogeneous,116,200,0.02,logistic,map,0.8,0.5,1.7612496756708036,0.9339470971611079,3.3962870000395924,-380.30650056916517,-365.975162849764,-0.0,-2.0263488992249488,-380.30650056916517,-368.00151174898895,1,0,0.556,0.24548078794915415,0.3065422094779744,0.7991108494674897,0.8635243052012904,0.07449918505623727,0.06471926871705751,0.19778654188849032,59.88451186488236,0.32622446582803183,0.5115505307992174,0.7592285390266387,0.13370217565225628,0.01787627177414679,0.48604243891352233,-0.46816616713937553,-0.9632207594585637,0.4892718475614731,0.2393869408162174,13.391323640672441,3.6594157512740257,8.334101092033443,3.7556441872051054,1.916045336435392,0.004036893735097422,0.0,4.990871009344448,3.3989660033128635,224.33557783278877,0.897342311331155
strong_homogeneous,117,200,0.02,logistic,map,0.8,0.5,1.0081620497593655,0.4716189074040584,0.3853576248511672,-397.1326399644035,-396.1214258768033,-0.0,-0.11380364051951573,-397.1326399644035,-396.2352295173228,1,0,0.476,0.13461740546669632,0.24515433951546495,0.7161167861616206,0.792588018325817,0.060567578577407154,0.048519661337370706,0.6018837911542505,43.46477887480119,0.3994219793197693,0.5520646024453322,0.8003322636607966,0.13241469110127793,0.01753365041944685,0.457770225018692,-0.44023657459924515,-0.9616977045225453,0.4841120046486775,0.23436443304496113,13.366551028359948,3.65602940748019,11.416517108960292,3.9623872369783206,2.2347989837835365,0.10564427737325284,0.0,7.428459912246601,3.3020200066391134,220.21806184666636,0.8808722473866655
strong_homogeneous,118,200,0.02,logistic,map,0.8,0.5,1.4293725598820661,0.8022009553815381,1.6221014589536935,-371.8792031708145,-366.17683844149315,-0.0,-1.120666971777767,-371.8792031708145,-367.2975054132709,1,0,0.536,0.13602817699127137,0.22695237375880944,0.8372529201024197,0.9356683880161741,0.09542499357011065,0.0783747098259757,0.011380000039935112,54.5917473694448,0.37094020767730473,0.517810011924041,0.7783349460768113,0.13627953171721324,0.018572110765062932,0.44388730733833115,-0.4253151965732682,-0.9581603022703524,0.47441236295407146,0.22506709012366566,12.118552003633983,3.4811710678497234,10.805307546340535,3.9298836640088006,2.083641966850388,0.06254390813250443,0.0,10.697061019437358,3.426113815281437,195.21030790123527,0.7808412316049411
strong_homogeneous,119,200,0.02,logistic,map,0.8,0.5,1.54300888064304,0.8923302132305639,0.2833874160423875,-384.2587765556974,-380.26733418561327,-0.0,-1.533987621120751,-384.2587765556974,-381.801321806734,1,0,0.532,0.3098132914938562,0.3704181249618821,0.6714377619784723,0.7238007397134225,0.0581009205094042,0.046801448561091814,0.018606374971568584,55.602379569865825,0.34897636158056067,0.5200038906892039,0.8299693055959796,0.1278460486592119,0.016344612157773577,0.36806494047997684,-0.3517203283222033,-0.9555931294720457,0.43805494681016366,0.1918921364248553,11.740390935712139,3.426425387442741,6.2351982206239285,4.218956414294943,2.041775855504554,0.018996311415802325,0.0,3.0884344369792545,2.7980334113628103,240.2459573484734,0.9609838293938936
strong_homogeneous,120,200,0.02,logistic,map,0.8,0.5,1.1820716710106747,0.7405175512677186,0.24869941687211394,-389.50221250015375,-386.626759882718,-0.0,-0.6133345799919621,-389.50221250015375,-387.2400944627099,1,0,0.484,0.12617948672980298,0.23882331298134218,0.7201193830910405,0.8444213096919596,0.07040438351345452,0.05352556319035503,0.9313742499798536,48.1037930283226,0.3436433635586467,0.5434562212668632,0.7556916180943231,0.13459426631520868,0.018115616524929316,0.3744742840835127,-0.35635866755858336,-0.9516238703299336,0.44022867557793793,0.1938012868011053,10.698023251618896,3.2707832779960975,7.478615799972853,3.687319238663902,1.9980597299650522,0.04349367949377592,0.0,5.228152072334104,3.2264404700094342,223.62119517678596,0.8944847807071439
strong_homogeneous,121,200,0.02,logistic,map,0.8,0.5,1.312035866122701,0.9677987170620043,0.33899741689674556,-404.6126392234823,-398.29750379307507,-0.0,-1.3618015043302747,-404.6126392234823,-399.65930529740535,1,0,0.548,0.17225046447787692,0.2652801811414627,0.778863910822084,0.8720331793583155,0.0939945460974414,0.07709986836899305,0.013896416174247861,52.28305371160535,0.36362975911907963,0.5274329551811348,0.7898728657276929,0.13001430351429227,0.016903719118306515,0.2559800399648828,-0.23907632084657626,-0.9339646984951425,0.36658334166012213,0.13438334638270183,7.949927790575173,2.8195616309233555,11.559656510060632,4.002631027824362,2.214966686704171,0.05128884012259635,0.0,4.551354359239506,3.5023346536490574,222.3067167127244,0.8892268668508977
strong_homogeneous,122,200,0.02,logistic,map,0.8,0.5,1.5798910460049127,0.6465733901311091,0.2270170410629362,-392.5505141573069,-388.3991238845001,-0.0,-1.058337795565497,-392.5505141573069,-389.4574616800656,1,0,0.464,0.1834040196323364,0.25826470736121926,0.6906012835157258,0.7906987421738424,0.056441092438851516,0.04554586453773373,0.02511529205366969,57.67908221609255,0.32555636311906894,0.5143952816675588,0.8060008414127587,0.13200284892713451,0.0174247521248799,0.6790377860575505,-0.6616130339326706,-0.9743390537571599,0.5765964528943873,0.33246346949038946,19.079954027907355,4.368060671271332,9.997981298062749,4.2610588426365545,2.1811680292046436,0.05485887663945384,0.0,4.130249557730695,3.0757319708845094,232.015568050181,0.928062272200724
strong_homogeneous,123,200,0.02,logistic,map,0.8,0.5,1.6960194165689677,0.9196999291080561,0.32313245884142816,-383.6448697073918,-374.04486478101006,-0.0,-1.8721193403201994,-383.6448697073918,-375.91698412133024,1,0,0.532,0.08861863775865092,0.207955796102887,0.8294093581273866,0.884534430459469,0.08882084495004262,0.07307572852371473,0.018450208008289337,60.47631887824585,0.3091296746756303,0.5073445891160768,0.682475394942094,0.1354386163387507,0.01834361879575531,0.5695065571466624,-0.5511629383509071,-0.9677903290742421,0.5267409237110383,0.27745600071195786,15.125477900585286,3.8891487372669724,10.67412795509095,4.322136122772523,2.145128796920973,0.0546375993471045,0.0,6.864544792987614,3.8604497743980084,208.73676148918008,0.8349470459567203
strong_homogeneous,124,200,0.02,logistic,map,0.8,0.5,1.861494765586665,0.6789068377455557,0.264896749984473,-398.98837463598056,-389.0683464958392,-0.0,-1.6135594178737807,-398.98837463598056,-390.68190591371297,1,0,0.508,0.15133012349483344,0.22893938894307198,0.7886277482774137,0.8677979578247523,0.08460799434585921,0.07144724336258071,0.010820999974384904,58.45306849781184,0.3234125619763659,0.5077607295753205,0.7706441115312191,0.1342687978001805,0.018028110062705757,0.7137673598571954,-0.6957392497944896,-0.9747423165072823,0.5872171131546988,0.3448239379817384,19.1270153544861,4.373444335359272,5.5823525108578735,4.039208082379967,2.0892197524530642,0.031076409255826415,0.0,7.564179671857074,3.4819453826102094,215.33141705714658,0.8613256682285864
strong_homogeneous,125,200,0.02,logistic,map,0.8,0.5,1.8156801534494602,1.0066431633670534,0.2340605000499636,-389.61093263393036,-380.2349520298861,-0.0,-2.3228519724307954,-389.61093263393036,-382.55780400231686,1,0,0.456,0.21079486255581148,0.27009274494693375,0.689546613898658,0.7730076160117144,0.11230568919786321,0.08859441963673083,0.011785374954342842,59.47991356690652,0.3208821287246881,0.5055663307264677,0.7352555054256995,0.1308130268556075,0.01711204799512589,0.38700521479886757,-0.3698931668037417,-0.955783417533484,0.4424797100374214,0.19578829379480053,11.441546555419194,3.3825355216788475,8.628367142623803,4.103204971084557,2.113543228591915,0.05149269764758819,0.0,4.492197882949857,3.249023508702885,228.14936921834564,0.9125974768733826
strong_homogeneous,126,200,0.02,logistic,map,0.8,0.5,1.2046014363603608,0.6047788158865147,0.22704270901158452,-378.41880675211235,-375.7734003003438,-0.0,-0.40743408354179705,-378.41880675211235,-376.18083438388555,1,0,0.464,0.09874776644013152,0.19146056842468515,0.7315027548383658,0.850036059875926,0.07933027438084524,0.06517451221215807,0.01592995785176754,48.69545170304563,0.3337284554935842,0.535083377806967,0.8298725752897668,0.13803296761514422,0.01905310014864345,0.4914990555363322,-0.47244595538768874,-0.9612347166611492,0.5012980517969547,0.25129973673542233,13.189440814087908,3.6317269740562694,5.8764656351630125,3.914386455737184,1.9907067392123843,0.007520696656445878,0.0,5.649010778697469,3.55172670258116,217.67100062653407,0.8706840025061363
strong_homogeneous,127,200,0.02,logistic,map,0.8,0.5,1.904807961970782,0.6684525514723876,0.22753100004047155,-391.6892425450282,-382.73289407762826,-0.0,-1.6738131190958527,-391.6892425450282,-384.4067071967241,1,0,0.424,0.1522729964873819,0.23271264279562712,0.6395764863314254,0.711220523344677,0.10126261960970305,0.08270689658305688,0.009485041024163365,58.95760899083537,0.3192556303675601,0.5028944453715241,0.7768799203566774,0.132051040837496,0.017437477386266036,0.7082928642668934,-0.6908553868806274,-0.9753809783128137,0.5847138353663044,0.3418902692687737,19.606635850782553,4.4279381037659675,8.914124884461597,4.769136099934525,2.227672899233707,0.007150805248647231,0.0,4.6979892918373745,3.452215840181211,224.88902854892032,0.8995561141956813
strong_homogeneous,128,200,0.02,logistic,map,0.8,0.5,1.345532182917874,0.8508590735246083,0.24385020812042058,-383.4326351378446,-377.07394120534116,-0.0,-1.1059397935860074,-383.4326351378446,-378.17988099892716,1,0,0.536,0.24231994148724514,0.3362341191519647,0.7157905931865164,0.7960596823303453,0.06796667668280477,0.05313744268104675,0.012249374995008111,52.260061991091966,0.33707413774825346,0.5269779557888065,0.7495922114829087,0.12997948906981424,0.01689466757884996,0.4378977915744744,-0.42100312399562445,-0.9614186965453635,0.47380195800842867,0.2244882954126208,13.287523673662124,3.64520557358047,5.931073023311316,3.6350468281421278,2.0224232265146327,0.0281601780759027,0.0,4.126775509528738,3.097708206134141,234.2067554560643,0.9368270218242571
strong_homogeneous,129,200,0.02,logistic,map,0.8,0.5,1.688652028540434,0.649223117525739,0.25822279090061784,-380.34172348917093,-371.97349973360986,-0.0,-1.2526573681864992,-380.34172348917093,-373.22615710179633,1,0,0.5,0.1471966198622074,0.25242726239622204,0.7354616407016985,0.8237263712879813,0.06007862854734723,0.0489981077847827,0.02775720809586346,57.309250200238125,0.3299590226046249,0.5131384680351097,0.7544687714027407,0.1337305173275675,0.01788385126469883,0.7528797409167872,-0.7349958896520884,-0.9762460718588051,0.6027928949594752,0.36335927421362485,20.317730718934378,4.507519353140303,8.175639352210675,3.7372849043996976,2.0438911199328107,0.017902983842602326,0.0,4.576138642481142,3.2419412413427846,228.0003069290039,0.9120012277160156
strong_homogeneous,130,200,0.02,logistic,map,0.8,0.5,2.035501248110388,0.6285145241073917,0.1864609168842435,-382.7239921487679,-371.86892532393307,-0.0,-1.848938902656864,-382.7239921487679,-373.71786422658994,1,0,0.464,0.14645510391049193,0.217122538445721,0.7354468865932818,0.7932067695174232,0.05858556920533327,0.046349360273345554,0.012719792081043124,60.96292965532534,0.33262277356730946,0.5043835469496203,0.7424516508091226,0.13402568574534238,0.01796288443950927,0.8714971679772978,-0.8535342835377886,-0.979388476406412,0.6442365655669956,0.41504075241355776,23.105462477990326,4.806814171360312,11.77397907140367,4.340002662690575,2.123201877072633,0.04057841978473139,0.0,6.004421355172548,3.6010848582184445,217.9325572424133,0.8717302289696532
strong_homogeneous,131,200,0.02,logistic,map,0.8,0.5,1.630146796374997,0.8914872876188379,0.24409904098138213,-392.7350828543461,-387.35807490378824,-0.0,-1.682179902127673,-392.7350828543461,-389.04025480591594,1,0,0.464,0.13800939073635718,0.1990520221284806,0.7360081787108459,0.8221095078629248,0.0809431814289122,0.0659967300485425,0.01960537489503622,56.76678323635762,0.3134802956487304,0.5155811638012253,0.7606353558204242,0.13515786447417033,0.018267648329218192,0.4416533191973871,-0.4233856708681689,-0.9586380368149031,0.4757655201241787,0.2263528301390303,12.390912396588577,3.5200727828538683,8.044779110297746,3.982882955599904,2.101772097903511,0.017943217585989737,0.0,5.585405457499205,3.410954626893201,219.96970685607735,0.8798788274243095
strong_homogeneous,132,200,0.02,logistic,map,0.8,0.5,1.9534586683583028,0.7638892873610157,1.3311679170001298,-376.81270966717636,-367.6443362673772,-0.0,-1.9532252889757407,-376.81270966717636,-369.5975615563529,1,0,0.556,0.23352844295780498,0.3092695909574485,0.7969850435711145,0.8691607580753513,0.0715744292424585,0.06043393998097949,0.013088207924738526,60.355302308750154,0.31787239920651267,0.5084921383547014,0.8037164638142331,0.1334321807844272,0.017804146868888062,0.7424946260885182,-0.7246904792196301,-0.9760211774694171,0.6079142161513229,0.36955969419887735,20.756944824167125,4.555979019285221,6.237606189286409,4.271766539718714,2.015945545174903,-0.009440800030515149,0.0,7.036513754627902,3.4090363638801944,219.09572696704524,0.876382907868181
strong_homogeneous,133,200,0.02,logistic,map,0.8,0.5,1.6514676912597934,0.6711033480904603,0.29128420795314014,-380.20849681062714,-370.1168655150135,-0.0,-1.2239358340903832,-380.20849681062714,-371.34080134910386,1,0,0.516,0.10265673679110804,0.22074516686803222,0.8118076824720845,0.8687995027818496,0.07554748857309201,0.061242740561630614,0.01634741690941155,58.65920810694762,0.33463264995773045,0.509451907031451,0.770853339235623,0.13597641722947623,0.0184895860425646,0.8191632738128414,-0.8006736877702768,-0.9774286926261919,0.6239922390399316,0.3893663143820671,21.058682086538482,4.588973968823367,9.556577122213243,4.1072166242128905,2.0562490166192227,0.025661351989858534,0.0,6.034963695658358,3.6000745937067404,212.61396640351018,0.8504558656140407
strong_homogeneous,134,200,0.02,logistic,map,0.8,0.5,1.7593012997362152,0.7926682162855104,0.30034462502226233,-393.79528596497477,-386.9493113014655,-0.0,-1.6667451463161056,-393.79528596497477,-388.6160564477816,1,0,0.456,0.12363104673428317,0.2026628062982462,0.7144749015052035,0.8408277595752974,0.08515573404889121,0.06856704793905993,0.007742417044937611,57.94070627844924,0.34445855690039157,0.5120780879285372,0.768852094736352,0.1336816331957243,0.017870779053876174,0.6476688906844701,-0.629798111630594,-0.972407538310216,0.5653503792434164,0.31962105131067475,17.88512131156078,4.229080433328359,6.122671139349606,4.07245465414572,2.022574738657382,0.026442994396643257,0.0,7.078793692569804,3.4122060558219887,216.95873856716113,0.8678349542686445
strong_homogeneous,135,200,0.02,logistic,map,0.8,0.5,1.676088888351826,0.6427837454188373,0.2910648330580443,-385.28144747180056,-380.5025921584747,-0.0,-1.2202389391185449,-385.28144747180056,-381.72283109759326,1,0,0.52,0.23225524903159453,0.313367637921207,0.7467793972723571,0.8038422067481852,0.045045742096155056,0.03606584491623021,0.08043866697698832,57.58214384247293,0.3308998352226706,0.5112401110848208,0.721249434936063,0.1307230523077295,0.01708851640464938,0.7253084408098297,-0.7082199244051803,-0.976439655954411,0.5899834728105127,0.34808049818955294,20.369263776160725,4.513232076479197,8.03173599655928,4.346885061088027,2.1241652085147327,0.025993802385039295,0.0,4.533642457232028,3.155726322305034,227.91216904974198,0.9116486761989679
strong_homogeneous,136,200,0.02,logistic,map,0.8,0.5,1.6776901728023483,0.5741314640293141,0.5090771249961108,-378.9336339281582,-368.4449913036683,-0.0,-1.1350889677602534,-378.9336339281582,-369.5800802714285,1,0,0.484,0.2019248066522414,0.29336059483829835,0.6588403343877579,0.7723835339245729,0.05567561470770958,0.046443106748537966,0.00991641590371728,57.34124764806452,0.3458169878996009,0.5144660137441908,0.8505578928958017,0.13039275955313012,0.017002271743880408,0.7801648828700801,-0.7631626111261998,-0.9782068225356002,0.6139190725620144,0.3768966276554038,22.167427584555544,4.7082297718522135,7.854966948264149,4.133633797074093,2.0085912352170467,0.009317101538931893,0.0,4.952338529273514,2.896925218160521,234.3205268335199,0.9372821073340796
strong_homogeneous,137,200,0.02,logistic,map,0.8,0.5,1.550341329284586,0.8623801498578247,0.3585586668923497,-395.8234569495945,-389.29163997340396,-0.0,-1.4697205691055442,-395.8234569495945,-390.7613605425095,1,0,0.524,0.18279887939913322,0.24294555428093495,0.7988334460026293,0.8414743902273755,0.05070299081712841,0.040029906024641036,0.01726041710935533,55.11943050845685,0.3530893059703143,0.5202771088821381,0.7851365171796371,0.13351608450860075,0.017826544822507815,0.4677720280417972,-0.44994548321928934,-0.9618905283902205,0.492833840471622,0.24288519431400812,13.624917039859627,3.6911945275018527,9.921376577001274,4.332042393861161,2.336939923291961,0.0041479808698235135,0.0,5.309262673568432,3.489669772497181,221.58329795789436,0.8863331918315774
strong_homogeneous,138,200,0.02,logistic,map,0.8,0.5,1.8495346772164125,0.5776507831564051,0.24630391714163125,-391.03769770772345,-382.77243727376776,-0.0,-1.4464286689002015,-391.03769770772345,-384.21886594266795,1,0,0.48,0.06931225051066907,0.1460641359343972,0.7979739379667029,0.8572707242889623,0.12132092566629889,0.10036056985045273,0.025233082938939333,60.272909374169046,0.32131666941104603,0.5052435920106553,0.715763393196384,0.13785041152641472,0.019002735958001893,0.9929652847151325,-0.9739625487571306,-0.9808626381500805,0.6784805275615627,0.4603358262802165,24.224713078033005,4.921860733303311,11.700914772087954,4.205108398990067,2.1617327629904803,-0.0031146324375300976,0.0,7.006271103235671,3.7930353344798866,204.83896977782746,0.8193558791113098
strong_homogeneous,139,200,0.02,logistic,map,0.8,0.5,1.4325559351639616,0.6319635562496532,0.5019529161509126,-369.9239688052028,-363.8729319014541,-0.0,-0.7885757171693898,-369.9239688052028,-364.6615076186235,1,0,0.504,0.08510181492202015,0.17482682050052734,0.832403486581602,0.9134266498952581,0.07474716793816519,0.0620766146173179,0.007643957855179906,54.64028767088392,0.34608685599350775,0.52064507666826,0.7219539618834724,0.13907318996044404,0.019341352165773755,0.5647568331964725,-0.5454154810306988,-0.9657527788441206,0.5274428256750714,0.2781959343561038,14.38347908521082,3.7925557458277153,9.202078384087178,3.7546644342280358,2.0141155769773422,0.0002584112841052431,0.0,6.260753829096187,3.839137640382401,205.45304830160552,0.8218121932064221
strong_homogeneous,140,200,0.02,logistic,map,0.8,0.5,2.1631449062710444,0.8696026655345938,0.4890274580102414,-400.2382572079796,-390.3168978081284,-0.0,-2.5914485674912813,-400.2382572079796,-392.90834637561966,1,0,0.464,0.17478911502271446,0.2651250064561544,0.6906384258781898,0.7584856016005628,0.07722956958778049,0.063347247167713,0.017212499864399433,60.815905890584446,0.3124794950458506,0.5017625502269729,0.9136055580114052,0.1309986370763498,0.017160642915861203,0.7145101581280882,-0.697349515212227,-0.9759826466836811,0.5961648606300334,0.3554125410500272,20.71091058724421,4.550924146505214,7.1089007899787875,4.285249997845619,2.141931774620762,0.005464658751023577,0.0,5.721180062442941,3.357938899145057,226.5420233520356,0.9061680934081424
strong_homogeneous,141,200,0.02,logistic,map,0.8,0.5,1.6750404497046518,0.4962866455689908,0.2390431659296155,-368.7754930451154,-361.07885762393266,-0.0,-1.0922965756663239,-368.7754930451154,-362.17115419959896,1,0,0.45199999999999996,0.24675121856872057,0.28579807321929057,0.6068285782470948,0.6704632847770169,0.08648466537452952,0.07078327352349878,0.021489208098500967,60.51350334369096,0.32895799443451057,0.502550118410406,0.7296858636188193,0.13142048487703034,0.017271343845313758,0.9350853183531581,-0.9178139745078444,-0.9815296599076847,0.655443606312748,0.4296063210562606,24.873937135634407,4.987377781523514,7.393892160168269,3.546037351365878,2.0152651018544967,0.0029872159683013563,0.0,3.8309998904616123,2.8125336095958517,237.9927233075944,0.9519708932303775
strong_homogeneous,142,200,0.02,logistic,map,0.8,0.5,1.4855888777656705,0.7653114278995978,0.22109395894221961,-373.01213129770093,-367.941390118609,-0.0,-1.1286080600362485,-373.01213129770093,-369.0699981786452,1,0,0.536,0.13529584880551151,0.23755756828206107,0.8065860568674577,0.862355588531958,0.07080638052180245,0.057207983674698565,0.014400667045265436,55.23086116898014,0.3346387478742213,0.5228302819069086,0.7975621240733743,0.13309976678010788,0.017715547916919105,0.5198557241490356,-0.5021401762321165,-0.9659221836098504,0.515772785094595,0.2660215658442353,15.016276498576335,3.8750840634206036,10.58763584738285,3.868347102179469,2.1567488823225913,0.037216850261412894,0.0,6.9437873267623225,3.276910039736497,214.71137973682804,0.8588455189473121
strong_homogeneous,143,200,0.02,logistic,map,0.8,0.5,1.5966345585141468,0.6750801987002176,1.3210209589451551,-389.0576123318051,-386.3472675781097,-0.0,-1.1353450651440118,-389.0576123318051,-387.48261264325373,1,0,0.492,0.15991377106402851,0.2568631705471823,0.7389487853664781,0.8176564896248941,0.06696870923539734,0.056241074065786746,0.07380899996496737,56.41656452347963,0.34395281605819933,0.5202442506219795,0.7580581633043582,0.13151436725621385,0.017296028794802295,0.6899914735028194,-0.6726954447080171,-0.974932981842519,0.5871432210076348,0.34473716197522036,19.93157886501778,4.464479685810854,7.000230461206194,4.083322189806432,2.123803149418926,0.010480959240841,0.0,6.25337013408061,3.2493370250254574,223.39433276322114,0.8935773310528846
strong_homogeneous,144,200,0.02,logistic,map,0.8,0.5,1.7788166461526538,0.8206450496128579,0.26901958300732076,-396.3988640105398,-392.07744000150626,-0.0,-1.768101665264726,-396.3988640105398,-393.845541666771,1,0,0.468,0.21988971422703338,0.2773521066915027,0.6555720721773057,0.7476438181478225,0.10310641994900056,0.0816791004854341,0.007946041878312826,58.23507216725294,0.34156522513101334,0.5120113885748658,0.7775457626578667,0.13178573055180545,0.01736747877707307,0.5643776761159145,-0.5470101973388414,-0.9692272045616735,0.5254613590802091,0.2761096398864204,15.898084196936786,3.9872401729688653,7.556536870513385,4.478949151152584,2.2273962542124575,0.02997678558853824,0.0,3.9626530749532796,3.0449343544125016,234.3173702792868,0.9372694811171471
strong_homogeneous,145,200,0.02,logistic,map,0.8,0.5,2.0910684665017345,0.7901715813060741,0.21463800012134016,-375.1188362690068,-363.8267560643438,-0.0,-2.2652176325973206,-375.1188362690068,-366.0919736969411,1,0,0.52,0.20878371279453675,0.2951114374276148,0.7400536591914585,0.8242626163765663,0.1100466966634724,0.08876726405199847,0.012655124999582767,62.02042647366242,0.32386941579856865,0.49598643543953236,0.8115584203744006,0.13040107830943803,0.01700444122426419,0.5577249193787475,-0.5407204781544833,-0.969511060679868,0.5249809187292986,0.27560496502985843,16.207822497371378,4.025893999768422,5.995128874216676,3.667304786281141,1.8788858740475027,0.05295459883690884,0.0,5.690308910839247,3.1134254695420704,227.39562199640403,0.9095824879856161
strong_homogeneous,146,200,0.02,logistic,map,0.8,0.5,2.35759997757292,0.5547859961277319,0.1825263339560479,-375.51411336220417,-362.5108597532901,-0.0,-2.357825410304801,-375.51411336220417,-364.86868516359493,1,0,0.49600000000000005,0.12366310362512292,0.20470309823168895,0.7945502078820768,0.8930648311274941,0.07808768827845337,0.06201578570954418,0.006226459052413702,62.966201776221595,0.32125421471027754,0.49062072479991986,0.8720906848100642,0.136342186208357,0.018589191740074295,1.1103196004114464,-1.0917304086713722,-0.9832578009672299,0.7169390593725495,0.5140016148539961,27.65056286691149,5.2583802512666855,6.968456515820238,3.7057305796684155,2.0367943419720698,0.011257948670525934,0.0,8.274466967834156,3.8866886592633954,201.49024238921587,0.8059609695568635
strong_homogeneous,147,200,0.02,logistic,map,0.8,0.5,2.292127079488243,0.8188423868370074,0.4961715000681579,-378.71971667732413,-366.8508165457985,-0.0,-2.702690965272595,-378.71971667732413,-369.55350751107113,1,0,0.524,0.17979440315286652,0.2628136551858382,0.7688104520922663,0.8307100446499952,0.0765777478737766,0.06392183206466386,0.012801958015188575,60.619575517395276,0.33437546628223636,0.4944494840150034,0.908059935214835,0.13316235628708814,0.0177322131319294,0.7095989056242983,-0.6918666924923689,-0.9750109350629159,0.5914892245751351,0.34985950278849454,19.730165669987475,4.4418651116380685,7.371576053640337,4.245898505029966,2.06796558621576,0.03879849213739689,0.0,5.251212544759736,3.4559903952072126,219.32104861649975,0.877284194465999
strong_homogeneous,148,200,0.02,logistic,map,0.8,0.5,1.6652334553339172,0.6939084944063424,0.29026462510228157,-395.7571127334799,-389.73719555944257,-0.0,-1.289713783871188,-395.7571127334799,-391.0269093433138,1,0,0.488,0.1496216274770936,0.25008241419145927,0.7319393364257277,0.7820298448946508,0.07577238894590146,0.058628672885578006,0.005810834001749754,57.0117249853341,0.3297833734997571,0.5172138112801669,0.7242695348062119,0.13380424292662302,0.017903575425166747,0.8510108442276743,-0.8331072688025075,-0.9789619890902624,0.6450413253750124,0.4160783114415526,23.23995635289019,4.82078379030736,6.553463818850749,4.146957433198593,2.1502072761462707,-0.0002206043830494977,0.0,6.138595526785765,3.38077398664385,223.248190419527,0.8929927616781079
strong_homogeneous,149,200,0.02,logistic,map,0.8,0.5,1.2260189715290348,0.5895804165339226,0.3417227091267705,-386.3638139706877,-382.96038304712357,-0.0,-0.4188343836896055,-386.3638139706877,-383.3792174308132,1,0,0.508,0.1704042412691078,0.27087041904901243,0.7495528507769098,0.8083805060907305,0.08971269059847477,0.07269847083373186,0.022227999987080693,49.835425660178416,0.3427393760302263,0.5351989207132524,0.767493394162135,0.13287770886463096,0.017656485513113628,0.6021027122740469,-0.5844462267609333,-0.9706752931797502,0.5428386106149824,0.29467375717440447,16.68926451730995,4.0852496272945125,7.932994008754258,3.567481706330902,2.0098003675247447,0.0099956582579406,0.0,4.993143935412983,3.527875340767812,222.78430683774664,0.8911372273509865
strong_homogeneous,150,200,0.02,logistic,map,0.8,0.5,0.9005486899297309,0.4957755755695353,0.1978703341446817,-404.7519216579969,-404.59205032499096,-0.0,-0.02817755237274914,-404.7519216579969,-404.62022787736373,1,0,0.484,0.20343892717162457,0.27972504541912163,0.6945821167933602,0.7840288126795132,0.056929504590862934,0.04482876797357921,0.019640000071376562,36.953941923876734,0.47140373012681586,0.5830749341311736,0.8387133858015516,0.12885383959713692,0.016603311978924694,0.2439998205406766,-0.2273965085617519,-0.9319535893832479,0.36360208612495026,0.13220647703441574,7.962656920633134,2.8218180169233333,5.410124890847001,3.7281082735019724,2.046261202200386,0.0960345263110733,0.0,4.915480109450159,2.9657475976206995,231.81340442973303,0.9272536177189321
strong_homogeneous,151,200,0.02,logistic,map,0.8,0.5,1.626781312876433,0.6338051168813228,0.8131697920616716,-376.22474536310506,-365.56006253357543,-0.0,-1.1199460121344713,-376.22474536310506,-366.6800085457099,1,0,0.52,0.2841027740915197,0.3408422507970278,0.6998422794898458,0.7790651026035316,0.08362296119983806,0.06635013705406297,0.007680333219468594,57.88129870947361,0.35790413249822567,0.5124315476296137,0.7826966757690748,0.13010279445432818,0.01692673712482517,0.7165738864323403,-0.6996471493075151,-0.9763782389432308,0.5922383711618264,0.35074628827641324,20.721435306158334,4.552080327296338,6.337716412335176,3.711620995783345,1.9586855472491755,0.021820163539080874,0.0,3.868063081892096,2.8953474975100946,236.98117475957838,0.9479246990383136
strong_homogeneous,152,200,0.02,logistic,map,0.8,0.5,1.9790090319350946,0.718817478415661,0.29832970816642046,-399.85380364301056,-388.17401452457136,-0.0,-1.904266193290054,-399.85380364301056,-390.0782807178614,1,0,0.536,0.21021185356857236,0.3030865109152863,0.7493415241586332,0.8119667127536339,0.06624120620703856,0.05462613546144276,0.008495958056300879,60.60234510870278,0.3391336696898527,0.506586472815467,0.7711146803273248,0.13207300127957455,0.017443277666994505,0.7170926602320452,-0.6996493825650507,-0.9756750018033234,0.5971456658428047,0.35658294623484654,20.442427910756646,4.52133032533088,7.786222637266457,4.59898790952291,2.239432400421191,-0.010876663279253095,0.0,5.24719633689421,3.2143077108789404,225.16829486405655,0.9006731794562262
strong_homogeneous,153,200,0.02,logistic,map,0.8,0.5,1.599406154049779,0.7824357101742841,0.2602989999577403,-373.7307556586074,-366.5906913631123,-0.0,-1.3609332935977447,-373.7307556586074,-367.95162465671,1,0,0.52,0.13620525414647353,0.242953037531589,0.7878568125791028,0.8927863169056436,0.10314015754161593,0.0820386002336755,0.019498000154271722,56.79993884605143,0.3245337641175976,0.5134345151103272,0.7508123885389855,0.13599332002488404,0.018494183091390524,0.5553412308978635,-0.536847047806473,-0.9666976228984664,0.5226366078056508,0.2731490238185976,14.769456021323531,3.843104997436777,7.767010120297591,3.544693874938704,1.9460511743623907,-0.008057884837083449,0.0,7.341860681267199,3.56715455491505,213.0274270427289,0.8521097081709156
strong_homogeneous,154,200,0.02,logistic,map,0.8,0.5,1.5704234767144993,0.6110337788518677,0.23240912519395351,-396.0492308418986,-393.7235446361567,-0.0,-0.9903063643865991,-396.0492308418986,-394.7138510005433,1,0,0.5,0.15648256023589768,0.2560390190397783,0.7220141861615086,0.8158858101909441,0.04993838816293217,0.04042575912748906,0.007670124992728233,55.75344436857446,0.38252712824339463,0.516881680759266,0.7461321397165366,0.13139226252303052,0.01726392665092097,0.6801664585458055,-0.6629025318948845,-0.974618085861171,0.581557404731524,0.33820901499806555,19.590503472164794,4.426116070796697,5.8650754694470635,4.351587569915271,2.1464175916229196,-0.027893358699696648,0.0,3.969767177185497,3.234865014958763,229.02093159442705,0.9160837263777082
strong_homogeneous,155,200,0.02,logistic,map,0.8,0.5,1.7513168976598725,0.6645399163943486,0.2317725419998169,-376.8965052365827,-369.176290639379,-0.0,-1.3896462912277205,-376.8965052365827,-370.5659369306067,1,0,0.49600000000000005,0.1463531279558687,0.2328719876158956,0.7343744921201062,0.8239500051752919,0.06445469553664,0.055352303247445604,0.012147000059485435,58.57854959862341,0.32050918919775095,0.5079946105383752,0.7203471092287901,0.13295892905992604,0.017678076816762443,0.7120783577276837,-0.6944002809109212,-0.9751739726043984,0.5926836110411373,0.3512738627967621,19.870592623722644,4.457644290847201,10.21580620469022,4.176001451674316,2.0845329163356747,0.024949087252470213,0.0,6.832788707471561,3.3183398808151385,219.31661432578224,0.8772664573031289
strong_homogeneous,156,200,0.02,logistic,map,0.8,0.5,2.3466735508297116,0.5633433536065229,0.22896962496452034,-394.63412082473974,-381.4633080707946,-0.0,-2.3446207987676897,-394.63412082473974,-383.80792886956226,1,0,0.468,0.25087195401847784,0.3240614350111605,0.6153979469602633,0.7336617806581144,0.11574461985689596,0.09414597674357439,0.10970066720619798,63.524141611916185,0.31380728249494455,0.48678839595496004,0.8091296314062165,0.12840619423875924,0.016488150718881964,1.1718529189739386,-1.1553647682550567,-0.9859298462700262,0.736675369730571,0.5426906003676736,32.91397620147862,5.7370703500548625,5.5310129171711235,4.405946878321273,2.1302328608888774,0.01655798706785384,0.0,3.986097226022904,2.849088003261344,239.4240516709308,0.9576962066837231
strong_homogeneous,157,200,0.02,logistic,map,0.8,0.5,2.17270369739507,0.8108013783913848,0.4697709169704467,-377.97441584469317,-365.35130971492083,-0.0,-2.4638452663663326,-377.97441584469317,-367.81515498128715,1,0,0.484,0.20643140863422585,0.27844392624056524,0.6884498253893879,0.8098422630714028,0.11235293692839607,0.0918199164023743,0.009947292041033506,62.15284554439593,0.32098839008184304,0.4948409736179075,0.8330901033918398,0.1298500321474714,0.016861030848699356,0.7351875780660693,-0.7183265472173699,-0.9770656750035783,0.6017776395812228,0.36213632749994806,21.47770980016224,4.634405010372124,6.230676808050893,3.662566514993477,1.9400901876461296,0.05126895953664284,0.0,4.463830631138205,3.0964897962737794,231.9966114484689,0.9279864457938757
strong_homogeneous,158,200,0.02,logistic,map,0.8,0.5,1.254366680239796,0.788349468232218,0.2381744161248207,-396.5388012858779,-392.73722572774557,-0.0,-0.8192509237185759,-396.5388012858779,-393.55647665146415,1,0,0.484,0.2439672820421482,0.3332138988255937,0.6368384944356617,0.7237628674600556,0.0807903946832759,0.06680240218644451,0.01106812502257526,50.902353526750275,0.37013225900806157,0.5360456137009422,0.7138257204051535,0.13028571478429096,0.01697436747685361,0.4345153467365777,-0.4175409792597241,-0.9609349414138318,0.4705879463156421,0.22145301521757366,13.046319134986847,3.6119688723723584,6.711603930723294,4.100076271718006,2.0741045235522093,0.021230348714902262,0.0,3.4041566375301575,2.732710252018489,240.19781804705678,0.9607912721882271
strong_homogeneous,159,200,0.02,logistic,map,0.8,0.5,2.0470158391853754,0.7026503839495664,0.2781064580194652,-382.97633935619183,-372.3192063930955,-0.0,-1.9969624098743628,-382.97633935619183,-374.31616880296986,1,0,0.44800000000000006,0.1666946470343253,0.2327439346976493,0.6614141244048517,0.747625937784638,0.06638794999350545,0.05240155907907531,0.01165249990299344,61.87883732571732,0.3152997166733354,0.499368673405685,0.897160104415359,0.13217749251221575,0.01747088952681685,0.9740470195703623,-0.9565761300435455,-0.9820636076331068,0.6697009282664077,0.4484993333208882,25.671236294664133,5.066679020291708,6.763769252325213,3.9665171842974343,2.1031845227030743,0.012902022297959491,0.0,4.729243178951765,3.1985555627176003,228.64934969435998,0.91459739877744
strong_homogeneous,160,200,0.02,logistic,map,0.8,0.5,1.6922471433533393,0.7876020002360307,0.2643465409055352,-394.771561884809,-391.1166047641685,-0.0,-1.5355349512854244,-394.771561884809,-392.6521397154539,1,0,0.48,0.18170531841211443,0.2699204433660903,0.7046241951478915,0.7816479003504788,0.07722696631216502,0.06325311810064356,0.009220791980624199,56.50406275571237,0.32320731711303924,0.5182183651876588,0.7499874965478858,0.131139162967525,0.017197480063823083,0.6201662306497515,-0.6029687505859285,-0.9722695638461237,0.5568766446315239,0.3101115973360645,18.032385918470734,4.246455688980015,11.025012668374908,4.828205921433511,2.377642536961443,0.06013738777436137,0.0,5.293727941939585,3.189164476791405,229.53227878308385,0.9181291151323354
strong_homogeneous,161,200,0.02,logistic,map,0.8,0.5,1.610950664062411,0.8394648106241758,0.25507970806211233,-388.6478358514924,-382.7041571448638,-0.0,-1.5168827221804688,-388.6478358514924,-384.2210398670443,1,0,0.4679999999999999,0.05068895715696459,0.1278362495082562,0.8244724725691764,0.9212490531652747,0.10721257704945082,0.09198108949991843,0.0069371669087558985,58.109511041786604,0.3381709717770651,0.5113775869943398,0.8570452644927871,0.14081931207859122,0.019830078654287667,0.45383490654517533,-0.4340048278908877,-0.9563055235102024,0.475714349569798,0.22630414238661598,11.412165646538392,3.378189699608119,12.80022844668996,4.809360854132887,2.392178790721065,0.12585420845121542,0.0,15.68268792447227,3.7888951592058193,177.75395587772104,0.7110158235108842
strong_homogeneous,162,200,0.02,logistic,map,0.8,0.5,1.704580216572223,0.6997394799072159,0.2734422499779612,-379.5064663523981,-371.0272954843764,-0.0,-1.3703972135356357,-379.5064663523981,-372.397692697912,1,0,0.476,0.30121941127392166,0.3441142128539168,0.6195696542998558,0.6921461732792773,0.08852397105982542,0.07506560725948938,0.006512542022392154,58.3362012415911,0.3235706826454361,0.5092050408130173,0.7085298483353147,0.13021552796803207,0.016956083723993345,0.8030318531306473,-0.7860757694066539,-0.9788849176307397,0.6196108660839378,0.3839176253692874,22.641880732520384,4.7583485299545245,5.588743891342046,3.68804019255495,1.9374675514236739,0.025654295000665628,0.0,3.3198391689658546,2.663240142985978,242.15174971947442,0.9686069988778977
strong_homogeneous,163,200,0.02,logistic,map,0.8,0.5,1.1127427569735522,0.9359472259806941,0.5376475830562413,-387.7108299344754,-383.0495805149248,-0.0,-1.0038974411300727,-387.7108299344754,-384.05347795605485,1,0,0.48,0.09393281549911998,0.2286301072017207,0.7762700287944915,0.8674542919291677,0.08980203117502585,0.07361484303435242,0.01944733294658363,47.93764992488269,0.37984753878148375,0.5397936104316265,0.825414953549159,0.1311630761784881,0.017203752552603875,0.20926966036252295,-0.19206590780991908,-0.9177914633071923,0.33599133306328605,0.11289017589364402,6.561950687703742,2.5616304744642115,10.134417944058928,4.086453855388969,2.163315964854613,0.05493726303167918,0.0,6.323843298028545,3.5051613300681423,214.6413213685994,0.8585652854743976
strong_homogeneous,164,200,0.02,logistic,map,0.8,0.5,1.5580543887249219,0.5591904653211861,0.251510291127488,-381.84539217099115,-374.7623410583319,-0.0,-0.9136967281326193,-381.84539217099115,-375.6760377864645,1,0,0.508,0.15877863304911427,0.2594197919635584,0.7646807285353143,0.8845180825705432,0.084185756943885,0.06912247769501761,0.011956207919865847,54.919523175038606,0.3510755241488888,0.5179399131539197,0.7717464696290649,0.1319316458996708,0.017405959189796125,0.7787134211653982,-0.7613074619756021,-0.9776477986423466,0.622285257760908,0.3872389420265598,22.247492241253237,4.716724736642285,13.557235220210421,4.078507057856964,2.2376566632188677,-0.027843730686489147,0.0,8.659364359886554,3.3433132919470676,216.04822639805505,0.8641929055922202
strong_homogeneous,165,200,0.02,logistic,map,0.8,0.5,2.193331331131887,0.7251380749243983,0.23390108300372958,-374.2255991221672,-363.1891170900557,-0.0,-2.310809155123765,-374.2255991221672,-365.49992624517944,1,0,0.492,0.2377238837031161,0.29134823008131255,0.698534420760479,0.77425780807843,0.06329100345801948,0.049497887840793967,0.01432624994777143,62.2083437961088,0.3292729625596183,0.4891017337748027,0.7682061563070001,0.1302062776357309,0.016953674735753033,0.8299893725323864,-0.8130356977966333,-0.9795736243175914,0.6230059318580718,0.3881363911303445,22.89393875841069,4.784761097318307,7.144470460443365,3.563592978408643,2.000129039621427,-0.005832662685890014,0.0,4.206560924475137,3.0205499368193283,233.05902261039424,0.932236090441577
strong_homogeneous,166,200,0.02,logistic,map,0.8,0.5,1.95975628654908,0.8335679822636912,0.22913933405652642,-382.8865577710799,-372.96742950777156,-0.0,-2.127962871314287,-382.8865577710799,-375.09539237908587,1,0,0.524,0.21095364131742073,0.3105386388016775,0.7191347325419403,0.776248128951317,0.0869803903634763,0.0699261648603032,0.08643554104492068,61.488956148509956,0.31050221336188827,0.5028982743101855,0.8179583287980547,0.12975911112061955,0.016837426918813292,0.6452399900466609,-0.6284025631278476,-0.9739051714423409,0.5686726785104194,0.32338861528421475,19.206534160090495,4.3825260022149894,6.703835663138389,3.9776181998976914,2.036230300828707,0.0348501500333916,0.0,4.469236370239891,3.194491747381977,230.015553497816,0.920062213991264
strong_homogeneous,167,200,0.02,logistic,map,0.8,0.5,2.0394312426396026,0.6046364350045376,0.3104217080399394,-394.1588184085316,-386.976098167204,-0.0,-1.8237122499796863,-394.1588184085316,-388.79981041718366,1,0,0.448,0.16293224336738574,0.2468761423775919,0.662622279568667,0.8207135323017775,0.08748184106077661,0.07053055744194939,0.006902333116158843,59.8192141080234,0.3205199240548454,0.5050131358635399,0.7443717420604661,0.13092302342312215,0.017140838062251394,0.7547496008929996,-0.7376087628307482,-0.9772893711477676,0.6055944611148459,0.3667446513329806,21.395958003981626,4.625576505040385,6.786001266621632,3.7986947627020284,2.092640770693211,0.034366076475566054,0.0,4.83908953546095,3.240610690132976,229.14560530307975,0.916582421212319
strong_homogeneous,168,200,0.02,logistic,map,0.8,0.5,1.3313924731824085,1.0102771226091636,0.2837170830462128,-383.6022248468073,-375.5859539301058,-0.0,-1.5083773156571703,-383.6022248468073,-377.094331245763,1,0,0.496,0.1434534230851469,0.2238500760158175,0.7397293070130274,0.861940416330369,0.06770900811575535,0.053842661209155776,0.014479916077107191,52.84162807604253,0.3675559039235658,0.5254917382925836,0.7083832143657556,0.13181871480573143,0.01737617357303476,0.25338752693024,-0.23601135335720527,-0.9314245109712185,0.36246572208093564,0.1313813996836541,7.5610087072068906,2.7497288424873627,9.586742621137653,3.6053221208827466,1.9816407913294525,0.08438826979958225,0.0,4.893013567609454,3.2939271806006802,225.24249926812422,0.9009699970724969
strong_homogeneous,169,200,0.02,logistic,map,0.8,0.5,1.7142729653526405,0.7890465610804391,0.2888667918741703,-395.233424084537,-388.4536284743706,-0.0,-1.577960574334654,-395.233424084537,-390.03158904870526,1,0,0.508,0.1562012662043967,0.25882767674599405,0.7684830726627947,0.8754214102065349,0.0822304775624394,0.06702249635049054,0.008388167014345527,57.80985769249067,0.34540443796895687,0.507303487694704,0.663913213190456,0.13179259337239468,0.01736928766782137,0.5433353141772743,-0.5259660265094529,-0.96803210243361,0.5254855744080141,0.27613508891092053,15.89789369557699,3.9872162840228507,6.986149632725555,4.45796508185123,2.2259701905773874,0.02050945661944335,0.0,5.4701280709894515,3.53308706429506,221.50920446235452,0.8860368178494181
strong_homogeneous,170,200,0.02,logistic,map,0.8,0.5,1.6447068893718257,0.6053949039168257,0.5543129579164088,-385.7139524026054,-376.18315026652755,-0.0,-1.1120041479745073,-385.7139524026054,-377.29515441450206,1,0,0.48,0.06768120882539248,0.19448729495479886,0.7868177835243494,0.9088677287225677,0.08942672203674357,0.07237783686269596,0.013603417202830315,55.97487563024318,0.3299066519958515,0.5181933341791569,0.7789141773144934,0.13832028106768748,0.019132500154644065,0.7894071703829747,-0.7702746702283306,-0.9757634578548836,0.6206007801754471,0.3851453283543736,20.130423376000163,4.486694036370228,8.225463825054733,4.058645230474057,2.0223248542019245,0.07366405979014716,0.0,9.62308013855428,4.074073726256835,192.03122659758245,0.7681249063903298
strong_homogeneous,171,200,0.02,logistic,map,0.8,0.5,2.2587661801160084,0.6736360364848561,0.5298890001140535,-400.55416159366837,-392.90353195244705,-0.0,-2.3324369713162043,-400.55416159366837,-395.23596892376327,1,0,0.484,0.2445674446049908,0.30964473586395597,0.6440914979541426,0.7075686986428844,0.08353666947942548,0.06930737138604692,0.06658666604198515,62.78200229747479,0.3305784606614311,0.5002057270411132,0.8108044653576797,0.12821951686797492,0.016440244505856908,1.0178283510291875,-1.0013881065233305,-0.983847723941632,0.6811449822958042,0.4639584869067514,28.220899436225793,5.312334650248023,6.726300850710613,4.59915965276336,2.2542805370999544,0.009516683492734955,0.0,4.088851652414875,2.8409120183967893,238.6221512986537,0.9544886051946149
strong_homogeneous,172,200,0.02,logistic,map,0.8,0.5,1.9074817892877356,0.8768575776004195,0.865015541901812,-408.4364504526495,-399.59400738988376,-0.0,-2.14116571448581,-408.4364504526495,-401.73517310436955,1,0,0.524,0.3045018728532555,0.3461426134769006,0.6905947911684457,0.7561113544419875,0.057825269946918195,0.04565601286762642,0.01732820807956159,60.18465567173922,0.324094423153353,0.5046973982637807,0.8327482988265532,0.13058101378914952,0.017051401162202058,0.651302324907675,-0.634250923745473,-0.9738195297174486,0.5618848616855646,0.31571459779140604,18.51546361428951,4.302959866683572,6.773218457242978,4.026815922068146,2.2214884882983927,0.012245445202225114,0.0,3.924677337501684,2.9329709549162057,236.95757131980963,0.9478302852792385
strong_homogeneous,173,200,0.02,logistic,map,0.8,0.5,1.700812271828899,0.5547208264336086,0.3358544579241425,-409.12463335757656,-404.75406518623885,-0.0,-1.159357102360425,-409.12463335757656,-405.9134222885993,1,0,0.516,0.15664606067421968,0.25263744846661407,0.770595340513316,0.8369673698713882,0.08397494804913319,0.06730040509005393,0.12008958403021097,56.45383045454649,0.31956837893037815,0.524137288640772,0.8646746354628161,0.13221111811624428,0.0174797797535475,0.7139932702175302,-0.6965134904639827,-0.9755182849997703,0.5979577746082733,0.35755350021447857,20.45526346760253,4.52274954730002,6.631794686602396,4.370176421944751,2.256869556791243,0.052060014792252626,0.0,4.801578912399677,3.3553425630563862,221.29791163276366,0.8851916465310546
strong_homogeneous,174,200,0.02,logistic,map,0.8,0.5,2.340308768202481,0.6735246563456627,0.2797227918636054,-393.3787882103027,-383.12039279136076,-0.0,-2.4819970654830397,-393.3787882103027,-385.6023898568438,1,0,0.492,0.1376962777795941,0.21310573637926464,0.7865600355322818,0.8540107131764083,0.07799380876221704,0.06409405360602162,0.007450500037521124,62.157656689105636,0.31550938727812866,0.49891902293015544,0.8542191720652423,0.13633359320778826,0.018586848636946686,0.9319933363426579,-0.9134064877057112,-0.9800568867692923,0.6720352369382345,0.45163135968662904,24.29843641104831,4.929344420006408,8.730238139285914,4.60861048366983,2.2781970852836895,0.00021200205368878146,0.0,4.972114296638097,3.600632208800787,217.16248830782416,0.8686499532312967
strong_homogeneous,175,200,0.02,logistic,map,0.8,0.5,1.3316440988896663,0.7198945539569286,0.5221504999790341,-383.7488611771355,-379.3671608165539,-0.0,-0.7850141118697451,-383.7488611771355,-380.1521749284237,1,0,0.524,0.1488827954410021,0.2189075814550351,0.8195591865796167,0.8945778671281017,0.07863146004238028,0.06372559805276506,0.00787437497638166,50.80315128859567,0.3680326419736066,0.5313741315499263,0.811023309557519,0.1362482926490954,0.018563597249793548,0.4507424109356418,-0.43217881368584826,-0.9588155079277771,0.483530568710566,0.23380181087756335,12.594639267998746,3.548892681950068,10.543005081940041,3.880812936610803,2.204527433728758,0.045178642359504695,0.0,9.485674144111002,3.562347666786588,197.69630197615072,0.7907852079046029
strong_homogeneous,176,200,0.02,logistic,map,0.8,0.5,1.4922494574661667,0.4607408787283102,0.28884575003758073,-382.2178536075852,-376.5108692132755,-0.0,-0.7906989480687135,-382.2178536075852,-377.3015681613442,1,0,0.5000000000000001,0.11529683240624541,0.2364757426877947,0.7805154861812177,0.8581780054685033,0.07256820373380786,0.057319061907437484,0.013541834196075797,55.3284147653887,0.3442432749612258,0.5209158753513196,0.7632400239003777,0.1334852972504241,0.01781832458203408,0.6730924792709025,-0.6552741546888685,-0.9735276724509908,0.5789068920268874,0.33513318963623023,18.808344639435933,4.336858844767251,9.573725174002284,4.349568445195925,2.2147337756457115,-0.04027002280064043,0.0,5.840237428431614,3.6200229143161686,217.22955875407658,0.8689182350163063
strong_homogeneous,177,200,0.02,logistic,map,0.8,0.5,1.4474421584235986,0.8686843553415551,0.2138510828372091,-404.77002880452756,-399.7542927190268,-0.0,-1.313388359193864,-404.77002880452756,-401.0676810782207,1,0,0.46,0.17218534343688216,0.24610198952233955,0.7135969073365044,0.7779637334554454,0.0717013926148869,0.057495416494707144,0.011610999936237931,54.6295410166918,0.34553280239129186,0.5216506027707756,0.728782904804134,0.13160432876523495,0.017319699349748047,0.40045823101470945,-0.3831385316649614,-0.9567502975132709,0.449382931315824,0.2019450189580026,11.65984552502872,3.41465159643392,7.822446290570777,4.486596351034804,2.250515079746482,0.026079511774517655,0.0,4.31131263403345,3.537098114976306,224.83308478242762,0.8993323391297104
strong_homogeneous,178,200,0.02,logistic,map,0.8,0.5,1.571727699948901,0.6910120291786501,0.2841868749819696,-390.3254506371403,-383.8227339453454,-0.0,-1.1214796181159088,-390.3254506371403,-384.94421356346135,1,0,0.48,0.25422089688216615,0.3367123865312335,0.6273896171205232,0.6928659464125303,0.1274085788783996,0.10396301958543677,0.015571667114272714,56.4935644916532,0.36545109559919836,0.5163419424387515,0.7511390117180925,0.1291351501760962,0.016675887011002914,0.5234316707201384,-0.5067557837091355,-0.9681412341976554,0.5114137760584245,0.2615440503423364,15.68396632633497,3.960298767307205,7.06058130576418,3.9747826138246833,2.141087127660234,0.018112585617635436,0.0,3.2572749235264595,2.7189134257252383,241.3084541913051,0.9652338167652204
strong_homogeneous,179,200,0.02,logistic,map,0.8,0.5,1.6952085151854936,0.6463712524292937,0.24755208287388086,-391.4957427784305,-386.9937238064657,-0.0,-1.2597071997052807,-391.4957427784305,-388.253431006171,1,0,0.476,0.20207503688711653,0.26068397552446165,0.70377146944715,0.8068266732614118,0.09263979560526088,0.07134484802246079,0.033307500183582306,58.43100806049368,0.32357806336874023,0.5117324645027324,0.7679286155663722,0.13196091396109477,0.01741368281344746,0.8403650386101371,-0.8229513557966897,-0.979278430189995,0.6324897020763818,0.40004322323267016,22.97292465461371,4.793007892191887,8.385143788488717,4.329622662776613,2.17132267320171,0.032142145313057764,0.0,4.948656773268939,3.1801989761782097,228.3692823858806,0.9134771295435224
strong_homogeneous,180,200,0.02,logistic,map,0.8,0.5,1.8820444965119867,0.7554919487680692,0.2968953331001103,-386.878109564122,-377.6970655862322,-0.0,-1.8045114794017603,-386.878109564122,-379.50157706563397,1,0,0.476,0.1659072373371289,0.22835080618730008,0.715643675517435,0.7976504620116485,0.12003496319637608,0.10026773856159074,0.010422209044918418,60.71762813294082,0.31998114557802965,0.5016653972293662,0.7969066224179296,0.13211942891201078,0.01745554349603587,0.7035714787463574,-0.6861159352503216,-0.9751900922317963,0.5806563987488722,0.3371618534080093,19.31546007058321,4.394935729971851,6.281992706600105,3.90456751682849,2.0380030050510416,0.0365319711387548,0.0,6.027464600401775,3.3071282537342213,222.90964291283052,0.8916385716513221
strong_homogeneous,181,200,0.02,logistic,map,0.8,0.5,1.4661948243655363,0.8502868724359904,0.3166139170061797,-372.1500325326489,-363.0566559362048,-0.0,-1.2978704351743242,-372.1500325326489,-364.3545263713791,1,0,0.484,0.18927118804489068,0.2567606599889209,0.7243966176393754,0.7809760804707265,0.053047566852363406,0.04147618829097223,0.012494624825194478,56.038485059240024,0.34291497023266304,0.5160085134945627,0.7215614694953618,0.13178630848624223,0.017367631104431,0.4420394745692684,-0.4246718434648374,-0.9607102258879608,0.47352249387557593,0.22422355220614487,12.91042807495714,3.5931084140277676,6.195338972535097,4.014735329120179,1.9098267782186493,0.02689094502719908,0.0,4.565711371384466,3.1696521390709482,227.3989638646009,0.9095958554584036
strong_homogeneous,182,200,0.02,logistic,map,0.8,0.5,0.9307951494421981,0.9464760613332597,0.44258691603317857,-396.72844974105624,-394.3106397842244,-0.0,-0.8602997133653267,-396.72844974105624,-395.17093949758976,1,0,0.512,0.21982855581435298,0.30295993948196975,0.7206608850784714,0.7834704600410906,0.053817846557156775,0.04331838894819166,0.008587375050410628,39.74865297574445,0.3901209942705449,0.5702729447999535,0.8151529698053392,0.1268705024414828,0.016096124389754288,0.13235939807355582,-0.11626327368380153,-0.8783907707044027,0.2718281394288004,0.07389053738532336,4.59057942123988,2.1425637496326404,5.71956861574378,3.796593378021349,1.986693168511281,0.1288503465268925,0.0,4.618307507556562,3.1357660911942924,232.48551158086238,0.9299420463234496
strong_homogeneous,183,200,0.02,logistic,map,0.8,0.5,1.360530332112086,0.5628017308723184,0.582626375136897,-390.6678043684123,-385.4209482315161,-0.0,-0.5919594130250314,-390.6678043684123,-386.01290764454114,1,0,0.432,0.176361959606351,0.24303147493412863,0.6736653318512011,0.7519020462003516,0.08448817074212518,0.07000370417173632,0.007858749944716692,53.480326228523936,0.3276977447253272,0.5233057048194881,0.7044335066577266,0.13246201449566317,0.01754618528424928,0.6874693401697836,-0.6699231548855343,-0.9744771377296392,0.5737079631283458,0.3291408269568754,18.75854048186394,4.331113076550177,6.560273332147649,4.068694424896309,2.167029523667061,0.053884899668125256,0.0,4.677649841200027,3.33796261775931,225.20701331023784,0.9008280532409514
strong_homogeneous,184,200,0.02,logistic,map,0.8,0.5,1.7387297660701009,0.6607336383236296,0.36310829198919237,-386.8441793514146,-378.8338223463392,-0.0,-1.3606733219753506,-386.8441793514146,-380.1944956683146,1,0,0.504,0.13835814881592215,0.22169777564368226,0.7770322589354293,0.868903580914287,0.061679003575398864,0.05103364941037423,0.03388670808635652,58.49412275906037,0.35602777752443154,0.5085078719991443,0.8767687294249374,0.1347270369758268,0.0181513744922858,0.7099234761745146,-0.6917721016822288,-0.9744319280859733,0.5825500054714019,0.33936450887473035,18.69635321660945,4.3239279846696625,9.64304647920293,4.044990043739492,2.0829693886072156,0.005861053352365026,0.0,7.627973418146406,3.491203433475446,211.01346945434625,0.844053877817385
strong_homogeneous,185,200,0.02,logistic,map,0.8,0.5,1.541498300326481,0.6206403973240002,0.3586383340880275,-386.3773930010797,-381.0291846390685,-0.0,-0.9538417043683404,-386.3773930010797,-381.98302634343685,1,0,0.44400000000000006,0.1675801171597032,0.23301319753629557,0.6733123897521563,0.7424646388742971,0.08485342300211961,0.06893483114665588,0.05378100019879639,54.42355003209132,0.3517789490003623,0.5241808186080803,0.755072082353894,0.13076370087389924,0.017099145466238596,0.6560832645905124,-0.6389841191242738,-0.9739375375213833,0.5703023248573068,0.3252447417376491,19.021110872460177,4.361319854408775,7.014724655748586,4.450941715502769,2.1142384585685052,0.017377460711059868,0.0,5.308426609710052,3.1166412946292463,226.78232755788727,0.9071293102315491
strong_homogeneous,186,200,0.02,logistic,map,0.8,0.5,2.2947648483854497,0.7409318123537765,0.730341165792197,-364.5822393599176,-346.74912879883175,-0.0,-2.5302495474488116,-364.5822393599176,-349.27937834628057,1,0,0.528,0.2423248522307692,0.3347546981749146,0.7067248957141615,0.765627629084647,0.053641281699754115,0.043819516793012554,0.00832658400759101,60.5712303430069,0.34724219849890453,0.4961782196921013,0.8180160146656305,0.12946634245506272,0.01676153382869158,0.7358167008098357,-0.7190551669811441,-0.9772205036794572,0.5990922992140898,0.35891158297762454,21.412812612844366,4.627398039162437,5.897632871218189,3.378004379524647,1.78178949152021,0.012052916268910798,0.0,4.147486772041133,2.97343381192603,234.8443514205278,0.9393774056821113
strong_homogeneous,187,200,0.02,logistic,map,0.8,0.5,1.6884148503801208,0.6608220217196121,0.2633389581460506,-391.5125248185888,-386.643916959797,-0.0,-1.2713639975221638,-391.5125248185888,-387.91528095731917,1,0,0.524,0.24531200762605002,0.3464140712118473,0.706599872961645,0.7860920786154938,0.061189598614915686,0.04768011780217933,0.009157167049124837,59.146234286165935,0.3099845096662669,0.5050013701869192,0.7454322146637192,0.13022459884448298,0.016958446144206517,0.8282224718719283,-0.8112640257277218,-0.9795242863842157,0.6289074337575948,0.39552456023556354,23.32316044006696,4.8294058061077205,6.693827905351666,4.428659909642855,2.1965656783335095,0.003706307247436602,0.0,4.252155360480009,2.837556858262357,236.39468095913918,0.9455787238365567
strong_homogeneous,188,200,0.02,logistic,map,0.8,0.5,2.2977211384127907,0.7069458986418468,0.29457895806990564,-401.6581623940802,-388.1081129361277,-0.0,-2.4662201662737337,-401.6581623940802,-390.57433310240145,1,0,0.488,0.1985973495265707,0.27698722843390394,0.7036546497030544,0.7866506775218045,0.07750188643508041,0.060240031152076046,0.01572874980047345,62.0553215065137,0.3156021565518937,0.4973251346823906,0.7379627417330674,0.13051783351345217,0.01703490486504522,0.7087380874370572,-0.691703182572012,-0.9759644568748281,0.5906307579646675,0.3488446922539176,20.478229553822143,4.525287786850925,8.604329129825308,4.090103576286977,2.150451943317997,0.025345746990581744,0.0,4.229000211391335,3.1353443213474628,231.2580240454079,0.9250320961816316
strong_homogeneous,189,200,0.02,logistic,map,0.8,0.5,1.7358535607877874,0.8376803115802298,0.29080962506122887,-377.24268960297934,-366.7675004066718,-0.0,-1.7327136657318043,-377.24268960297934,-368.5002140724036,1,0,0.516,0.09731281775099332,0.22094511091520064,0.8230599176200559,0.8865601295192027,0.08808750483081873,0.07264976658160845,0.007268249988555908,56.95736139845731,0.3402544521882821,0.5186013261484171,0.7788867257423673,0.13681284845624322,0.018717755502710973,0.5995143827718448,-0.5807966272691338,-0.9687784713084452,0.544064364101303,0.2960060322849552,15.814184144145027,3.9767051869789176,8.513578000627728,4.075696603279177,2.0416808344363684,0.01121395827033156,0.0,6.5750492725080925,3.958065655494273,209.31980334862897,0.8372792133945158
strong_homogeneous,190,200,0.02,logistic,map,0.8,0.5,1.8976198314004646,0.5008945856041496,0.2498991668689996,-383.4379989107566,-375.4989135043965,-0.0,-1.4921135504847924,-383.4379989107566,-376.99102705488133,1,0,0.5,0.2428326402822693,0.3235082498791928,0.6641534107186441,0.7346398254545533,0.0723999850881189,0.061073934658352785,0.008386499946936965,60.38609109195838,0.3316473056387635,0.49795709486090406,0.8057055559083338,0.12877933261273067,0.016584116508180313,1.0224668512408384,-1.005882734732658,-0.9837802893188622,0.6931312919834044,0.48043098792658345,28.969344715445356,5.382317782837181,5.076337218606378,3.7334677315346614,1.9834654854196077,-0.002415448025215358,0.0,3.8097110807760854,2.8226112068716045,238.46969257745238,0.9538787703098095
strong_homogeneous,191,200,0.02,logistic,map,0.8,0.5,1.7747946116439437,0.6525760684191104,0.3211924999486655,-377.35020280789786,-367.3179658045665,-0.0,-1.411722812001837,-377.35020280789786,-368.7296886165683,1,0,0.504,0.19708854108701435,0.286459247418941,0.7400722349135276,0.8074725026322737,0.058754924429959623,0.046785865826051945,0.08846783405169845,59.85415280979832,0.3048092590521672,0.5038184680212843,0.7389524083462723,0.1316278142018066,0.017325881471545325,0.8516849177498949,-0.8343590362783495,-0.9796569351993231,0.6321046670259304,0.39955631007596226,23.061239956660348,4.802211985810326,8.519459575611247,3.86601276954891,2.0422397030845785,0.026759142895568754,0.0,4.906955299595284,3.0641508127368264,229.07601767009453,0.9163040706803781
strong_homogeneous,192,200,0.02,logistic,map,0.8,0.5,2.221112546309409,0.8244033939474116,0.2646468330640346,-401.6160566569454,-391.5737701599743,-0.0,-2.585605609535088,-401.6160566569454,-394.1593757695094,1,0,0.496,0.1976743050163337,0.2655393379381488,0.7569871499713179,0.8011304504465869,0.07766590688139162,0.06105346252497168,0.01358899986371398,62.53234059149828,0.3121366214990904,0.49029077509461194,0.7618178920071078,0.13167545176348003,0.017338424597116556,0.7082367477925395,-0.690898323195423,-0.9755188859499911,0.5837130127739178,0.34072088128160394,19.65120183631142,4.432967610564217,10.04846409654796,4.047868254699234,2.3136060490206933,-0.005865039246610474,0.0,5.058826436331068,3.195215338755231,226.5178988750325,0.9060715955001301
strong_homogeneous,193,200,0.02,logistic,map,0.8,0.5,2.052827035113509,0.7779497370792361,0.268798666074872,-382.9161755397873,-373.6732721997047,-0.0,-2.166913308715801,-382.9161755397873,-375.84018550842046,1,0,0.512,0.23428278541078107,0.3245174010526746,0.7258976083762012,0.7845628796448925,0.10427694947078953,0.08416407862277568,0.008012833073735237,61.458368897664236,0.3313761278860838,0.4966625741132071,0.7423426589705143,0.12984958352884438,0.01686091434261433,0.6338160797343761,-0.6169551653917618,-0.973397780710012,0.5614125310447834,0.3151840300141099,18.69317544763944,4.323560505837688,9.20676682890382,3.8560126155276193,2.0245542767974722,0.01895170686395737,0.0,4.124892391053091,3.023335869445431,232.60272875834363,0.9304109150333745
strong_homogeneous,194,200,0.02,logistic,map,0.8,0.5,1.4805329199399235,0.6597919401564395,3.5177043329458684,-388.39138180593034,-382.52904630551654,-0.0,-0.9116017285747119,-388.39138180593034,-383.4406480340913,1,0,0.52,0.21966389518884938,0.30098615831831305,0.7202356725805291,0.8105144134801638,0.05612171925595205,0.04557756133672533,0.012673125136643648,54.2740890472802,0.33739950634913324,0.5187623970649466,0.7027829952353402,0.13238468535525805,0.017525704916610676,0.5306473758419729,-0.5131216709253622,-0.9669729735517814,0.512711956882537,0.2628735507303205,14.99931397801704,3.8728947801375964,11.377648916427546,4.056425674228037,2.1779724819020285,0.005715272032984842,0.0,4.170474043477336,3.2039154932368716,229.46926270953136,0.9178770508381254
strong_homogeneous,195,200,0.02,logistic,map,0.8,0.5,1.3922354529361485,0.6389852554884984,0.22301279217936099,-388.64849506707327,-385.96872936598766,-0.0,-0.7342701804217081,-388.64849506707327,-386.7029995464094,1,0,0.524,0.1332659899958934,0.2622072417589785,0.7936400400644338,0.8727714879176971,0.07350643784177206,0.060492183033601064,0.07453495799563825,53.08141191670834,0.33441671845182214,0.5272491085158209,0.7702034455680414,0.1340113959563944,0.01795905424618152,0.5809632382075411,-0.5630041839613596,-0.9690874515544374,0.5381023350204306,0.2895541229544397,16.12301622263907,4.015347584286953,11.374070821781492,4.24391159283142,2.3664562332370935,0.028648831908669934,0.0,7.420612176773958,3.395650645556755,215.9225952038552,0.8636903808154208
strong_homogeneous,196,200,0.02,logistic,map,0.8,0.5,2.1155918828742517,0.735327634838815,1.8292306251823902,-383.3294501334951,-373.7832823383193,-0.0,-2.1889690205791728,-383.3294501334951,-375.97225135889846,1,0,0.48,0.15436726284546684,0.2508834594774494,0.6950870342144841,0.8445272104968267,0.06252384589266273,0.0498296592303749,0.009697249857708812,62.23303084412875,0.31105454898516227,0.4948461705061398,0.8039488455421824,0.1324018273064299,0.017530243874081686,0.8338534810231716,-0.8163232371490899,-0.9789768295353624,0.63399537228439,0.4019501320780222,22.928952669751617,4.788418598008284,6.803333889163266,4.554231202967555,2.144721360873791,-0.0283709897255886,0.0,6.431993683239273,3.0250044101947893,227.5026601769052,0.9100106407076208
strong_homogeneous,197,200,0.02,logistic,map,0.8,0.5,1.5316783742126892,0.7040210975714797,2.665681292070076,-384.80696998138103,-377.3896256348236,-0.0,-1.0779223947906738,-384.80696998138103,-378.46754802961425,1,0,0.412,0.1722111936116748,0.2450770678128084,0.5919701027817624,0.6842643738959348,0.10386531888362983,0.08357978731107542,0.15240020817145705,55.644454111530806,0.36515248204536754,0.5165236309091655,0.7127801618784673,0.13226626929614813,0.017494365993521173,0.6439394579206398,-0.6264450919271186,-0.9728322813917746,0.5604149091386198,0.3140648703848474,17.952343657447063,4.237020610930169,6.766895829008787,3.9810450090824365,2.0351175973574565,0.04037868944671484,0.0,4.52536186105471,3.1473532949355945,229.58555451038467,0.9183422180415387
strong_homogeneous,198,200,0.02,logistic,map,0.8,0.5,1.0439989712195368,1.0449178377113526,0.3969212919473648,-386.5638401234746,-382.0489969052584,-0.0,-1.228316956393451,-386.5638401234746,-383.2773138616518,1,0,0.5,0.12215312347108809,0.18507544046652435,0.7820472698150868,0.8517949309135964,0.08436704738363864,0.0694342733506143,0.010079999919980764,46.04957047317427,0.3876175609760797,0.5422202854274136,0.7793188357980594,0.13290006988328268,0.017662428574981417,0.15443096654391253,-0.13676853796893113,-0.8856289708582568,0.28960112094288404,0.08386880925137494,4.748430200033416,2.1790893051991733,7.766131869154461,4.21306659293442,2.0668894952669468,0.08721781871031169,0.0,5.48360814360402,3.509679558815167,215.3961216958016,0.8615844867832064
strong_homogeneous,199,200,0.02,logistic,map,0.8,0.5,1.7010918090650549,0.7140281919152388,0.23592237499542534,-388.54227686225374,-381.8034398036043,-0.0,-1.3922003031052455,-388.54227686225374,-383.19564010670956,1,0,0.528,0.249671864562153,0.3028304831178765,0.7239989998197061,0.8228007728488375,0.061582601505730444,0.04893150122291124,0.013580125058069825,56.941903150048105,0.31863257418568197,0.5163672811893534,0.7410303735378285,0.13105046537717654,0.017174224475574547,0.6302809878428678,-0.6131067633672932,-0.9727514794086471,0.5605222796376443,0.3141852259701815,18.29399786971579,4.277148333845319,9.39229844585025,4.409955309999395,2.1830946155719486,0.04225066910088292,0.0,5.10777287082464,3.004681255904488,231.66930826474098,0.9266772330589639
weak_heterogeneous,0,200,0.02,logistic,map,0.8,0.5,1.6629564584065637,0.739612342469831,0.2388764158822596,-387.7239913158489,-381.07550180699707,-0.0,-1.3774613475474626,-387.7239913158489,-382.45296315454453,1,0,0.552,0.05367486269629405,0.1397502582101922,0.8886407798167467,0.9501245562888042,0.08402197656312937,0.06641968124938297,0.007300583180040121,60.12703201251577,0.33170883784329896,0.5071771181955331,0.7336385232684428,0.14648054095711444,0.02145654887908888,0.6631354772559706,-0.6416789283768817,-0.9676437928372114,0.5688750545234597,0.32361882765906924,15.082520002760631,3.883622021098427,17.444901216773832,4.139533505376785,2.5860565597779326,0.06503640704360712,0.0,19.779551910019926,4.215016709151365,143.34049367004064,0.5733619746801626
weak_heterogeneous,1,200,0.02,logistic,map,0.8,0.5,1.4773346445355102,0.6885973432036585,0.14043037500232458,-384.68292623291245,-377.8073765340276,-0.0,-0.9573398591617991,-384.68292623291245,-378.76471639318936,1,0,0.5,0.08469610599145411,0.13300034849417383,0.8634570555653087,0.9360376663120736,0.10637668735216112,0.08422668558834855,0.006183334160596132,56.47817351849956,0.33638779848434397,0.5202111511641014,0.7081798651245689,0.14155137667254378,0.020036792237892367,0.5717146344241635,-0.5516778421862711,-0.9649531583915574,0.5356695131798707,0.28694182735035967,14.320746751454191,3.7842762520003994,9.501906167066439,4.204671721829623,2.1905929664223853,0.04728628681001625,0.0,10.305765597069472,4.15450527233052,186.86762823422282,0.7474705129368913
weak_heterogeneous,2,200,0.02,logistic,map,0.8,0.5,2.1918823761735955,0.8928455651309272,0.1623726252000779,-386.97251176439613,-372.5540059108372,-0.0,-2.70409088929189,-386.97251176439613,-375.25809680012907,1,0,0.48,0.0510306395099146,0.10292444417883932,0.8793524716267345,0.9555504148516551,0.0885530575046966,0.0696525342222644,0.010222290875390172,65.93619153967887,0.3227638759555753,0.4832892602442946,0.7455300971354434,0.14483986143402777,0.020978585460228363,0.5695083406585347,-0.5485297551983064,-0.9631636905686572,0.530201637838746,0.2811137767668887,13.400034873649131,3.660605806919004,13.55468482361036,4.487044569823688,2.304907358221755,-0.0012822655668108497,0.0,8.784138797596732,4.397462146535648,174.86204946155664,0.6994481978462266
weak_heterogeneous,3,200,0.02,logistic,map,0.8,0.5,1.033211638257364,0.5015067600334624,0.17724083387292922,-398.07129531842577,-396.2226639251266,-0.0,-0.130901348152196,-398.07129531842577,-396.3535652732788,1,0,0.504,0.0474433035792289,0.102739525759895,0.9031478770199446,0.9731984120882973,0.07873203801527778,0.06077109849140016,0.012138874968513846,45.696785827412405,0.38037515926885695,0.5493318561002154,0.8464552796589464,0.15401954029940798,0.023722018794040955,0.3980904105044075,-0.37436839171036657,-0.9404104741835314,0.45059905307507725,0.2030395066321563,8.559115832214097,2.925596662599631,12.376302666660957,3.9226561256927996,2.391802274972176,0.056894602894823364,0.0,6.042887597323916,3.6624729737382213,193.2755980471289,0.7731023921885156
weak_heterogeneous,4,200,0.02,logistic,map,0.8,0.5,1.645673402198762,0.7511242853684218,2.505080500151962,-405.59117789396794,-396.6315731772544,-0.0,-1.3717656236032676,-405.59117789396794,-398.00333880085765,1,0,0.556,0.0587850120067141,0.12457814664428472,0.9156206300801177,0.9623636593946102,0.08676694016549326,0.06988575338492692,0.08124170801602304,57.30026512104865,0.3458671977330848,0.5086548348819941,0.7840407995244246,0.1469426638891831,0.021592146470849435,0.4558753200640714,-0.43428317359322194,-0.9526358512502612,0.4796104306726234,0.23002616520997926,10.653232902089055,3.26392905898536,17.618066692239758,4.579225306366786,2.7449593045714735,0.1091407867982617,0.0,9.977171718553075,4.250396257122163,167.4550149169224,0.6698200596676896
weak_heterogeneous,5,200,0.02,logistic,map,0.8,0.5,1.3903268590467155,0.5381899634913277,0.2123329578898847,-384.4441765786815,-378.46833022706477,-0.0,-0.6217506653166742,-384.4441765786815,-379.0900808923814,1,0,0.56,0.05995503492229978,0.12495808006728507,0.940198926002201,0.9777575395225804,0.09012277281203977,0.07323848714870664,0.008331499993801117,53.08975565882944,0.33793428859067437,0.527971058153694,0.7090226894659688,0.152513712804946,0.023260432593549544,0.6630925323422114,-0.6398320997486618,-0.96492128706172,0.570582227848436,0.32556407873648463,13.996475664290452,3.741186397961274,34.33179024298817,4.398065632842338,3.0354448427601826,0.1815247945580233,0.0,29.524817937788626,4.221819025619182,99.2500117952924,0.3970000471811696
weak_heterogeneous,6,200,0.02,logistic,map,0.8,0.5,1.4221921513299212,0.7974694075349417,0.18850516597740352,-392.94714030949285,-386.35622976911174,-0.0,-1.097909672576007,-392.94714030949285,-387.45413944168774,1,0,0.524,0.04733426838004679,0.10204499844307828,0.9038104345455393,0.9708111297526462,0.07129786570473365,0.05473353804950041,0.005488959141075611,54.84549285603677,0.33355904384153345,0.5202163245091889,0.7432492417881018,0.15373186401426422,0.023633486013300228,0.438295214824614,-0.41466172881131375,-0.946078612738774,0.47435243451937387,0.22501023213445687,9.520822785425212,3.0855830543716065,8.682949815442125,4.3574060752180515,2.1082875020660032,-0.034504475780795234,0.0,7.148004602310878,3.8282921836614667,189.15214901618023,0.756608596064721
weak_heterogeneous,7,200,0.02,logistic,map,0.8,0.5,1.4874450578382161,0.6712840505080792,0.18344795797020197,-384.58376507194833,-377.378745573557,-0.0,-0.9428644841949254,-384.58376507194833,-378.3216100577519,1,0,0.512,0.041915720146915116,0.10760614200792241,0.9069677154580509,0.9547307286062714,0.07219066940457798,0.055694474766378795,0.01110374997369945,54.00603568278693,0.3646725480899711,0.5182675334097904,0.7976253167892117,0.14515771505210293,0.021070762239147507,0.5281225248054131,-0.5070517625662656,-0.9601025117288625,0.5197199836366709,0.27010886139130147,12.819130998947179,3.58038140411705,8.812004565274586,4.229296468812831,2.0897942106497696,-0.049105879711429656,0.0,10.131536204296761,3.8728405891288973,177.79893418967364,0.7111957367586946
weak_heterogeneous,8,200,0.02,logistic,map,0.8,0.5,2.138388940175018,0.5536066737245,0.15051970910280943,-391.9008254010305,-380.83046335004383,-0.0,-1.95409515402298,-391.9008254010305,-382.7845585040668,1,0,0.536,0.05172029115844076,0.1231518422361311,0.9046547662462228,0.9691408623624173,0.0703715251601432,0.05698133567263868,0.009278541896492243,63.29994593539806,0.33328513326620957,0.48894670324371936,0.8734783085009857,0.14822855502907167,0.02197170452600653,0.9658406163507153,-0.9438689118247088,-0.97725121085814,0.6741953033252932,0.4545393070258841,20.68748496448577,4.548349696811555,38.356164999861114,4.323378512161068,3.331864360845052,0.11769413119294225,0.0,32.40531254451257,4.145315222714401,110.6767204725301,0.4427068818901204
weak_heterogeneous,9,200,0.02,logistic,map,0.8,0.5,1.5308264313770996,0.8432984881585699,0.9568290829192847,-397.5664609602319,-392.4989633865487,-0.0,-1.3887330592727216,-397.5664609602319,-393.88769644582146,1,0,0.504,0.07915191364182393,0.14610150327414617,0.8892087464738521,0.9459239198058882,0.09167238463152237,0.07362359881284661,0.005911374930292368,57.98501151675606,0.34470657717449293,0.514792349425597,0.7142625468190793,0.14636029115029245,0.021421334825598375,0.4969415745300999,-0.4755202397045015,-0.9568936552634904,0.5002546230699274,0.2502546879028351,11.682497376577214,3.417966848373052,19.912476730120837,4.8600783590327294,2.789937312389826,-0.07442038134680981,0.0,14.181233463623531,4.378932207366882,148.64785228691943,0.5945914091476777
weak_heterogeneous,10,200,0.02,logistic,map,0.8,0.5,0.9849993896519483,0.7634016667499958,0.2338869997765869,-398.40272252746263,-396.2784202542823,-0.0,-0.44470860937675777,-398.40272252746263,-396.72312886365904,1,0,0.472,0.029104335705306076,0.0955130742177659,0.891479229332512,0.9618053217928081,0.0840295931055308,0.06341522930238015,0.005730125121772289,41.59436165306611,0.35304495449600937,0.5601661249076537,0.8289822856368555,0.15479326434235344,0.023960954685761704,0.22515089082565243,-0.20118993613989072,-0.8935782372528294,0.34359296644576404,0.11805612659099994,4.92702098640303,2.2196893896225727,22.123760276077498,4.860633821901847,2.764011398547546,0.0017338934278296136,0.0,19.041644081255058,4.120326738988364,148.66469651419916,0.5946587860567967
weak_heterogeneous,11,200,0.02,logistic,map,0.8,0.5,1.5899214464352494,0.9072169203447145,0.1430652909912169,-397.8809385949886,-389.16818741364705,-0.0,-1.6533579392174351,-397.8809385949886,-390.82154535286446,1,0,0.531990598332725,0.03450353098581829,0.08850072483002303,0.9295530297559338,0.98,0.08934469195012203,0.07090188816270396,0.009385166922584176,56.59148254672,0.33426469381235807,0.5168040903912116,0.7713123576847815,0.1542663988544178,0.023798121815510317,0.4708587221018035,-0.4470606002862932,-0.9494580418744691,0.4869804667215312,0.23714997496832035,9.965071059253043,3.1567500786810863,15.901795124661195,4.306237567434081,2.1907099934429324,-0.04667049046835871,0.0,16.763737145417206,4.209765622667872,148.1105474035362,0.5924421896141449
weak_heterogeneous,12,200,0.02,logistic,map,0.8,0.5,1.920481992535557,0.7708454929192149,0.33390183304436505,-378.96393289512,-368.0571018657513,-0.0,-1.9085400795542367,-378.96393289512,-369.96564194530555,1,0,0.46,0.03206039465559274,0.0955826487348047,0.884270104485393,0.949095161133984,0.10172104777808426,0.07570653397775054,0.008152791997417808,62.38902982773274,0.32290791106462174,0.5002947814276172,0.7529906261584867,0.14788401409632776,0.021869681625242866,0.7032893173991399,-0.6814196357738971,-0.9689037198714749,0.5742529975518609,0.32976650519729755,15.078706258652973,3.8831309865433297,18.120966668188608,4.639568958958264,2.61746615891537,-0.0032369413532778,0.0,13.46266051334324,4.330899926496196,157.85405229109247,0.6314162091643699
weak_heterogeneous,13,200,0.02,logistic,map,0.8,0.5,1.4932879101972436,0.7316540411854443,0.16728958301246166,-400.84066796825624,-395.09287355241804,-0.0,-1.068925759953717,-400.84066796825624,-396.1617993123718,1,0,0.46,0.02602982878371066,0.09263266577608094,0.8661456711877902,0.9361933008201696,0.11734826919523153,0.09019448227398945,0.008061084197834134,54.55698285304669,0.34491848611650233,0.5221595379208974,0.7644456943168063,0.1490481776700848,0.022215359266773163,0.5811750491437062,-0.558959689876933,-0.9617750980543557,0.539161726063507,0.2906953668517801,13.085332690818298,3.617365435067115,16.375829312116714,4.136659318904757,2.4598144806905715,-0.0634750728524744,0.0,15.672335551814673,4.338008758742329,150.57880661657046,0.6023152264662819
weak_heterogeneous,14,200,0.02,logistic,map,0.8,0.5,1.5810857638116367,0.8224949195178044,0.14112550020217896,-399.0330362038167,-389.5857818839738,-0.0,-1.4236963986986144,-399.0330362038167,-391.00947828267243,1,0,0.504,0.03700742749086811,0.12279857316404971,0.8931180051854446,0.9724755927069685,0.08064993418842833,0.06046398561223904,0.011801375076174736,57.869770067982024,0.3444258668562858,0.516229107525551,0.7671019070706699,0.1441457829847847,0.020778006752296643,0.4769376501717621,-0.45615964341946547,-0.956434542869883,0.4949246067463142,0.2449503663629938,11.788925149709986,3.4335004222673375,18.09409827614449,4.1625435280300245,2.5107952288939295,0.05535615381614925,0.0,9.489622498720623,4.112526665637186,179.82166989757926,0.719286679590317
weak_heterogeneous,15,200,0.02,logistic,map,0.8,0.5,1.7241465130034668,0.5499153362405925,0.17972379084676504,-391.78353743193884,-382.528692131809,-0.0,-1.1973756121439008,-391.78353743193884,-383.7260677439529,1,0,0.54,0.029568333312074764,0.09755744807157979,0.9366998037290349,0.9657726252317304,0.10226218489553873,0.07827226023819377,0.0069705829955637455,56.432189970852875,0.34770659977316587,0.517361697251254,0.8347173443634762,0.15556648496522618,0.024200931244435946,0.8532477598873301,-0.8290468286428943,-0.9716366893859392,0.6458881007543851,0.41717143869610673,17.237825870523842,4.15184607982086,29.985257628922977,4.322617401384393,3.1599265124611304,-0.012083306905106752,0.0,29.216380361342992,4.320595059329913,99.3349824693586,0.3973399298774344
weak_heterogeneous,16,200,0.02,logistic,map,0.8,0.5,1.4405021095805306,0.600583851728632,0.11534904106520116,-408.352221886214,-405.89122286760215,-0.0,-0.7589997472383978,-408.352221886214,-406.6502226148406,1,0,0.492,0.03687399051454034,0.07780983907009596,0.8915579779961817,0.9470406948514274,0.0777656427766317,0.05743851469741036,0.027214624918997288,54.26608360279243,0.31938339615494604,0.5218730706419556,0.7408732133022414,0.15032137142578503,0.02259651470732882,0.6047226612128458,-0.582126146505517,-0.9626332595805014,0.5495866545846232,0.30204549089751787,13.366906127322114,3.6560779706294713,10.951369896065676,4.949440006120656,2.4197825320399544,-0.029401640577243784,0.0,8.740058464600573,4.40247437783007,181.39538316894365,0.7255815326757746
weak_heterogeneous,17,200,0.02,logistic,map,0.8,0.5,1.5578101730415823,0.9051513350296271,0.17196879209950566,-395.5025624182348,-385.6320907297177,-0.0,-1.5927140117088903,-395.5025624182348,-387.22480474142657,1,0,0.48,0.04527933936107416,0.08302433223269344,0.8732167256250785,0.9392812450225931,0.09348477510663464,0.06985897186032242,0.005938083864748478,58.12124157999338,0.32045044930168426,0.511384577508761,0.8093709776331842,0.14710089451982347,0.021638673168532234,0.4934281117753722,-0.47178943860684,-0.9561462497734968,0.4948294302654945,0.24485616505687385,11.315673708356242,3.3638777784509712,22.38221549631561,4.270275637413987,2.609016082483351,0.026295855746278733,0.0,11.069732803340505,4.280609522823906,171.18736176667906,0.6847494470667163
weak_heterogeneous,18,200,0.02,logistic,map,0.8,0.5,1.5706882259863737,0.7435901592985681,0.20637291693128645,-381.19633630034343,-371.6516040616924,-0.0,-1.2253558318943374,-381.19633630034343,-372.87695989358673,1,0,0.48,0.037649634131382344,0.07414598745295814,0.8789159256499746,0.9433625575631004,0.09237849665678137,0.07044582374413623,0.007904790807515383,55.69906710461318,0.3354713453892518,0.5169128353524701,0.7272442537366767,0.15337120218979589,0.023522725661143253,0.46942563606072335,-0.4459029103995801,-0.9498904110594837,0.48852030507813715,0.2386520884736362,10.145596726822397,3.1852153344510943,9.254853773209861,3.702491824670903,2.0052582907575807,0.11232594436055043,0.0,8.82250244052843,4.615516463882204,172.84928793070503,0.6913971517228201
weak_heterogeneous,19,200,0.02,logistic,map,0.8,0.5,1.0632442572800138,0.6337167514042439,0.2063923329114914,-391.12324510079156,-388.8012424787774,-0.0,-0.274176851621736,-391.12324510079156,-389.07541933039914,1,0,0.4959817369858959,0.03192150839701389,0.07265710441908964,0.9146113154052171,0.98,0.08830564068197148,0.06492019541516593,0.005506749963387847,46.4268275980731,0.3436985253817439,0.5488103943096394,0.8541120639313808,0.1547293672295109,0.023941177083244836,0.33949964012184,-0.31555846303859514,-0.9294809942224009,0.4148883065421021,0.17213230690537332,7.18980133294447,2.6813804901476535,25.41210503076801,4.510852570741552,2.620234108346687,0.12251817629701418,0.0,17.347596581589244,4.103994823007678,133.44937522210265,0.5337975008884106
weak_heterogeneous,20,200,0.02,logistic,map,0.8,0.5,1.7638438792188254,0.9583857702795029,0.14603074989281595,-386.7361582162703,-375.07665967117424,-0.0,-2.0968908170814915,-386.7361582162703,-377.1735504882557,1,0,0.552,0.08576854684881681,0.16219878605753396,0.8809126759718959,0.9276525179215682,0.0758006325482714,0.06363981188671129,0.0066193328239023685,60.929643847213804,0.32876320643147255,0.5059895184724603,0.8699567563147139,0.1410248003742236,0.019887994320589616,0.4429917865469431,-0.42310379222635347,-0.9551052752566506,0.47368719757640265,0.22437956114778593,11.282161364833584,3.3588928778443625,9.022436616191285,4.334817161610094,2.2425465548661876,0.05336049820936431,0.0,10.98600179679257,4.059261073272798,175.24869182553144,0.7009947673021257
weak_heterogeneous,21,200,0.02,logistic,map,0.8,0.5,1.4761001034391086,0.6661233302229278,0.13074204185977578,-405.6559087465144,-401.43793595916986,-0.0,-0.915012937376521,-405.6559087465144,-402.35294889654637,1,0,0.503969230984345,0.02778896349943409,0.055548272296893096,0.9454806365383069,0.98,0.10177563634577115,0.0740160854459425,0.008501665899530053,55.35959362313447,0.35902557239255356,0.5179109045614834,0.7752357056518739,0.16847112843694287,0.028382521116816904,0.5552780691586279,-0.5268955480418109,-0.9488859317642008,0.5250078480183272,0.27563324048083493,9.711372691184918,3.1163075411751193,22.96413226977797,4.656651613112584,2.800731973165746,-0.00393861827537755,0.0,13.29064360753038,4.1062412963379,150.7406205786996,0.6029624823147984
weak_heterogeneous,22,200,0.02,logistic,map,0.8,0.5,1.6667552191025248,0.9036682826226654,0.1751128330361098,-387.51325239828765,-374.7257540519742,-0.0,-1.778160396830629,-387.51325239828765,-376.50391444880484,1,0,0.484,0.030216470149828763,0.07478903318600567,0.9064322963432744,0.9587836757197964,0.07048079785908631,0.05136942308695291,0.005586666986346245,60.00106526083567,0.33945976517920784,0.49928099381879393,0.7342824457554654,0.15265652149099812,0.02330401355373157,0.4960531863012591,-0.47274917274752754,-0.953021139270379,0.5025960799725487,0.2526028196037726,10.839455573665527,3.2923328467312545,8.993467642820617,4.537467325973314,2.1601651626153853,-0.11635089805005203,0.0,12.442975026576073,3.651609726807537,159.55544428476006,0.6382217771390403
weak_heterogeneous,23,200,0.02,logistic,map,0.8,0.5,1.2944244896043524,0.4471914810239707,0.25224045803770423,-401.5097569234766,-395.492817634168,-0.0,-0.48804422045697343,-401.5097569234766,-395.98086185462495,1,0,0.5639405963135941,0.026476897870005543,0.07699296857018574,0.9582989119468374,0.98,0.07935522607101975,0.06349104160027266,0.005993874976411462,51.749886522581754,0.3753787559967881,0.5258002524915901,0.7797867110091246,0.16538710181154537,0.027352893445622473,0.6247461404828241,-0.5973932470372016,-0.9562175871555073,0.5575176070090339,0.3108258821250795,11.363546702764776,3.370986013433573,10.128843599918511,3.9344050878563475,2.135869971152827,-0.08271141738174283,0.0,22.912479002572052,4.2714756284516815,123.51040253670001,0.49404161014680004
weak_heterogeneous,24,200,0.02,logistic,map,0.8,0.5,1.6871196255726244,0.48530665952078345,0.1552559998817742,-390.8620278968872,-385.3849981005568,-0.0,-1.1153074970229024,-390.8620278968872,-386.5003055975797,1,0,0.552,0.029441973450968027,0.10879258505861518,0.9438249512865056,0.971572426164925,0.06648246273994551,0.05574019859078429,0.006132000125944614,56.619345314127514,0.33882494806660257,0.5172623488033044,0.7942800657495431,0.1536172375507695,0.02359825567272955,0.9977857070875042,-0.9741874514147747,-0.9763493749157703,0.6878611677585406,0.4731529861101431,20.050337307639428,4.477760300377794,20.2739616719654,3.7690156385070672,2.439181419329131,0.08875259005181933,0.0,32.609888344873745,4.127928780627967,96.6082815783616,0.3864331263134464
weak_heterogeneous,25,200,0.02,logistic,map,0.8,0.5,1.2173694796176737,0.9190944331600087,0.16208224999718368,-397.4388182416458,-391.56664012095695,-0.0,-1.0937524602164865,-397.4388182416458,-392.6603925811734,1,0,0.564,0.04833072997168015,0.12870527148615413,0.9467675396515165,0.9765406910540158,0.08796841613697481,0.07262956496092475,0.011832708027213812,51.73349551216327,0.36078698634876977,0.5313985160953701,0.7830143049013849,0.14993296632543932,0.022479894391145318,0.3149799919617149,-0.29250009757056955,-0.9286307226972127,0.405244987386652,0.16422349980200773,7.3053501473162745,2.7028411250601234,96.33499340120235,4.349980097044776,6.763373367187328,0.26432063728410493,0.0,42.627001601050125,4.555214626475919,80.50340690228496,0.3220136276091399
weak_heterogeneous,26,200,0.02,logistic,map,0.8,0.5,1.475247097572648,0.6301600111391777,0.17511629103682935,-392.23275128631144,-384.03836783430336,-0.0,-0.8560723892172614,-392.23275128631144,-384.89444022352063,1,0,0.564,0.043736373424051955,0.11295201233855066,0.9472564421200559,0.9778000011679678,0.09842853632891803,0.07796388133960604,0.006588540971279144,54.66502404319882,0.37188111768838844,0.515960229656322,0.7850167139989778,0.15760620946782658,0.024839717262816426,0.5480775456695054,-0.523237828406689,-0.9546784620915761,0.5240452048588359,0.27462337673553927,11.055817335998187,3.3250289225807026,12.989620727865798,4.23991717182118,2.155117367855524,0.04419401918582586,0.0,8.679200799660338,4.031577138978738,185.55281631144373,0.742211265245775
weak_heterogeneous,27,200,0.02,logistic,map,0.8,0.5,1.3445076631444086,0.8855645417509131,0.1918509160168469,-393.03850229482794,-385.99007401982095,-0.0,-1.192570530234327,-393.03850229482794,-387.1826445500553,1,0,0.54,0.05666400669233713,0.12644039428572562,0.9169503011731028,0.9765071391035217,0.09504708286092116,0.06941912050505021,0.005450250115245581,52.09949908589459,0.38773450480075045,0.5304717862407335,0.7150226626953307,0.1477979527021137,0.021844234822936244,0.3862205432692468,-0.3643763084463106,-0.9434410333587359,0.44566443548601375,0.1986167890570673,9.0924122848433,3.0153627119872826,14.055139291224622,4.570310496888499,2.480719716821283,0.051283427711231254,0.0,13.765193764414816,4.266797812543421,166.17717760508862,0.6647087104203545
weak_heterogeneous,28,200,0.02,logistic,map,0.8,0.5,1.9140336397826585,0.7962941772949959,0.19541095779277384,-382.79969574072135,-370.40856041082804,-0.0,-1.9551324013239693,-382.79969574072135,-372.363692812152,1,0,0.496,0.039525812471611375,0.07130700142510851,0.8910533134130085,0.9523166415516906,0.0674392367495474,0.04966606269741405,0.011893791845068336,60.87520227380168,0.3283431781913747,0.5051038959359291,0.7284806904256146,0.14688346966879365,0.021574753661943426,0.5899724248111465,-0.5683976711492031,-0.963430911760241,0.5427892015806899,0.29462011735260285,13.655781288121732,3.695372956566324,7.276774642710578,3.7708557619647403,1.8627515396838412,0.03148993664520042,0.0,21.06929145619483,3.7364853114213146,138.00430153198621,0.5520172061279449
weak_heterogeneous,29,200,0.02,logistic,map,0.8,0.5,2.0458121969328538,0.730259806403384,0.6108960418496281,-379.8271416815251,-369.76347984607986,-0.0,-2.0501778991873594,-379.8271416815251,-371.8136577452672,1,0,0.48,0.02136036097874726,0.06799827569608496,0.9210378010584106,0.9690445760906254,0.12329327051968637,0.0940590787100823,0.059027457842603326,59.335561151000356,0.3218188503960305,0.5041222701490363,0.8214183738719371,0.15266464643337369,0.023306494270627,0.757838830587336,-0.734532336316709,-0.9692461070481646,0.6176792344338593,0.3815276366507985,16.370013963517238,4.045987390429836,18.367125215613584,4.286168849539637,2.4623045752847066,0.08282062044465269,0.0,12.638315997893725,4.250247669802369,157.4666061517243,0.6298664246068972
weak_heterogeneous,30,200,0.02,logistic,map,0.8,0.5,1.3283480930954217,0.6654128210300213,0.1495709998998791,-393.13124920295326,-388.14878194698355,-0.0,-0.6776223628249575,-393.13124920295326,-388.8264043098085,1,0,0.552,0.06430145792727847,0.12960417830677853,0.9305783350436704,0.9629650360881176,0.10583708490190366,0.08434341520579872,0.586819333024323,52.21126273762127,0.3659473962745145,0.5281751940668029,0.8870356999043711,0.15662836321593376,0.02453244416370247,0.5741179882803987,-0.5495855441166962,-0.9572693337180007,0.537043790430339,0.2884160328397859,11.756514390299452,3.428777390018117,17.091694201342605,4.2298916359650045,2.690127701076437,-0.16933656855624657,0.0,22.11234994666898,4.3481401158526065,133.9821175427568,0.5359284701710273
weak_heterogeneous,31,200,0.02,logistic,map,0.8,0.5,1.5755285291039716,0.7116447666555591,0.13817879115231335,-388.4667933731288,-380.3956966015194,-0.0,-1.1678243970878242,-388.4667933731288,-381.5635209986072,1,0,0.528,0.030435588010792637,0.12640696977406882,0.9221746075323917,0.9605448798466417,0.05853331076686165,0.04606361195664107,0.007566667161881924,58.078132421995406,0.3560501986397209,0.510412131738436,0.7143338995146076,0.15392008565101395,0.02369139276681547,0.6512960848959536,-0.6276046921291382,-0.9636242358640922,0.5587285767176714,0.3121776224409548,13.176837069630704,3.6299913318947064,15.672169328150801,4.281838214830622,2.547454420944213,0.02636279906195381,0.0,17.02803014936121,4.552267402041944,139.4210996682395,0.5576843986729579
weak_heterogeneous,32,200,0.02,logistic,map,0.8,0.5,1.4894936260182214,0.7254771108245356,0.19752404186874628,-399.6104750807658,-393.57731696231826,-0.0,-1.0498203858121606,-399.6104750807658,-394.6271373481304,1,0,0.54,0.03493213630934675,0.12706517071397472,0.9127095449151827,0.9739783894310137,0.07812066601338294,0.06005293271810898,0.7284920830279589,54.75538212905575,0.35956049601087225,0.5213586399493348,0.7179419525715477,0.14663056675729372,0.021500523107565166,0.5396404762797229,-0.5181399531721578,-0.9601576900684146,0.5225429672679055,0.2730511526411474,12.699744619007511,3.5636701052436814,13.764604678866718,3.9950934517080703,2.4616307768249817,0.03688109649720053,0.0,14.249731875969406,4.208964560605795,147.81271145524644,0.5912508458209857
weak_heterogeneous,33,200,0.02,logistic,map,0.8,0.5,1.6053888587257092,0.9455667649257417,0.18766462500207126,-377.9562285366396,-368.33365306717354,-0.0,-1.782238659938118,-377.9562285366396,-370.11589172711166,1,0,0.528,0.08423500123866523,0.133922630428606,0.8908659691660211,0.9519366651944475,0.11937569737425656,0.09167472253713821,0.00773262488655746,55.805913772244196,0.32356896981132144,0.5240275447754332,0.7764501643269619,0.14335413612001255,0.020550408342715085,0.40765762618345003,-0.38710721784073493,-0.9495890496760455,0.4571353689245874,0.20897274552181863,10.168787988872124,3.1888537107983055,9.06897825775895,3.529295667175615,1.8563124609131825,0.023432109311710296,0.0,20.24405869539795,3.8826537702201835,152.98903412664845,0.6119561365065938
weak_heterogeneous,34,200,0.02,logistic,map,0.8,0.5,1.2163193220835875,0.7678229320622671,0.37421241705305874,-403.10507617080236,-399.0119248380014,-0.0,-0.7190745913722525,-403.10507617080236,-399.73099942937364,1,0,0.512,0.05424335554075431,0.12706487684430454,0.9019958795438372,0.9711552013368688,0.1282732247759152,0.10199572475372276,0.018442041939124465,53.20405179584237,0.33575356854119204,0.5226285382004988,0.7627777241993658,0.15087534351139978,0.022763369279682883,0.5409421597701485,-0.5181787904904656,-0.9579190328049947,0.5118906309936285,0.26203201809905513,11.511126269560105,3.3928050739115716,8.902595046007988,3.846078816949062,2.020587226355826,-0.049844728407675946,0.0,10.346184585205386,4.421975051475929,173.77547846790418,0.6951019138716167
weak_heterogeneous,35,200,0.02,logistic,map,0.8,0.5,1.3905313978740768,0.8563893383134731,0.6265720420051366,-402.8449780457604,-396.72281989683,-0.0,-1.190380799997934,-402.8449780457604,-397.9132006968279,1,0,0.532,0.04069468952637402,0.09906070665996716,0.931298839160321,0.9665102187817276,0.0791231867744792,0.06362887711610696,0.007568500004708767,54.13499028697656,0.3377666508130761,0.5195018700128942,0.7591737485838347,0.15070084036632458,0.022710743287116447,0.42701919651526166,-0.40430845322814524,-0.9468156385650809,0.46252403820469684,0.21392848591717986,9.419704287641661,3.0691536761201226,23.826741417342276,3.826481672450837,2.7933040567941143,0.019057344768468695,0.0,20.946136537125277,3.8366213127748314,122.0692402121393,0.4882769608485572
weak_heterogeneous,36,200,0.02,logistic,map,0.8,0.5,1.5509172096505288,0.6280594715570078,0.19627087493427098,-384.253475399786,-377.35606616609766,-0.0,-0.9804540766176071,-384.253475399786,-378.33652024271527,1,0,0.524,0.05802894945650656,0.14839584112172866,0.9055853591731188,0.9680605020615428,0.08944118880707583,0.07206305944509467,0.010262457886710763,56.285069570866284,0.3275947133148371,0.5195624586055727,0.738917473446391,0.14717390176148415,0.021660157359698985,0.8809757345869327,-0.8593155772272337,-0.9754134461264647,0.6466138203179201,0.41810943262613554,19.303157667915762,4.393535895826477,39.28279889586499,3.8400093299141163,3.2502037164532753,0.1289840277130553,0.0,25.006555342296195,4.275262338313711,119.5510076593134,0.4782040306372536
weak_heterogeneous,37,200,0.02,logistic,map,0.8,0.5,1.4817059996161424,0.7772085224821838,0.20294933300465345,-386.19789277059743,-379.7900462632815,-0.0,-1.148883717407882,-386.19789277059743,-380.9389299806894,1,0,0.528,0.03870753688298779,0.08225379431049677,0.9423695094653779,0.9663238157179938,0.06116727634059368,0.04913203122574682,0.011471332982182503,55.15627500891189,0.3469022027360859,0.5242284574518845,0.6733408160932237,0.15113492342421408,0.022841765078443058,0.46885671275181073,-0.4460149476733677,-0.9512819920090718,0.4866655466761607,0.23684335432160636,10.368872699121118,3.220073399648076,24.238567106237017,3.933197656102141,2.5800215304207255,-0.05001541009344078,0.0,22.529359613347733,3.85753054625484,119.99799442728944,0.47999197770915775
weak_heterogeneous,38,200,0.02,logistic,map,0.8,0.5,1.1547845217372679,0.7129797476635525,1.0213939158711582,-385.98141728154127,-381.71571851647536,-0.0,-0.521291977874669,-385.98141728154127,-382.23701049435005,1,0,0.5,0.04161731663529093,0.08385018486840377,0.9000458169154167,0.958097038849059,0.06758090475082602,0.05290202884152538,0.10797449992969632,47.93244147633414,0.38122757919343814,0.5438239632468755,0.8418235747476397,0.15018346112550413,0.022555071995635813,0.41075664157204106,-0.3882015695764052,-0.945088965794166,0.4621681526013199,0.21359940127891688,9.470127221063462,3.077357181261782,17.110409835644052,3.9075691023443566,2.394073434773773,-0.08727701511854331,0.0,10.909744623026663,4.47558349758499,168.93538063318084,0.6757415225327233
weak_heterogeneous,39,200,0.02,logistic,map,0.8,0.5,1.077928897548977,0.6720836867595162,0.3017861668486148,-392.80536680981913,-391.4261809186381,-0.0,-0.35279409166693465,-392.80536680981913,-391.77897501030503,1,0,0.576,0.03665371782634177,0.1500792229671985,0.9187973384313364,0.9565535515350025,0.0825561614738879,0.06506788193226012,0.005957540823146701,47.69696904590843,0.3852017884945872,0.5461784699327161,0.7670325723477476,0.1512881407619249,0.0228881015352,0.28404690873582966,-0.2611588072006297,-0.919421402482199,0.3890190867625887,0.1513358498655985,6.611987876445608,2.571378594537492,11.729709682732805,4.454577431284202,2.335475787357445,0.05714771792401271,0.0,9.951339719709695,4.635878130508046,170.88184542091125,0.683527381683645
weak_heterogeneous,40,200,0.02,logistic,map,0.8,0.5,1.8496341715902482,0.9305268833800338,0.22107999981381,-417.19964293571104,-409.0811516329395,-0.0,-2.176565500057088,-417.19964293571104,-411.2577171329966,1,0,0.544,0.042907659355649254,0.09990523657458503,0.9202207006768179,0.9706584570395542,0.07315820845764408,0.05838636945420235,0.00704933307133615,61.06825324351928,0.3174661659984001,0.508161126842832,0.7690828181495171,0.15297995136050085,0.023402865518261207,0.47394708749824316,-0.45054422197998195,-0.9506213538692798,0.48492475526302753,0.23515201826690713,10.048001091294504,3.1698582131216066,18.515084542204942,4.48671188752834,2.634797322278898,0.026960271628502654,0.0,23.30586228699374,4.459347725495225,121.37339503700161,0.4854935801480065
weak_heterogeneous,41,200,0.02,logistic,map,0.8,0.5,1.574993085683707,0.8170738786103151,0.1916067919228226,-391.01725833868613,-381.7027250100615,-0.0,-1.4001269336720643,-391.01725833868613,-383.1028519437336,1,0,0.5,0.03375972754378147,0.09529324175637939,0.921290977105077,0.9586733850409608,0.0744839847858054,0.05671514189594906,0.007128291996195912,56.145631435223024,0.3423435973217496,0.5166347009802166,0.7285103842134378,0.15033892554424494,0.022601792533798022,0.46877080342082356,-0.44616901088702554,-0.951784982407473,0.4826277824490302,0.23292957639166842,10.305801013054728,3.2102649443705933,11.45739304782461,4.335806832580082,2.164509092682464,0.03052465399352701,0.0,18.564801643288064,4.392808448314516,152.8989749672262,0.6115958998689048
weak_heterogeneous,42,200,0.02,logistic,map,0.8,0.5,1.5043990009406316,0.8016945627625119,0.19020579103380442,-376.32485639399823,-367.51163895398366,-0.0,-1.2434718719260327,-376.32485639399823,-368.7551108259097,1,0,0.4880076598549633,0.02,0.06392093074114268,0.9303115018252324,0.9759247825072115,0.07332441249625081,0.05395995427991553,0.007295208051800728,56.481587430412134,0.3211219812069247,0.5156345160319338,0.7602286217327019,0.162509880795561,0.026409461356187443,0.5558484557304884,-0.5294389943743009,-0.9524880188405299,0.5302906021985847,0.28120812278013757,10.648006749832996,3.2631283685802184,18.082079637873285,4.024716014178072,2.330658173161468,-0.1366615589363493,0.0,15.14642052703019,3.496220090193195,143.17705613913483,0.5727082245565394
weak_heterogeneous,43,200,0.02,logistic,map,0.8,0.5,1.0534795558247136,0.6562167255359256,0.15422354196198285,-386.6757887329117,-385.0265956704556,-0.0,-0.2993571691271747,-386.6757887329117,-385.3259528395828,1,0,0.556,0.09411022181556676,0.1589291087327519,0.9077835039014016,0.9494325411719874,0.10647425796108874,0.08692918428641899,0.010779834119603038,45.13584811185681,0.3689198093871272,0.5501179391162627,0.8678670428295501,0.1505554166987042,0.022666933497320463,0.31096847547538614,-0.2883015419780657,-0.9271085808210338,0.40171963926486276,0.16137866857109145,7.119563331765569,2.668250987400842,22.153783215950202,3.9517971793066407,2.73216468689592,-0.08701466123684755,0.0,16.440890798460217,4.410646476380172,149.16385024062959,0.5966554009625183
weak_heterogeneous,44,200,0.02,logistic,map,0.8,0.5,1.1093347857745195,0.6434832601395714,0.17644133302383125,-394.53203955079664,-390.7332144015169,-0.0,-0.3410309581318123,-394.53203955079664,-391.07424535964867,1,0,0.524,0.04390467780346474,0.09480171247106198,0.9172702241188078,0.9641446887545931,0.09822785201580202,0.07892866916715019,0.006467540981248021,47.86948519526855,0.3825637465046316,0.539905759656537,0.7963573619154348,0.15276359460348835,0.023336715836178933,0.44468056312163307,-0.42134384728545415,-0.9475202701184948,0.4746762731322209,0.22531756427469474,9.655067399217533,3.1072604331174967,15.159889224695373,4.254669089072627,2.290662177612237,0.007051357017535182,0.0,18.990268819201287,4.489867647115956,150.54672415415848,0.6021868966166339
weak_heterogeneous,45,200,0.02,logistic,map,0.8,0.5,1.7127008815490095,0.9052802799420491,0.12609287514351308,-395.54903093532613,-386.4473052147905,-0.0,-1.8637055604296044,-395.54903093532613,-388.3110107752201,1,0,0.444,0.05567674206450483,0.10885807331342578,0.823449604007291,0.9212937951741892,0.10317511803874616,0.082611930418511,0.0051611249800771475,59.0294267113329,0.33292399516742766,0.5127946156505105,0.8348222698555979,0.1436210145962302,0.020626995833650567,0.42400059603875107,-0.4033736002051005,-0.9513514933083599,0.4613790806449623,0.21287065605679062,10.320002862923774,3.2124761264363935,10.97242366170338,4.413660974273078,2.1885389612277653,0.020484937423235778,0.0,8.155012989735404,3.994338758922644,194.2417367958105,0.776966947183242
weak_heterogeneous,46,200,0.02,logistic,map,0.8,0.5,1.4973006227444592,0.6723329270744077,0.16188920801505446,-399.1111283668831,-392.20753225526903,-0.0,-0.9611795367993058,-399.1111283668831,-393.16871179206834,1,0,0.5,0.029002761254742358,0.1029700764021065,0.909879332865381,0.9649658231695256,0.07064801907448642,0.05543139684662927,0.008051708107814193,55.2005827673064,0.35405185750745355,0.5135902548533545,0.7090989915563621,0.15318840403509196,0.023466687130818575,0.5355848272755112,-0.5121181401446926,-0.9561849291919037,0.5188606496706157,0.2692163737766134,11.472278650830697,3.3870752354842515,10.874015733737501,3.5783501639336293,2.169564208953359,-0.004113007783038625,0.0,16.103913560052465,4.563944828856407,132.65559585320005,0.5306223834128002
weak_heterogeneous,47,200,0.02,logistic,map,0.8,0.5,1.688079669357268,0.6468108153817568,0.14095616713166237,-398.8471336609736,-391.5186243984676,-0.0,-1.2477833790651762,-398.8471336609736,-392.7664077775328,1,0,0.5719852580367014,0.0454399237233008,0.1095018713728843,0.944838906825913,0.98,0.08679460500139072,0.06810927549021292,0.010128374909982085,57.14020208961746,0.34118682308611664,0.517030832808729,0.7783081691377571,0.15637585504398407,0.024453408040737118,0.7209386024175469,-0.6964851943768098,-0.9660811503798843,0.5882010791424849,0.34598050950438375,14.148559944201324,3.76145715703387,19.260867735330834,4.386062699340706,2.6056980177852895,-0.004188579974615891,0.0,9.284779740916132,4.658739835304732,172.72632723258843,0.6909053089303537
weak_heterogeneous,48,200,0.02,logistic,map,0.8,0.5,0.9029581889984271,0.7810655001317767,0.1870764170307666,-402.32435857548575,-401.0490592132381,-0.0,-0.4272360745222349,-402.32435857548575,-401.4762952877603,1,0,0.544,0.06466490412426747,0.1151108998141258,0.9006059100044742,0.9634171522390769,0.07878655226768949,0.06134617889291961,0.0072482500690966845,41.649369781111226,0.4148857030468509,0.5626992475793227,0.8444770772880723,0.1501650254494096,0.02254953486822183,0.209690930488465,-0.18714139562024315,-0.8924629939135004,0.33538680523203246,0.11248430912374928,4.988320592025557,2.233454855605001,7.9068725776490325,3.423714399327863,2.022131358548816,0.11019417798576435,0.0,15.741093827861109,4.682167214742272,144.15481468547068,0.5766192587418827
weak_heterogeneous,49,200,0.02,logistic,map,0.8,0.5,1.2183646140747162,0.7434052323618593,0.20507145789451897,-386.3318249067304,-382.73186155250215,-0.0,-0.668533731466455,-386.3318249067304,-383.40039528396863,1,0,0.576,0.0722457097639243,0.13682341297061515,0.9442461304203442,0.9664091350037997,0.08816941972525259,0.06976042822067369,0.00575170898810029,50.2610950916839,0.3699336485604507,0.5298018297989521,0.8763114716819996,0.1480875147544868,0.02192991202616035,0.38044192025253876,-0.3585120082263784,-0.9423567413086256,0.43940675529014794,0.19307829659461595,8.804335209566343,2.9672100042912946,9.568983463439482,3.952769538033902,2.04485326343263,0.05690026959206965,0.0,11.410784802122764,4.214448547291996,166.7004880009801,0.6668019520039205
weak_heterogeneous,50,200,0.02,logistic,map,0.8,0.5,1.6642317514114235,0.7767589245760823,0.10601054201833904,-380.0537118782967,-367.26868976007444,-0.0,-1.461252630389736,-380.0537118782967,-368.72994239046415,1,0,0.536,0.09853734685867906,0.16560154931013615,0.8763612760778378,0.9412458937307961,0.07967796289683521,0.06618300276911651,0.006110416958108544,58.78364875860781,0.3285101254470209,0.5093242045604319,0.7583602550125743,0.142338833874538,0.020260343628763326,0.6017624251960286,-0.5815020815672653,-0.9663316571782239,0.5437531708736965,0.2956675108351994,14.593410469872008,3.8201322581648935,10.293780628252707,4.064198099312344,2.1573758626104627,-0.008702522733731996,0.0,8.382875413419827,4.258353340372678,187.8240379735936,0.7512961518943744
weak_heterogeneous,51,200,0.02,logistic,map,0.8,0.5,1.8615007069746994,0.9011629799055173,0.12430683383718133,-395.5263502063713,-386.2681618437133,-0.0,-2.1204760242109915,-395.5263502063713,-388.3886378679243,1,0,0.484,0.08489284506054005,0.14510832752706657,0.828261174242044,0.8995840037615292,0.09497499173701635,0.07879224229417121,0.005680625094100833,60.167897937100165,0.32270289248277373,0.5003501335394817,0.7782842211219823,0.1405674668614504,0.019759212739844958,0.5961411621116535,-0.5763819493718085,-0.9668548089015464,0.5425372415963948,0.29434665851902486,14.896679457550821,3.8596216728522528,9.64199759023439,3.755767981399985,2.096593698552158,-0.03242794194460646,0.0,7.573841140927056,4.0011868337536995,196.3872056091915,0.785548822436766
weak_heterogeneous,52,200,0.02,logistic,map,0.8,0.5,1.4463691521534199,0.9000998768043521,0.2635199159849435,-384.6715328321502,-377.40755592052506,-0.0,-1.3926487783503951,-384.6715328321502,-378.80020469887546,1,0,0.516,0.09546829167531391,0.1455906059265097,0.8411803897117308,0.8964745684570267,0.09444565521480917,0.0800675344484366,0.005826791049912572,55.98158221386331,0.3290574475204065,0.520536978476607,0.7124745886026547,0.14059765621021902,0.019767700931806943,0.3685774050851938,-0.34880970415338686,-0.9463675725666423,0.4382680160142407,0.19207885386105875,9.716802906098046,3.1171786772814363,8.640716799415797,4.454782148980806,2.1006701063279687,0.03264885097883906,0.0,6.722265830458098,3.8124773886955015,200.98211810987806,0.8039284724395123
weak_heterogeneous,53,200,0.02,logistic,map,0.8,0.5,1.5366794777349104,0.9537544142225177,0.1261766250245273,-384.48231947083923,-374.913735933398,-0.0,-1.6863211087154455,-384.48231947083923,-376.60005704211346,1,0,0.496,0.06020291472282597,0.10808802211671019,0.8917345068797248,0.9524288739725083,0.08221429149351785,0.06164243798613848,0.010388541035354137,56.538319570667,0.3251064463139209,0.5160899838834005,0.819666706190083,0.14441011110748217,0.020854280190075344,0.4057555654364895,-0.38490128524641415,-0.9486038345089821,0.4478292396172299,0.2005510278561463,9.616780153917254,3.1010933803929954,8.702208398873433,4.252750622275294,1.9905235022452177,0.009683167150495369,0.0,6.512092992754025,4.015853872116853,195.8652898906535,0.783461159562614
weak_heterogeneous,54,200,0.02,logistic,map,0.8,0.5,1.9255893472030956,0.7380511519514424,0.2016442499589175,-382.5282303396056,-372.5324610463249,-0.0,-1.8463600459060878,-382.5282303396056,-374.37882109223096,1,0,0.52,0.0342477037523285,0.08775629039468331,0.9399620093450917,0.9778574947556314,0.08146201147025206,0.06607497273850087,0.006403957959264517,62.84468702389495,0.32906704703239487,0.49529568086913944,0.7070955338471844,0.15398921950833158,0.023712679724785128,0.7414242279171659,-0.7177115481923808,-0.9680173929689355,0.594361418608927,0.3532654959308162,14.897746692103029,3.8597599267445415,30.47712406021987,4.395541974189952,2.7786007671461435,0.04264631464347312,0.0,25.11059957879489,3.7316316173762814,118.21168516206203,0.4728467406482481
weak_heterogeneous,55,200,0.02,logistic,map,0.8,0.5,1.9898135413518965,0.579018840873399,0.16145608411170542,-370.972364424181,-359.37217723874215,-0.0,-1.703571919300672,-370.972364424181,-361.0757491580428,1,0,0.516,0.02338421658604506,0.07036615241063099,0.9431587180726108,0.9780241887117311,0.08447306065140435,0.06642345338461467,0.008466999977827072,62.41464431774116,0.32734503507227797,0.4892021048988261,0.720514096628515,0.15518580650157782,0.02408263453954515,0.9805178247984407,-0.9564351902588956,-0.975438861048247,0.6661659897543998,0.44377712590545904,18.42726655078995,4.292699215038243,13.905711586455643,3.8910600927941563,2.2611363229041843,-0.006529855817489207,0.0,10.539048766930197,3.9436794583703882,164.38297129386115,0.6575318851754446
weak_heterogeneous,56,200,0.02,logistic,map,0.8,0.5,1.6109500364411757,0.612528759783996,0.12786512495949864,-393.66730109604885,-388.209868523054,-0.0,-1.062317488949015,-393.66730109604885,-389.27218601200303,1,0,0.5280000000000001,0.03120755450500798,0.08040141355357189,0.9301490825097511,0.9662044236428718,0.07012497695198187,0.05698299304548249,0.0071406669449061155,57.82307633294879,0.34564936031487425,0.5143841935150215,0.7395709820051724,0.15187127989444116,0.02306488565677569,0.8088086710723319,-0.7857437854155562,-0.9714828902289142,0.6208236566136601,0.38542201261115583,16.710337018208097,4.08782790956372,10.340978952036457,4.8191723326099,2.1631324266161873,-0.0251816013790055,0.0,11.278974838781227,4.861877102612807,148.7591322830252,0.5950365291321008
weak_heterogeneous,57,200,0.02,logistic,map,0.8,0.5,1.9787177317702738,0.8319248745828086,0.16860691597685218,-385.31586653764225,-373.54763904795914,-0.0,-2.158630775656706,-385.31586653764225,-375.70626982361586,1,0,0.532,0.0365843899329107,0.09359185783318966,0.9282100796943769,0.9778296005628515,0.06789058526990993,0.052504678030149646,0.0050913330633193254,62.095316099408436,0.32222877678928497,0.49720635064039953,0.8346611822242394,0.15287301085795912,0.023370157448777684,0.580930438040067,-0.5575602805912894,-0.9597711603344051,0.5339562759532133,0.285109304629824,12.199716893423663,3.492809312490973,13.282588881769472,4.409577066146333,2.0945713300844506,-0.10408183681727458,0.0,19.908168226808723,4.367303266652189,140.1784182216295,0.560713672886518
weak_heterogeneous,58,200,0.02,logistic,map,0.8,0.5,1.4426527489047682,0.7300560610974175,0.15567200002260506,-386.84013365771443,-379.4969210958129,-0.0,-0.981864897046208,-386.84013365771443,-380.4787859928591,1,0,0.504,0.039016562038523064,0.0886966685515045,0.9377335048736273,0.9696988253569335,0.066245845417548,0.05235223368962638,0.006380083970725536,54.54320119636608,0.3487850647487577,0.5242404457321459,0.803825028990788,0.15644912985583426,0.02447633023264769,0.5097157812776624,-0.4852394510450147,-0.9519804347212972,0.5073663970558675,0.2574206608614522,10.51712648157085,3.2430119459494517,13.297006954127498,3.860148885571495,2.4166375737278587,-0.04139564699423188,0.0,15.322097111299833,4.2913418625378315,145.70677726621423,0.5828271090648569
weak_heterogeneous,59,200,0.02,logistic,map,0.8,0.5,1.6086338065825154,0.750690627667745,0.1709387090522796,-394.9162756625137,-390.0194903774186,-0.0,-1.3061833603219954,-394.9162756625137,-391.3256737377406,1,0,0.48400000000000004,0.03419671379863276,0.08037225307347169,0.8889649559116893,0.9640719292073312,0.08601942986189151,0.0686370392137683,0.008797333808615804,56.84583400267344,0.33699666960854036,0.5143441644227744,0.7471041683444671,0.1501404285373828,0.022542148281388952,0.5786460130798013,-0.5561038647984125,-0.9610432841982096,0.5416738232666158,0.29341053081227303,13.016085563349613,3.6077812521478645,25.794577520967856,4.379848222929293,2.7670902986259205,0.0971373824475005,0.0,12.729824942408172,4.447406762494756,160.46144496786087,0.6418457798714435
weak_heterogeneous,60,200,0.02,logistic,map,0.8,0.5,1.270345413209901,0.7759925148053703,0.11293995892629027,-396.1184731097361,-393.5946924139039,-0.0,-0.8140690758602747,-396.1184731097361,-394.4087614897642,1,0,0.544,0.05426714875473331,0.14095465102581028,0.9004539823343991,0.9587188476202734,0.07152816524692823,0.05778705207034078,0.005411167163401842,51.57690255541051,0.34832518027378245,0.5327761409592954,0.8780084324803235,0.14382718923007312,0.02068626036182326,0.3662103899343604,-0.34552412957253714,-0.9435126339109847,0.4382938439812763,0.19210149367188337,9.28642926811503,3.0473643149638394,22.765195674280005,4.330322720904305,2.6947567026709414,0.07405759405249218,0.0,13.864742558228317,4.098122773206455,151.08133665674166,0.6043253466269666
weak_heterogeneous,61,200,0.02,logistic,map,0.8,0.5,1.4271061903946192,0.5742434347540445,0.14410933293402195,-398.80745532328814,-390.5444331380778,-0.0,-0.7083352660257299,-398.80745532328814,-391.25276840410356,1,0,0.5199960000811215,0.02199679145722827,0.06278486631983866,0.9314229937510575,0.98,0.07377065032277841,0.05544481430327921,0.009068415965884924,56.39626429847741,0.34092102450608025,0.5127589629119689,0.7586679525256257,0.15779735366002912,0.0249000048221083,0.7130440847467707,-0.6881440799246624,-0.9650792912321104,0.5850042667320392,0.34222999209469085,13.744173727662515,3.707313545906593,16.61236108988528,3.940994359830875,2.304024812888862,0.10167281603052145,0.0,22.644866141484602,3.471735382438936,119.52953338094481,0.47811813352377924
weak_heterogeneous,62,200,0.02,logistic,map,0.8,0.5,2.134439022495668,0.6473171399091675,0.15255108289420605,-377.0231847514382,-367.31170684525097,-0.0,-2.059449134265842,-377.0231847514382,-369.3711559795168,1,0,0.512,0.07801496491840743,0.12862925937432523,0.876774988061661,0.9651838158203482,0.10288150270147568,0.0857999568692838,0.0073183749336749315,63.35585315189583,0.3027398621993019,0.49120919674956365,0.7966807992818664,0.14577609715390777,0.021250670501425553,0.8561238372771961,-0.8348731667757705,-0.9751780413345212,0.6340020126217351,0.4019585520084107,18.91509973680342,4.349149311854379,16.936163045490385,5.168209777877027,2.5496635177900413,-0.10069075906421493,0.0,9.107731126292745,4.883108839606238,172.4015345301917,0.6896061381207668
weak_heterogeneous,63,200,0.02,logistic,map,0.8,0.5,1.6170590619391234,0.7898676271236983,0.11020474997349083,-392.06877623072523,-386.65018032953805,-0.0,-1.408704030419464,-392.06877623072523,-388.0588843599575,1,0,0.544,0.042165236992854925,0.1265330064214353,0.9084971106401978,0.9628330086110907,0.0697925749298572,0.05457891729579353,0.007911249995231628,56.68116413573235,0.3490669764694497,0.514147722630888,0.7543155288922749,0.14945530450947686,0.022336888046020457,0.5610487814790792,-0.5387118934330588,-0.96018726217151,0.5361664436865857,0.28747445533552074,12.86994207712552,3.587470149997839,16.428913897128723,4.119370965657199,2.5769531250757645,-0.04589892868279721,0.0,13.476099402124625,4.06535035579368,165.59566547112522,0.6623826618845009
weak_heterogeneous,64,200,0.02,logistic,map,0.8,0.5,1.9636167896768464,0.7050641398495666,0.1560203330591321,-385.7951698703328,-374.4300583971978,-0.0,-1.8487952240293053,-385.7951698703328,-376.2788536212271,1,0,0.48,0.04005049030530751,0.08495928978993801,0.8891996337900381,0.9618578232510017,0.08313397512723497,0.0626103175009659,0.005653625121340156,63.161767317734274,0.3213899977212215,0.4973533426755898,0.7959595086662403,0.14531441640470505,0.02111627961504001,0.8254316392697522,-0.8043153596547121,-0.974417894092694,0.6286896278683816,0.3952506481892841,18.717816556462342,4.3264091989156945,9.101541026319547,4.074476800231435,1.9961153650875811,-0.058433909546763856,0.0,9.193246458366568,3.7300015535921824,185.8710243836932,0.7434840975347727
weak_heterogeneous,65,200,0.02,logistic,map,0.8,0.5,1.3313149252334215,0.6773469296764822,0.1568965830374509,-387.9124886133461,-382.4769709489735,-0.0,-0.703110880659623,-387.9124886133461,-383.1800818296331,1,0,0.5039697688888551,0.02121135034488948,0.0588060243311441,0.9245207526218853,0.98,0.08167630444864907,0.06085324280110831,0.005608708132058382,53.12398353449101,0.36774486592033234,0.5261258785632155,0.7733931578894218,0.16652708128826507,0.027731268802388447,0.5226869629434453,-0.49495569414105683,-0.9469447857543196,0.5121101672401203,0.262256823390704,9.45707984944837,3.0752365517872557,31.587117479184492,3.5678284447757758,2.8143157090745943,0.09034453114875461,0.0,49.99999999999996,4.5162967296997785,66.71506519456075,0.266860260778243
weak_heterogeneous,66,200,0.02,logistic,map,0.8,0.5,1.4992930988307176,0.7527847717330021,0.14168408303521574,-380.7716824007831,-373.27031962391,-0.0,-1.1239551286444223,-380.7716824007831,-374.3942747525544,1,0,0.576,0.08807348874601321,0.1583353576292914,0.9352022847313591,0.9609549590141336,0.09868688829719995,0.07968797600875377,0.006650916999205947,56.34598471045742,0.3370082466437647,0.5205063027407526,0.6861090311846243,0.15004816133641932,0.022514450720440126,0.49191012939907364,-0.4693956786786335,-0.9542305608791911,0.5013105579056186,0.25131227546764257,11.162265452893525,3.340997673284662,18.95547477394793,3.891809756255542,2.505066052236476,0.0057863711532113666,0.0,16.501752354133288,4.935619075780011,141.89311384299577,0.5675724553719831
weak_heterogeneous,67,200,0.02,logistic,map,0.8,0.5,1.6174714954807814,0.7070235866753849,0.14573870901949704,-390.44829109961256,-385.40667741569416,-0.0,-1.23131703651921,-390.44829109961256,-386.6379944522134,1,0,0.48,0.024557251269060353,0.0867739004779056,0.8905516295565999,0.9707412904647386,0.06319844267875485,0.04943892251958351,0.006228582933545113,56.9604916425992,0.3439675904784362,0.5162926451449714,0.7235226317265352,0.1471772436866074,0.021661141059187018,0.7255254699190506,-0.7038643288598636,-0.9701442031227328,0.605323943325791,0.36641707636348536,16.91587139210651,4.11289088016039,14.94502837730653,4.227594660110052,2.3935980384315454,-0.051453075067677004,0.0,10.765906000098006,4.200372649798427,180.25353705221343,0.7210141482088537
weak_heterogeneous,68,200,0.02,logistic,map,0.8,0.5,1.5691633723707392,0.7440891834282679,0.1431444580666721,-390.2669890718898,-381.5625180199547,-0.0,-1.2238025000572987,-390.2669890718898,-382.786320520012,1,0,0.5079999999999999,0.04429455960986047,0.10383017270854245,0.9206660639849695,0.9650179424243946,0.0900039581827789,0.07162085694959043,0.004891374846920371,56.379274023476995,0.3402848770185822,0.5198087010852708,0.7798863740316175,0.15302117250364952,0.023415479234391665,0.49053952520637145,-0.46712404597197976,-0.9522658663956982,0.4939917755103841,0.24402787427190173,10.421647655773105,3.2282576811297305,40.26445832443823,4.207116633312864,3.369038457354143,-0.1203875778086711,0.0,26.703885619597,4.128555319187334,120.92047161581844,0.48368188646327376
weak_heterogeneous,69,200,0.02,logistic,map,0.8,0.5,1.0736009544339675,0.6243589860400015,0.1820098338648677,-397.2238842627012,-395.4289121291945,-0.0,-0.27173476037842426,-397.2238842627012,-395.7006468895729,1,0,0.552,0.08134258090132118,0.15468357201782937,0.9145477403638744,0.9612059727527997,0.0625343326475877,0.051542814256998255,0.006436499999836087,45.07161770871625,0.416705475429773,0.5484080059346377,0.7605982302680794,0.14554702257617938,0.021183935780790874,0.3433132174796661,-0.3221292816988752,-0.9382956009200387,0.42122012073790605,0.17742639011445616,8.375515860246447,2.894048351400931,9.844392367581627,3.9390352344046873,2.178718654849038,-0.026257650130831606,0.0,22.43176583321065,4.179926496666703,134.10309610986874,0.536412384439475
weak_heterogeneous,70,200,0.02,logistic,map,0.8,0.5,1.5771726382539784,0.8801824951539764,0.1485917081590742,-389.13608987374107,-380.7667882058288,-0.0,-1.5611057000903603,-389.13608987374107,-382.32789390591915,1,0,0.548,0.039536779494307214,0.09405605380419953,0.9262370219816717,0.9691574987135895,0.07419336590050911,0.06056651148628005,0.044943332904949784,56.14365351846159,0.33863014682921716,0.520329224785905,0.7342410028039675,0.15163072121599913,0.022991875616484053,0.5099124882019682,-0.48692061258548414,-0.9549101539019822,0.5031944141977268,0.2532046184797935,11.012786547012203,3.318551874991892,12.101782869579901,3.3946473656561658,2.053072868708681,-0.004330735302032196,0.0,16.380780638474903,3.8445123970641575,148.55073967477082,0.5942029586990834
weak_heterogeneous,71,200,0.02,logistic,map,0.8,0.5,1.5693419492697414,0.5871958324617247,0.1883665828499943,-384.4342502783636,-375.2819219361553,-0.0,-0.9596940303004062,-384.4342502783636,-376.2416159664557,1,0,0.5479648672198942,0.0383003168901294,0.0898143317819837,0.9349572086056822,0.98,0.07228447875017047,0.05760199284178676,0.008475832873955369,56.45265006969823,0.3285643737446997,0.5166772313750052,0.8489427790270967,0.15985807438839994,0.025554603947167208,0.7797884812748173,-0.75423387732765,-0.9672288004236868,0.6144511056020288,0.37755016117555545,14.774252105652682,3.8437289323848893,48.99200767070986,4.101281260229223,3.788050061839509,0.10673350074224333,0.0,24.804074030789565,4.281992974695977,113.32485524331099,0.453299420973244
weak_heterogeneous,72,200,0.02,logistic,map,0.8,0.5,1.593598472013955,0.49406224992333825,0.15903087495826185,-408.4922854025572,-399.48004341610795,-0.0,-0.9501083597356812,-408.4922854025572,-400.4301517758436,1,0,0.504,0.04073797312865068,0.1062904071514467,0.8969873440731112,0.9515557717141738,0.06369195170393553,0.04890253528942003,0.005741833010688424,56.900291705226486,0.35144364143306117,0.5121090724084371,0.7316256592566778,0.15075648862968646,0.022727518863952786,0.8118061556006622,-0.7890786367367094,-0.972003761357123,0.6256764879670372,0.391471067594766,17.224540432157013,4.150245827918753,10.52072214389039,4.697015605419974,2.278572920998969,0.02337757695725929,0.0,13.423333262660623,4.246225671222772,161.8443373848477,0.6473773495393909
weak_heterogeneous,73,200,0.02,logistic,map,0.8,0.5,1.4012898506751426,0.651003194520688,0.13410437479615211,-391.34075489377074,-386.0959113333779,-0.0,-0.7676959816318989,-391.34075489377074,-386.8636073150098,1,0,0.572,0.05476981981304839,0.11349657752161524,0.9447377512966401,0.9703363120264951,0.08572593202960989,0.06838426263601881,0.005054541863501072,55.7684979593961,0.3650611540367485,0.5198360159593789,0.8409529838154639,0.157174261743908,0.0247037485547425,0.6670188101924677,-0.6423150616377251,-0.9629639401809159,0.568045818656629,0.32267605209327976,13.061825470666639,3.61411475615629,23.139020068165735,4.2149224439941495,2.5803033742894907,-0.00274837799384283,0.0,13.278663933778887,5.153763950692795,140.5106445648659,0.5620425782594637
weak_heterogeneous,74,200,0.02,logistic,map,0.8,0.5,1.839385553186124,0.7841123079745748,0.1151575839612633,-400.2657661485622,-388.02075411130255,-0.0,-1.7912621869726633,-400.2657661485622,-389.81201629827524,1,0,0.488,0.055131765286989994,0.12072015060163611,0.8623516558044088,0.9419628403264441,0.09477739562919785,0.07290327239275073,0.009188958909362555,59.33683399583063,0.3377589491304387,0.5024353218803501,0.6913656723019427,0.1439179141607169,0.020712366016371473,0.6911620198294077,-0.6704496538130362,-0.970032546028088,0.5777434813425185,0.33378753023377306,16.11537426337197,4.014395877759438,10.148868960804183,4.341519394604481,2.2972926472372084,-0.027305125307405247,0.0,12.018667678501734,4.500122925189295,164.3051536280226,0.6572206145120904
weak_heterogeneous,75,200,0.02,logistic,map,0.8,0.5,1.5934582621250895,0.8425828853655501,0.15404837508685887,-378.2947754685691,-366.37962145214954,-0.0,-1.4942643349261475,-378.2947754685691,-367.87388578707566,1,0,0.476,0.10541885645847647,0.17445969021190022,0.8104594371993447,0.9156737156999388,0.11877343925734248,0.0992797632857305,0.0173848329577595,57.47646856212148,0.35396767757501246,0.5124008756922775,0.7180306951109787,0.13609304538615222,0.018521317002477285,0.41135665762464274,-0.39283534062216546,-0.9549750401283702,0.4565477010855179,0.2084358033664714,11.25383272359047,3.35467326629442,15.859340508687717,3.6561830519914977,2.134375155063181,0.014640031816678117,0.0,8.79481270089862,4.065578602291998,196.78094155082502,0.7871237662033
weak_heterogeneous,76,200,0.02,logistic,map,0.8,0.5,1.2407045019281389,0.5456107455078835,0.359738334082067,-392.1180011654632,-389.40207739874995,-0.0,-0.40037288157714424,-392.1180011654632,-389.8024502803271,1,0,0.536,0.06949841763079964,0.16363845390800866,0.8923346444603857,0.9569595685853215,0.08367793388916779,0.06761154971550136,0.012847417034208775,50.088069490436276,0.37893287058164954,0.5342846409729033,0.8216684146294513,0.14141337312589167,0.019997742098842662,0.5959436280328589,-0.5759458859340163,-0.9664435675487414,0.5488496787414062,0.30123596985454487,15.063499087328385,3.8811723856752853,9.933987594228299,4.212351766544717,2.167944865678658,-0.00569346108511963,0.0,13.011175994487246,4.031897484253312,168.83719789187006,0.6753487915674803
weak_heterogeneous,77,200,0.02,logistic,map,0.8,0.5,1.4124919158258997,0.6812952969807746,0.13720404100604355,-393.86541143922307,-387.749083267806,-0.0,-0.8378237961293798,-393.86541143922307,-388.58690706393537,1,0,0.488,0.028910568887490256,0.08719828877844878,0.892571745092104,0.9513165469485646,0.0960757270305698,0.0738638517667921,0.005523457890376449,55.287633382695226,0.3337622399225056,0.519560597764769,0.7681207182831629,0.1496629969205378,0.022399012647236906,0.6173347784111489,-0.594935765763912,-0.9637165871249214,0.5433848093286104,0.29526705100909034,13.182145823088941,3.6307224932634194,13.373564505643703,3.705451796454938,2.272956460528769,0.06903642803906268,0.0,15.61823618891665,3.873468529105989,149.6318915353551,0.5985275661414203
weak_heterogeneous,78,200,0.02,logistic,map,0.8,0.5,1.5901588576329917,0.7640453720958821,0.7137051669415087,-378.70756184715714,-368.9135122699713,-0.0,-1.3034604514060237,-378.70756184715714,-370.2169727213773,1,0,0.528,0.05599741569965957,0.10268028963238987,0.9174137637813939,0.9689623785197823,0.09736552242729711,0.07563728936208912,0.006097750039771199,57.177293308654875,0.32749133051100376,0.5117149293648393,0.7582930958170402,0.15423436174303978,0.02378823834228285,0.5567910037440766,-0.5330027654017938,-0.9572761805016217,0.5248385687950624,0.2754555232948494,11.579483916858013,3.4028640755778086,13.608767528669086,4.09425026707766,2.34370415690222,0.08791139983530163,0.0,26.143632635854836,3.856739726011071,125.64310856170863,0.5025724342468345
weak_heterogeneous,79,200,0.02,logistic,map,0.8,0.5,1.807742495281594,0.6590367513067391,0.1390710410196334,-394.7062057719049,-382.4176603936694,-0.0,-1.4817161176037046,-394.7062057719049,-383.8993765112731,1,0,0.54,0.03143439867631614,0.11776051610330705,0.9115850634331433,0.9697640339255633,0.06302961848661101,0.05198316808342169,0.00829450017772615,60.681362882528745,0.3345030760987874,0.4997659050599811,0.7263009903954775,0.14688053245958818,0.02157389081561214,0.8933421981750397,-0.8717683073594276,-0.9758503618661648,0.6498696253494265,0.422330529951804,19.57600200915918,4.424477597316906,17.912934704589958,4.435262338464729,2.416866254995367,0.02647555365377363,0.0,12.37068941062369,4.170678779712202,165.5023046512575,0.66200921860503
weak_heterogeneous,80,200,0.02,logistic,map,0.8,0.5,1.3245032816272269,0.9402711141800375,0.1093643750064075,-391.48137469866657,-386.14067767442407,-0.0,-1.3061335376053964,-391.48137469866657,-387.44681121202944,1,0,0.4680412458255955,0.02,0.044969594835777574,0.9295600550099538,0.9719907998129612,0.08685037559345721,0.063569485996489,0.006142917089164257,53.80803545886229,0.3485000468784321,0.5255017350765756,0.7780992283412461,0.16138715961437194,0.026045815288394766,0.2810270516628076,-0.25498123637441283,-0.9073191881910143,0.38284614822227336,0.1465711732086309,5.627436560756791,2.372221861621883,27.933631460346028,4.6248441793850255,3.117269623147391,0.05652126489393077,0.0,16.85837201156959,4.205316053564962,139.5674360040195,0.558269744016078
weak_heterogeneous,81,200,0.02,logistic,map,0.8,0.5,1.6157524403460928,0.6944154759689022,0.1481413748115301,-377.7689647888101,-366.01237244380786,-0.0,-1.2040364296911394,-377.7689647888101,-367.216408873499,1,0,0.46,0.027475275846061496,0.0946583723439994,0.8826234876452362,0.9509065760640907,0.087886764834285,0.06731568553657387,0.008954707998782396,57.420053610524526,0.32268581395089097,0.515530837692904,0.7726063974206294,0.15335831941612613,0.023518774134138568,0.7683033689997121,-0.7447845948655735,-0.9693886880064593,0.605018204651659,0.3660470279599168,15.564035177691634,3.9451280305829917,10.072544066339047,4.211619270699866,2.03919347570149,-0.021929349276126834,0.0,19.752259997114106,4.215013640643932,122.07889975321314,0.48831559901285254
weak_heterogeneous,82,200,0.02,logistic,map,0.8,0.5,1.230047078058032,0.5696426368609452,1.1767269591800869,-386.00000113359624,-382.38598904563105,-0.0,-0.4041460883994122,-386.00000113359624,-382.79013513403044,1,0,0.4719999999999999,0.03279062206699673,0.10684658021689489,0.8846761646544069,0.9773767801628808,0.1072403313569483,0.08163600816529522,0.7482443749904633,49.17171543111293,0.36847826369602066,0.5384993517573743,0.7645927701721444,0.1519164270263482,0.02307860080045178,0.43995387551920884,-0.41687527471875707,-0.9475431355770745,0.4808634347545157,0.2312296428839104,10.019222780584858,3.1653155894136145,21.514333056338323,4.938901212811378,3.0611763000017445,0.0043496082407827145,0.0,17.960906111838334,3.9155745499820016,131.27951559684965,0.5251180623873986
weak_heterogeneous,83,200,0.02,logistic,map,0.8,0.5,1.643528571609039,0.7408285108428546,1.1653396671172231,-392.19564500639797,-384.67843770335685,-0.0,-1.3459197190146384,-392.19564500639797,-386.0243574223715,1,0,0.524,0.05294883756210197,0.10765189036283473,0.9101619109789942,0.9586906253409885,0.08920749330819842,0.07364914642402098,0.006397041957825422,57.00729785216911,0.314290777113509,0.5143830963789926,0.7575347037346821,0.15606790677849014,0.024357191526219492,0.5840017152634651,-0.5596445237372456,-0.9582926027619095,0.5409235420860473,0.2925982783829158,12.01280854025991,3.4659498756127314,18.94341054830456,3.9944258006786866,2.6278380486831217,0.07329842410960989,0.0,15.21971889715758,4.3332351350900025,128.65065437678194,0.5146026175071278
weak_heterogeneous,84,200,0.02,logistic,map,0.8,0.5,1.6819261731629807,0.941007844773349,0.14221070799976587,-383.28955556489507,-371.6485818682709,-0.0,-1.9040616373296841,-383.28955556489507,-373.5526435056006,1,0,0.516,0.037767514489551894,0.0832688219734102,0.9336623534138371,0.9694383483043201,0.08237241717266472,0.06108960877421298,0.008799374802038074,57.57664983025448,0.3443281880974589,0.5164011055671323,0.821802006454812,0.15175439964079637,0.02302939781033854,0.47253938949302576,-0.44950999168268724,-0.9512645965132216,0.48959672833773926,0.23970495639901807,10.408650646149672,3.2262440462788415,18.607526711935094,4.0623246721109405,2.49762116444595,0.039745574961538355,0.0,20.486335904905264,3.826594731634193,121.14596710241715,0.4845838684096686
weak_heterogeneous,85,200,0.02,logistic,map,0.8,0.5,1.8511359301397907,1.0176858426475777,0.18365370901301503,-378.47298281085307,-361.3779159951715,-0.0,-2.4177784902689714,-378.47298281085307,-363.7956944854405,1,0,0.472,0.06065729103503954,0.1325185819180494,0.8463800287441267,0.944180000736631,0.09433516311290052,0.07567762073833419,0.012850791914388537,60.27866589740802,0.32733035990636267,0.5105294850027833,0.7303572149816088,0.14337975885978524,0.02055775525069016,0.5222283923385035,-0.5016706370878133,-0.9606345507975277,0.5042570506959975,0.25427517317662574,12.368819945362919,3.516933315455799,8.892943503610264,4.509470529134774,2.0943133234535436,0.033516954214435686,0.0,12.085134994300649,3.971441947547191,174.7727878365457,0.6990911513461827
weak_heterogeneous,86,200,0.02,logistic,map,0.8,0.5,1.5369580332388497,0.706298254287662,0.14925841707736254,-390.14310463061497,-382.65000132473915,-0.0,-1.091327126549126,-390.14310463061497,-383.74132845128827,1,0,0.508,0.02145578334162349,0.06809661767420101,0.9195331078642943,0.9781387780714298,0.07541012172395399,0.05768895634847857,0.00663691689260304,56.82372844641529,0.3376676030927867,0.5168460945559765,0.7627857762924308,0.15414940774017208,0.02376203990664582,0.6601631437236843,-0.6364011038170385,-0.9640058065456142,0.5685610900296661,0.32326171309572216,13.604122977897685,3.6883767402337964,13.927799093525145,3.998476186712934,2.2825625066159354,-0.005905122115456066,0.0,24.599537895934105,4.185659888696456,125.85489643561134,0.5034195857424454
weak_heterogeneous,87,200,0.02,logistic,map,0.8,0.5,1.6679271792649537,0.598043524901728,0.23048124997876585,-371.86796012548984,-363.45917026759383,-0.0,-1.1437639286107963,-371.86796012548984,-364.6029341962046,1,0,0.492,0.024839842013528634,0.11013206106943918,0.8933626140415963,0.9592021320997215,0.08029516526879986,0.06306539775333339,0.005795208970084786,57.67976917578676,0.31852497942904534,0.5114912464018253,0.7462347221610988,0.1479984458274259,0.021903539967333525,0.8625015173179064,-0.8405979773505728,-0.9746046360179791,0.6534867523092945,0.42704493544374933,19.496617262809348,4.415497396988175,22.710639210431435,4.1845037594809185,2.5904498975192802,-0.09862491758655641,0.0,13.652505743931577,4.650718198544378,163.89594022360774,0.6555837608944309
weak_heterogeneous,88,200,0.02,logistic,map,0.8,0.5,1.5016308497380688,0.7653560469850157,0.12152854213491082,-400.28875370328916,-394.3135278664573,-0.0,-1.1555296030105595,-400.28875370328916,-395.4690574694679,1,0,0.524,0.05166333794687238,0.1286387442651544,0.913399682575779,0.966744162884065,0.09349962453831241,0.07113397685379196,0.008614582940936089,56.03128203758175,0.3238341176393844,0.5170109877373467,0.7404507193558123,0.15394876300410704,0.023700221630494716,0.4740520668495254,-0.45035184521903066,-0.9500050241569399,0.49037767947230326,0.24047026852464098,10.146329948882483,3.1853304300939462,13.59911929554048,4.7081708589254365,2.3256173031255205,0.10350804641117473,0.0,11.077915819752043,4.973923538260062,163.4702760008903,0.6538811040035611
weak_heterogeneous,89,200,0.02,logistic,map,0.8,0.5,1.1171719926372699,0.8222182828408828,0.2049157910514623,-402.9585780284852,-399.0588878489701,-0.0,-0.7178464068121322,-402.9585780284852,-399.77673425578223,1,0,0.544,0.06194340930844515,0.13879744386181095,0.8976723496340653,0.9357054023954902,0.09498783913529682,0.07865415645350554,0.00509158312343061,48.36048224192723,0.3294692791188072,0.5434606090425783,0.9103956320203248,0.14078823778134833,0.019821327897577474,0.2387868337272622,-0.21896550582968471,-0.9169915376481057,0.36006239366381493,0.12964492733091604,6.540678202834282,2.557474966218493,18.97406584530995,3.945699098938473,2.6254005093220543,0.0686635961097466,0.0,15.553406308741819,3.87010426798285,147.65307028052314,0.5906122811220925
weak_heterogeneous,90,200,0.02,logistic,map,0.8,0.5,1.5280201821029902,0.7266988616859805,0.1901634579990059,-382.61279995831114,-374.9321263318051,-0.0,-1.117127911408251,-382.61279995831114,-376.04925424321334,1,0,0.5239602834661764,0.029943108290722893,0.08211286837461541,0.952852906786471,0.98,0.07711571392070699,0.05845638217471076,0.10665887501090765,57.163665013609105,0.3591672199561817,0.5103705477601199,0.7118501041107089,0.15632783614158435,0.024438392352710045,0.535416507804942,-0.5109781154522319,-0.9543562964599268,0.5131718454844133,0.2633453429978786,10.775886531205293,3.2826645474683054,30.776910796685552,3.7758089291540906,2.714418557236051,-0.12931755812056595,0.0,12.03355195685261,3.973076113449685,164.62400153786666,0.6584960061514666
weak_heterogeneous,91,200,0.02,logistic,map,0.8,0.5,2.0016743563451813,0.90425189490645,0.20122329192236066,-394.7394048673557,-380.1687251357807,-0.0,-2.384358108994931,-394.7394048673557,-382.5530832447756,1,0,0.524,0.03882500827278025,0.12682651973908948,0.908474308304698,0.970820517978322,0.07797909514455759,0.062042540234393574,0.0096947499550879,61.99311533528717,0.31556652724703466,0.49859846506168154,0.7902167648740992,0.14602354912172374,0.02132287689810447,0.39953316102853675,-0.3782102841304323,-0.9466305203722966,0.4507015893431924,0.20313192263647964,9.526478233082017,3.086499349276137,9.687910196904179,3.912471809392346,2.067115124387434,0.10044022548929726,0.0,13.545576115673152,3.6960778678517725,153.9185501215275,0.61567420048611
weak_heterogeneous,92,200,0.02,logistic,map,0.8,0.5,1.795892147419544,0.698434403914972,0.4908985001966357,-370.0018940059045,-356.72635423156925,-0.0,-1.5312386037497105,-370.0018940059045,-358.257592835319,1,0,0.516,0.044755134994628264,0.10153724652414227,0.9154006235533362,0.9552934944888023,0.0748083114120906,0.05700499384174797,0.007240875158458948,60.64641544485024,0.32898710111169377,0.5008477951982997,0.7992610945716538,0.14961596950823294,0.02238493833188849,0.5610473170088086,-0.5386623786769201,-0.9601015143406576,0.5338378935824415,0.2849828966245382,12.731011021753206,3.5680542346989634,10.252192592036971,3.4337130138433083,1.9967816508678193,-0.00915755339824496,0.0,11.791396060246543,4.301027291178802,163.9971456655336,0.6559885826621343
weak_heterogeneous,93,200,0.02,logistic,map,0.8,0.5,1.9117993136643419,0.7973279667640323,0.1412392498459667,-386.4347746741704,-370.35446581678855,-0.0,-1.953477825879391,-386.4347746741704,-372.30794364266796,1,0,0.508,0.04245434305803346,0.10486247010028739,0.9116091280863196,0.9608927503965483,0.0660666025545706,0.049870349054646185,0.007434583036229014,58.69056441170254,0.3379409108051292,0.5175944153300212,0.7590939365262416,0.14957192446643253,0.022371760588592197,0.5892923763109664,-0.5669206157223742,-0.9620362294034044,0.540661855653228,0.29231524215839194,13.066260073757864,3.6147282157525846,19.094694777349996,3.9561001289212556,2.413991792406112,0.02615683744952784,0.0,14.177300330741325,4.701602633367346,142.84407033188077,0.571376281327523
weak_heterogeneous,94,200,0.02,logistic,map,0.8,0.5,1.6252260546542907,0.7673064297425087,0.18495258293114603,-374.54643835803915,-364.33533272676107,-0.0,-1.371612186122448,-374.54643835803915,-365.7069449128835,1,0,0.5,0.025566844812109992,0.0657241143577477,0.9123241104220157,0.9764436500640399,0.10573445141471086,0.07571832156172503,0.00890024984255433,59.337303272876326,0.3004058120975424,0.5085501824118653,0.7469448084635326,0.15762144824593394,0.024844520947145635,0.6797869602147298,-0.6549424392675842,-0.963452489675151,0.5717889345979782,0.32694258572869095,13.1595447714299,3.6276086849920706,50.162368160202014,4.130353879794735,3.731763901561381,0.13220409998712282,0.0,35.47314853024364,4.490187474025729,95.99251720386818,0.3839700688154727
weak_heterogeneous,95,200,0.02,logistic,map,0.8,0.5,1.790491546959405,0.8184240008158095,0.260378000093624,-364.1839698928428,-349.18918945945313,-0.0,-1.7837408081091026,-364.1839698928428,-350.9729302675622,1,0,0.508,0.04387465782568446,0.13002598281685943,0.8620470638500445,0.9129657142354137,0.09752476773654727,0.07785213278949892,0.006665583001449704,59.59513865908559,0.3227623406916818,0.5033704407094075,0.8323525499169955,0.1439299611069263,0.020715833704241318,0.5817150088820764,-0.560999175177835,-0.9643883458601963,0.532424495714924,0.28347584363729117,13.684018113123436,3.699191548585101,7.682649379026271,3.3505638015677564,1.8473288165933515,0.025431849452450278,0.0,7.775429065018128,4.189947112738016,191.34060829743012,0.7653624331897205
weak_heterogeneous,96,200,0.02,logistic,map,0.8,0.5,1.432046911674279,0.7562898265036954,0.31387749989517033,-397.9209319897073,-392.4640397850725,-0.0,-1.0205146610340816,-397.9209319897073,-393.4845544461066,1,0,0.556,0.03685040971309214,0.09910931686855759,0.9369706881231608,0.969548443793512,0.06502929611974126,0.05284353398394826,0.19289279193617404,55.40620805154529,0.3387705677144458,0.5205930919065003,0.7531723876237035,0.1546765206872699,0.02392482605191943,0.4346481704664492,-0.4107233444145298,-0.9449558800023381,0.47115026644036023,0.22198257356682244,9.278335946313529,3.0460361039084107,25.44758463510334,4.068513576122035,3.185740919209154,0.008126216952054158,0.0,32.83904419265577,3.9343852669589583,99.31781536091981,0.39727126144367925
weak_heterogeneous,97,200,0.02,logistic,map,0.8,0.5,1.8579850721787246,0.89117165254511,0.18748708302155137,-401.6715847649385,-393.13613542786936,-0.0,-2.088075157634227,-401.6715847649385,-395.2242105855036,1,0,0.536,0.03626254879405814,0.11821413959906413,0.8943853338135345,0.9452434274331496,0.06300250198198896,0.05029439440859287,0.009356291964650154,58.971211444829294,0.3060935404185797,0.5180652020520171,0.7410658461312292,0.1467278985480413,0.0215290762123243,0.5161496398975173,-0.49462056368519297,-0.9582890802430881,0.5168528081210089,0.2671368252625724,12.408188007140321,3.52252579935766,16.428864785803643,4.164839828653709,2.32987276183822,0.016733704630099624,0.0,14.483193942586759,4.174103172262273,169.01049685011154,0.6760419874004462
weak_heterogeneous,98,200,0.02,logistic,map,0.8,0.5,1.4001141611332246,0.6078450142700529,0.1613434578757733,-390.7627706585031,-383.8889570288694,-0.0,-0.7028156284914759,-390.7627706585031,-384.5917726573609,1,0,0.5,0.025953528055155228,0.08480467853682419,0.9189820747960192,0.9625351758329834,0.07627429769982112,0.05812123358858072,0.007082457887008786,55.78926848350416,0.3587996852993683,0.5176965754634684,0.7680094578668978,0.15754958209659592,0.024821870818812014,0.6879573096588497,-0.6631354388400377,-0.9639194605968778,0.5762034277945355,0.3320103902021725,13.37571984906747,3.657283123996209,8.738505425928983,4.002217660784923,2.1168972796030574,-0.05190987336765555,0.0,15.520878197593536,4.337135289761047,154.49528218684873,0.6179811287473949
weak_heterogeneous,99,200,0.02,logistic,map,0.8,0.5,1.9248161835289737,0.7894744050089203,0.7228910000994802,-386.67752502855194,-375.41165659962195,-0.0,-1.9589349232240385,-386.67752502855194,-377.370591522846,1,0,0.52,0.026534184305702292,0.1101151142561374,0.9230336552466012,0.97538888072414,0.08484578794129716,0.06518926926967485,0.005271542118862271,61.68355511625053,0.32330548327778497,0.4971888240069158,0.883075506261346,0.15144790542822412,0.022936468058596317,0.7244260406447567,-0.7014895725861604,-0.9683384268762864,0.5905268435024297,0.3487219528969431,15.20382091985807,3.8992077297648646,30.45869239753766,4.660461650364856,3.311245093505414,-0.18370416335766554,0.0,19.05448341912392,4.553881665832621,141.47283322568782,0.5658913329027513
weak_heterogeneous,100,200,0.02,logistic,map,0.8,0.5,0.9049274840758721,0.5906303867503957,0.6785222499165684,-399.47341766618604,-398.9745102889083,-0.0,-0.08587705467872589,-399.47341766618604,-399.060387343587,1,0,0.504,0.03670656204484299,0.08469041102280556,0.917934969127175,0.9635408814263356,0.060652265838897455,0.047733803260169134,0.040540500078350306,41.57373052976147,0.37993701814252157,0.5668253206599454,0.8337426534791739,0.15510779330550792,0.024058427544104165,0.3002953550132493,-0.27623692746914513,-0.9198841169453231,0.3938168081131312,0.15509167835241477,6.446459481530913,2.538987885266669,7.838724345692566,4.479673844807065,2.2154352206858303,0.08047930825775564,0.0,13.372254630338439,4.226217391367676,152.33567047706438,0.6093426819082576
weak_heterogeneous,101,200,0.02,logistic,map,0.8,0.5,1.7778127992871342,0.7653123504502505,0.24558537499979138,-385.97776565883964,-373.25196272321125,-0.0,-1.6376920375800639,-385.97776565883964,-374.8896547607913,1,0,0.536,0.04603330968713896,0.13480963666475107,0.9230347684258361,0.9730399536014085,0.0904777226874232,0.07054442627519499,0.015308666974306107,59.45831940223799,0.34608440477393954,0.5089082682042101,0.8617918935242513,0.14886257030873937,0.022160064838924375,0.5807163742163374,-0.558556309377413,-0.9618401239868105,0.5361293472812185,0.2874346770161854,12.970840974765721,3.6015053761955875,18.546552288891796,3.652871869280067,2.4777048212935084,0.06066970473611212,0.0,12.903510027244836,3.968170406284905,159.4089087085044,0.6376356348340176
weak_heterogeneous,102,200,0.02,logistic,map,0.8,0.5,1.9838749135876985,0.80362387206285,3.770604332908988,-372.28136045112944,-355.96704406550384,-0.0,-2.0999827824627584,-372.28136045112944,-358.0670268479666,1,0,0.552,0.060844510543415366,0.15666287275937846,0.9013373987167668,0.9449795116950476,0.08626147409396409,0.06904904378665432,0.7076614999677986,62.75344113188686,0.32233240039573485,0.49304028561901814,0.770880495303582,0.14296031288745478,0.02043765106087897,0.6309510406459654,-0.6105133895850865,-0.9676081823401782,0.5503151976703282,0.30284681678693237,14.818083344549857,3.849426365648505,10.048953812991245,3.8158842635751506,2.0929722461949134,0.008253007802938384,0.0,18.175047710545115,3.822158533278031,149.82690846719302,0.5993076338687721
weak_heterogeneous,103,200,0.02,logistic,map,0.8,0.5,1.7813840460348562,0.8579493568947111,2.688761542085558,-379.96432818966866,-368.1565380069755,-0.0,-1.8647737798032618,-379.96432818966866,-370.02131178677877,1,0,0.508,0.04060115390985827,0.09294427397956757,0.9023142078461805,0.9656294509523348,0.1079898624756818,0.08143183038029744,0.7447696661110967,59.07820447744028,0.32477169482331075,0.5070706277817527,0.8235443212907483,0.14790954990966615,0.021877234954480025,0.5270111832232397,-0.5051339482687597,-0.958488101105033,0.5158881310390265,0.26614056374693984,12.165182862491474,3.4878622195395668,8.111222250539495,3.414757157234166,1.8484336716392946,0.0007902267773877476,0.0,10.608921364286365,3.8849940725115983,175.9274216522083,0.7037096866088332
weak_heterogeneous,104,200,0.02,logistic,map,0.8,0.5,1.3126937593013706,0.8677339130290759,2.163035999983549,-390.8706031850743,-385.8805797299764,-0.0,-1.0983080674730978,-390.8706031850743,-386.9788877974495,1,0,0.532,0.07198029092282156,0.1760313438604978,0.8896389757055007,0.9333241074971376,0.08100714459532737,0.06578396970222264,0.7036100830882788,52.11109059832587,0.36230801907478294,0.5262899794721237,0.8291635802241673,0.14395454953696019,0.020722912332389126,0.44576101852708516,-0.42503810619469606,-0.9535111607541117,0.47862531049228435,0.2290821878438356,11.054536359051658,3.324836290564042,8.956196873387697,4.458466782127482,2.2282587251722927,-0.026960442379242673,0.0,12.985374461069009,3.865091542017657,179.5459772071664,0.7181839088286656
weak_heterogeneous,105,200,0.02,logistic,map,0.8,0.5,1.220231366996489,0.8306577516058287,3.0944674171041697,-385.32336416812603,-378.5449488839256,-0.0,-0.8718140600526076,-385.32336416812603,-379.4167629439782,1,0,0.532,0.020509810592578823,0.06577059651948203,0.941856945218086,0.9765322756798833,0.09238715793292562,0.0701102862586773,1.3972430417779833,50.63367420826161,0.31825949055504243,0.5384744318877477,0.749323192763425,0.16289853511323027,0.02653593274203632,0.38496041386252655,-0.35842448112049025,-0.9310684117471035,0.44870171417116633,0.20133322830014305,7.587192440430233,2.7544858758814197,19.51598941900642,3.3265656569867685,2.412524840815997,-0.020180909841615417,0.0,18.956114940449837,4.2752649020381845,117.99856046339536,0.47199424185358146
weak_heterogeneous,106,200,0.02,logistic,map,0.8,0.5,1.3282407026189218,0.6981766899784174,6.863574624992907,-398.63163522650046,-393.2555443973546,-0.0,-0.7370261309371436,-398.63163522650046,-393.9925705282917,1,0,0.512,0.07441747740056967,0.13856223026066292,0.8917357814593475,0.9412390220001119,0.09806760972602642,0.07888972827523948,0.7282175829168409,53.82627333182505,0.34753080916632945,0.5251623566915892,0.7264891575834814,0.15021754389801514,0.02256531049475211,0.5566700498495978,-0.5341047393548457,-0.9594637604432844,0.5253434091892782,0.27598569757861346,12.23052958401782,3.4972174058839722,8.088661092338432,4.100245702677631,2.127352903686688,-0.009125459245361156,0.0,11.396563525175331,3.7120097379598067,194.00720103760673,0.776028804150427
weak_heterogeneous,107,200,0.02,logistic,map,0.8,0.5,1.8753161280968214,0.8819396019897294,4.259219125146046,-394.67466841502795,-382.36817321844336,-0.0,-2.095685725478873,-394.67466841502795,-384.4638589439222,1,0,0.552,0.041438304872858676,0.1176193570009834,0.933240234457974,0.9758182726262769,0.06922008108249912,0.05508552579953667,1.1902720830403268,60.780794592376814,0.31552424967700987,0.4931290258688802,0.7768049180905128,0.15240176608453476,0.023226298305685247,0.5166369229600762,-0.493410624654391,-0.9550432861580819,0.5108155605031827,0.2609325368521807,11.234357426138397,3.351769297869171,19.185464008450143,4.917299108342481,2.7232949044957406,0.0818730288956927,0.0,35.40007761174359,4.875241350615487,94.27545309249362,0.3771018123699745
weak_heterogeneous,108,200,0.02,logistic,map,0.8,0.5,2.013567213536799,0.7316841426683446,5.652519208844751,-389.7766593246185,-380.2862127440496,-0.0,-1.9939750469095208,-389.7766593246185,-382.2801877909591,1,0,0.4799999999999999,0.026765067788571968,0.07047495203030255,0.9186118663378936,0.9682676036761191,0.07013652427578611,0.05329138337966116,1.4950197499711066,61.29613065342295,0.31168943092221085,0.49800834553742357,0.8319176469016638,0.1513623165774321,0.022910550879686773,0.8166163801309085,-0.7937058292512218,-0.9719445367039857,0.6230343639854978,0.3881718187068138,16.942928205666995,4.116178835481641,11.484667902775072,4.069366283504959,2.2238178406499736,0.012546068777137851,0.0,19.23719739508637,3.9363714381486288,151.75769598034415,0.6070307839213767
weak_heterogeneous,109,200,0.02,logistic,map,0.8,0.5,1.253043100743643,0.6252601451869706,9.574336291057989,-386.437758884929,-381.97148610335586,-0.0,-0.5026546845193778,-386.437758884929,-382.4741407878752,1,0,0.5079999999999999,0.029005153507413006,0.06016533415448647,0.9351358098152517,0.9749302721443313,0.0823900202901978,0.05825638409056444,1.9729942919220775,51.14747436065913,0.3511424748029851,0.5262440029483264,0.7665001892345988,0.16186479097114254,0.026200210556131663,0.5208000284870735,-0.4945998179309419,-0.9496923787960546,0.5040398777605621,0.25405619837288246,9.696723536957432,3.1139562516126382,16.126989621746016,3.639543671895181,2.14732588249812,-0.01622743719466886,0.0,7.224264444217048,4.119293271885891,178.10489480576337,0.7124195792230534
weak_heterogeneous,110,200,0.02,logistic,map,0.8,0.5,1.8200303478546902,0.8917901108119349,3.7144427080638707,-382.74863189293444,-369.20305413876656,-0.0,-2.0209657068640694,-382.74863189293444,-371.2240198456306,1,0,0.52,0.052686065369732624,0.12818534727590286,0.9171289106897388,0.9718806664629043,0.05967734584864245,0.04928364006719127,1.4642610840965062,58.73221877307989,0.323244168432266,0.5068279701443554,0.8501109143429421,0.14711127412750744,0.021641726975418635,0.5442628024573017,-0.5226210754818831,-0.9602366230473439,0.5252316551965248,0.27586829162048115,12.747055349779671,3.570301856955469,7.804635491737658,4.479712083023683,2.077947234305573,0.030044898189467092,0.0,8.141527852095576,4.369444625301943,183.49781050186786,0.7339912420074715
weak_heterogeneous,111,200,0.02,logistic,map,0.8,0.5,1.6001254427918485,0.6942797749715245,5.037661249982193,-396.4348984229773,-388.7807719681118,-0.0,-1.176641742123231,-396.4348984229773,-389.9574137102351,1,0,0.472,0.056557900287021894,0.09697694655897703,0.8952505236838633,0.9453329682891786,0.11322827222123442,0.08548420468792435,1.0709630828350782,57.19854227936621,0.3475945121770727,0.5070699379490429,0.7799195308215603,0.14589061149981364,0.021284070523789556,0.5987497094279097,-0.5774656389041202,-0.9644524745671678,0.5418114092149213,0.293559603155459,13.792455856944404,3.7138195778664858,15.95782654703501,3.6405236712962536,2.271479367350163,0.03625532968755245,0.0,9.596534619750924,4.330417815196488,174.4166247108821,0.6976664988435284
weak_heterogeneous,112,200,0.02,logistic,map,0.8,0.5,1.5628778474455005,0.8154859980069489,3.2025679589714855,-400.5976482307593,-389.9454478394557,-0.0,-1.3755089913686622,-400.5976482307593,-391.3209568308244,1,0,0.484,0.03026772762467668,0.07848973018225112,0.8938295110743066,0.9530560074502392,0.06783736027522877,0.05080406229768693,0.6732944999821484,55.32110644559626,0.34419479335196373,0.5256778250299826,0.8369203471451437,0.15015733700546635,0.0225472258565732,0.4670933216413361,-0.4445460957847629,-0.9517286486192016,0.49191062986666134,0.24197606777581548,10.731966287784896,3.2759679924848006,10.659265408505904,4.509408597934573,2.057478790306353,0.03863214387435653,0.0,11.628643365198258,4.4498230058889074,167.18332678808076,0.668733307152323
weak_heterogeneous,113,200,0.02,logistic,map,0.8,0.5,2.1239221823886205,0.9873880732540583,2.4381607500836253,-378.42638325518436,-363.63294346035303,-0.0,-2.8327833760225074,-378.42638325518436,-366.46572683637555,1,0,0.468,0.02747978760368223,0.061457921289133834,0.9050842726432041,0.9695746834109423,0.0810133064696435,0.06114406329689778,0.6477907910011709,61.024628068088845,0.30388490583288147,0.4955135716405493,0.7604392850314712,0.1537373386413659,0.02363516929253002,0.6153654393587641,-0.591730270066234,-0.9615916530555261,0.5558437906208368,0.3089623195717406,13.072143285615866,3.615541907600556,9.950178486590868,4.5936123910368005,1.9743348498467412,0.03897886684667111,0.0,24.81866913363993,3.9268794149877064,126.75609437199003,0.5070243774879601
weak_heterogeneous,114,200,0.02,logistic,map,0.8,0.5,1.713717353790114,0.7611657375360535,0.1996193330269307,-396.2975082202392,-389.12772697706237,-0.0,-1.5139126394006879,-396.2975082202392,-390.64163961646307,1,0,0.5,0.05565106701453501,0.10967823089420604,0.8929999086116491,0.9484803684162967,0.0768102248882644,0.06004437830205954,0.062080667121335864,59.680984118755426,0.345076156990801,0.5025487148448988,0.8608214223340616,0.1446585048664556,0.020926083030198356,0.8236566504843321,-0.8027305674541337,-0.9745936817023292,0.6291843202999567,0.39587290891131854,18.917678398773234,4.349445757653869,7.219921214863212,4.1968598682279525,2.131240791911779,-0.03965745180368578,0.0,11.384669530734556,3.9060227742026385,184.78199501328098,0.7391279800531239
weak_heterogeneous,115,200,0.02,logistic,map,0.8,0.5,1.6514284375745627,0.7653245804065133,0.4125607500318438,-396.89303310751126,-389.5427838542854,-0.0,-1.4130514726063048,-396.89303310751126,-390.9558353268917,1,0,0.528,0.06599296354285786,0.11952000316134383,0.900263808889326,0.9781396496181698,0.09426333878022691,0.0752536929686747,0.004941708175465465,56.92618651264361,0.3425566163872314,0.5158715371164903,0.7962694605334615,0.15010405757133163,0.022531228099377642,0.5948603055336207,-0.572329077434243,-0.9621234970802666,0.5432632913414837,0.2951350037191818,13.09893106658194,3.619244543628123,21.152503615681034,4.4457282268189875,2.766892532394211,0.011114840195498004,0.0,23.9496121292871,4.177329238308437,130.19344677456567,0.5207737870982627
weak_heterogeneous,116,200,0.02,logistic,map,0.8,0.5,1.4568675296588571,0.5629692347761023,0.5525308328215033,-403.4029073460121,-398.00780695404745,-0.0,-0.7467777455019166,-403.4029073460121,-398.75458469954935,1,0,0.4720293096716171,0.02,0.04854987877019314,0.9257361637569148,0.9789738912755006,0.09565730369098062,0.0716016002123747,0.006150499917566776,56.752559885404054,0.32674649339612843,0.5198748711502472,0.7486897605479227,0.15963185677006578,0.0254823296958588,0.6751056289897778,-0.6496232992939189,-0.9622543071756188,0.5683818084198131,0.3230578801425772,12.677721542668769,3.560578821297005,24.86919186820088,4.375753471965042,2.8174380251176223,-0.034914645879698024,0.0,13.089560489070609,4.052003681831658,164.00204513872,0.6560081805548801
weak_heterogeneous,117,200,0.02,logistic,map,0.8,0.5,1.8142786745902932,0.7675484908918258,0.18373299995437264,-391.09835632142483,-384.17092593745076,-0.0,-1.7083549800245916,-391.09835632142483,-385.87928091747534,1,0,0.5,0.04663017005735299,0.13928491779478533,0.873082936318072,0.9317801666932507,0.08807653426441356,0.06880675730238503,0.014777792152017355,60.20589957924684,0.318669349018512,0.5106623165676982,0.7289051052366152,0.14610653698608628,0.021347120150066595,0.4845555177495306,-0.463208397599464,-0.955944944659363,0.48888276273473447,0.23900635569914666,11.19618730859118,3.3460704279185727,11.506536678931031,4.170598058694966,2.2459704520047366,-0.025667943232399872,0.0,8.076429472538198,4.027583041305994,193.73894000105892,0.7749557600042357
weak_heterogeneous,118,200,0.02,logistic,map,0.8,0.5,1.575428088548346,0.7476588892294406,0.8909584581851959,-387.7968101752671,-376.9365121951929,-0.0,-1.2422277857681079,-387.7968101752671,-378.178739980961,1,0,0.516,0.04596996618399853,0.11945167035045197,0.9138134778766606,0.9472756087608272,0.065271627791488,0.050895055180634356,0.014598457841202617,56.071689213684735,0.3275499825692375,0.5167706004684728,0.7991021285266817,0.150624889545202,0.022687857350504305,0.6498167758118909,-0.6271289184613866,-0.9650857623333012,0.5626351064855121,0.31655826304996354,13.952761521701259,3.7353395457041465,12.400741526719465,4.2808729725531345,2.1867595742638546,0.0316900868569569,0.0,12.341846364174152,4.320570663331156,162.5515551089086,0.6502062204356344
weak_heterogeneous,119,200,0.02,logistic,map,0.8,0.5,1.6216509582164278,0.7097325783725589,1.27739074989222,-414.9032390212135,-409.3274240170426,-0.0,-1.243926395378223,-414.9032390212135,-410.57135041242077,1,0,0.44000059262760594,0.02,0.051135857301894704,0.9238489975997833,0.98,0.07939565011860761,0.05767787899791058,0.03954866691492498,55.80205993422619,0.34515310605541366,0.5212633045576619,0.846922201127161,0.15879310412452802,0.025215249917503194,0.50833294930073,-0.48311769938322685,-0.9503961921960997,0.5105981274298241,0.2607104477348429,10.339395746138152,3.2154930797839003,14.40254471515453,5.452102683463163,2.5271026799646026,0.10132027115072813,0.0,13.992579001629348,4.071399875230494,142.45387574528607,0.5698155029811443
weak_heterogeneous,120,200,0.02,logistic,map,0.8,0.5,1.5291506192427495,0.4673840241295192,0.5161112919449806,-396.2790888609806,-390.0790044518633,-0.0,-0.8485356013278244,-396.2790888609806,-390.9275400531911,1,0,0.5599806842600192,0.03257442276428605,0.10301285818784892,0.9425284297563825,0.98,0.09888716989738394,0.07874629422934766,0.10480041592381895,57.45677442299659,0.33398141742497833,0.5119033415057666,0.7753710743730172,0.15897953522055078,0.02527449261894234,0.7536517938103204,-0.7283773011913781,-0.9664639654194157,0.6049191675196584,0.3659271992326765,14.478122459258667,3.8050128067141467,12.448927873817137,4.5310892421773765,2.3614468645282733,0.10284564795267528,0.0,17.077760047581446,4.15831838776529,143.20356156637501,0.5728142462655
weak_heterogeneous,121,200,0.02,logistic,map,0.8,0.5,1.586547876644225,0.7243688926660969,0.1717252500820905,-385.3586661955534,-375.6230333390505,-0.0,-1.2124654333494678,-385.3586661955534,-376.83549877239994,1,0,0.524,0.07280117172455479,0.12763576960542913,0.8716791099244143,0.9450206283245556,0.08792856041738328,0.0701455094974509,0.007201750064268708,57.59603521155884,0.34008138987680003,0.5114193586717598,0.7483838761400016,0.1473247825502112,0.021704591553467018,0.6551598967283635,-0.6334553051748965,-0.9668713062843863,0.5629911047489387,0.3169589840264304,14.603314844494296,3.8214283775172726,8.940525344023055,3.9114617966701655,2.0241348091114535,0.01275565223707337,0.0,10.194065757880688,4.3854913091891925,178.25117547531926,0.7130047019012771
weak_heterogeneous,122,200,0.02,logistic,map,0.8,0.5,1.6963333662644688,0.6884519176793967,0.18514250009320676,-386.1350045233079,-378.6820990739062,-0.0,-1.334434990674438,-386.1350045233079,-380.01653406458064,1,0,0.5559999999999999,0.08324578238113128,0.15145708385892412,0.9053176711400205,0.955686580961114,0.08460157107891034,0.06790774404673262,0.018954499857500196,59.93281438863413,0.341767667855772,0.5115999724947424,0.7259481545680826,0.14629423605150157,0.021402003501892464,0.7344653148356066,-0.7130633113337141,-0.970860429935098,0.5940075792771277,0.35284500423867315,16.486540814156626,4.060362153079036,13.398625898104271,4.45301743094562,2.3526003504647606,0.06552950471951666,0.0,11.55174088897728,4.025559053263335,167.22119060565984,0.6688847624226394
weak_heterogeneous,123,200,0.02,logistic,map,0.8,0.5,2.0073179757609245,0.6823420008455494,0.24490587506443262,-387.13511338660953,-376.7549815486178,-0.0,-1.8859365018740428,-387.13511338660953,-378.64091805049185,1,0,0.54,0.05663983576348724,0.12085784128959563,0.8843638597245974,0.9431067996920183,0.0684912318146364,0.05669735843971584,0.006933834170922637,62.597729101037274,0.3050312074360411,0.4971173100265453,0.8192422531886953,0.1466328646361033,0.021501196991389797,0.9601795030784701,-0.9386783060870804,-0.9776071068769393,0.6802776228926959,0.462777644208537,21.523343300089635,4.63932573765732,9.264527297540253,4.231000715323607,2.1399142166007414,-0.042752651821106394,0.0,10.280845450506506,4.371575335375904,178.1566707040793,0.7126266828163171
weak_heterogeneous,124,200,0.02,logistic,map,0.8,0.5,1.3512035019223942,0.6895813307042902,0.12263733288273215,-405.34229226417693,-401.70173937341985,-0.0,-0.7561382055956698,-405.34229226417693,-402.45787757901553,1,0,0.536,0.06054760799207166,0.11969443240215041,0.9123132509783458,0.964658940591902,0.08958486671371584,0.06925611219128323,0.02314008306711912,54.395778479498645,0.32918927898409356,0.5185653945846452,0.756789534807486,0.14917464735542854,0.022253075413616465,0.48694280379294896,-0.4646897283793325,-0.9543004327401897,0.4949280247629312,0.24495374969573663,11.007635805065018,3.317775731580575,11.035524136791338,4.568409039866693,2.357273184298082,0.011671195563085789,0.0,11.472382402767414,4.3242453745164,172.03099228424063,0.6881239691369625
weak_heterogeneous,125,200,0.02,logistic,map,0.8,0.5,1.9428757656059366,0.8465202577508399,0.16619741707108915,-386.72943588532775,-375.84248690119523,-0.0,-2.1291072688596993,-386.72943588532775,-377.9715941700549,1,0,0.488,0.050616527880673175,0.08759418645972357,0.8759655222877628,0.9391890332649808,0.0916459388833451,0.06861654658659143,0.010741167003288865,62.04093414801335,0.33693245698225827,0.4989970730561949,0.8096283250370547,0.14564011802030835,0.021211043976969345,0.708782163252814,-0.6875711192758446,-0.9700739591419378,0.5881181999177346,0.3458830170744765,16.306741782725613,4.038160693029144,20.332196741785086,4.128048862442513,2.350722950831568,0.057840756913237056,0.0,16.44440227956663,3.9023411526356453,165.200534256631,0.6608021370265239
weak_heterogeneous,126,200,0.02,logistic,map,0.8,0.5,1.1482212736287138,0.8493874788529655,0.17652262514457107,-389.8140051651575,-385.9797980492539,-0.0,-0.822762256827282,-389.8140051651575,-386.80256030608115,1,0,0.54,0.05034585005275804,0.14552974820668152,0.918027848444052,0.9741744386395923,0.08109407175985318,0.06424314082190752,0.005630208179354668,49.446303631666,0.3684969498016153,0.5356774645086806,0.7383384768194622,0.1410885579192159,0.01990598117572394,0.2404563101160102,-0.22055032894028626,-0.9172158087008815,0.3578687410859559,0.12807003584644694,6.433746456197445,2.536483088096084,16.208235553125327,4.081868479449231,2.4075252569935865,0.012659101478462106,0.0,14.39235388270833,4.226956053482296,163.34071221861632,0.6533628488744653
weak_heterogeneous,127,200,0.02,logistic,map,0.8,0.5,1.5341939159598394,0.7883194515191183,0.31674837484024465,-393.9594081949507,-385.8318732409059,-0.0,-1.2625767790589217,-393.9594081949507,-387.0944500199648,1,0,0.528,0.048884653930390196,0.14748219512119112,0.9050044463797253,0.9567345000057572,0.08745913346210245,0.07010953199181022,0.010411875089630485,57.62697900418357,0.33614181784610864,0.5201250872330331,0.8179844113800523,0.14906035744290055,0.02221899016100528,0.6529072559612282,-0.630688265800223,-0.9659691480556548,0.5650102333538954,0.3192365637946234,14.367735053723964,3.7904795282027264,17.737940043011953,3.8989129662150477,2.2673767609013153,0.001971109374084513,0.0,14.23948467627995,3.9739158214516093,162.9171248547607,0.6516684994190427
weak_heterogeneous,128,200,0.02,logistic,map,0.8,0.5,0.970334071660719,0.4930797253920806,0.6128437500447035,-408.3759891962885,-407.4311633370247,-0.0,-0.07490864137251271,-408.3759891962885,-407.50607197839724,1,0,0.5,0.028585741949344035,0.06573918654504837,0.9288221375889189,0.9660633360343361,0.0700808321371917,0.052503885833327414,0.007975124986842275,41.8596589769647,0.39855373880500455,0.568697222735421,0.8158090323206042,0.1603672512460821,0.02571765527222402,0.3246229560540359,-0.2989053007818119,-0.9207768434345008,0.4074389272256921,0.1660064794188228,6.454961685333565,2.5406616629007424,13.654331573057597,4.57525816570067,2.3670441939590754,0.13098540190490332,0.0,14.82707888677118,4.027031963230642,152.8326281425671,0.6113305125702684
weak_heterogeneous,129,200,0.02,logistic,map,0.8,0.5,1.7094449803627718,0.6479008593630582,0.1791718329768628,-386.11963586211135,-377.917724570882,-0.0,-1.2874066167860225,-386.11963586211135,-379.20513118766803,1,0,0.5319966774993508,0.03106899977901272,0.09008439060581769,0.9388454549469409,0.98,0.08809790285574169,0.06742571996749677,0.009244374930858612,60.06448698903666,0.3346980313315094,0.5028163078635544,0.7323117850449614,0.1591752865928548,0.02533677186191746,0.8067457429986564,-0.781408971136739,-0.9685938573809623,0.6228656713514666,0.3879616445481132,15.312197096870126,3.913080256890999,11.328537457879861,4.76124995647787,2.3099036397094306,-0.025608848146421167,0.0,10.433441553645746,3.8670436318497736,170.11004886910519,0.6804401954764208
weak_heterogeneous,130,200,0.02,logistic,map,0.8,0.5,2.0073050307727858,0.6940672202805581,0.1711499998345971,-390.310210149082,-377.51053034520095,-0.0,-1.9076831336205748,-390.310210149082,-379.41821347882154,1,0,0.492,0.03766376307308717,0.09150056309768065,0.9105662026893666,0.9651647500002483,0.07745762147367574,0.05940883502806889,0.0058331668842583895,61.452613092565244,0.32080576815997713,0.49661035017272637,0.8074269248086863,0.1535078126035141,0.0235646485303156,0.7293311897439594,-0.7057665412136438,-0.967690057875369,0.5913022540914532,0.34963835569363344,14.837410167345736,3.8519358986548227,10.07181169676689,3.4569018783871748,2.036840451621443,-0.013233416576554588,0.0,17.213395715954285,4.549410458474425,137.42421247217467,0.5496968498886987
weak_heterogeneous,131,200,0.02,logistic,map,0.8,0.5,1.2450865968103515,0.4918102559111286,0.14748345897533,-387.0309950710794,-383.6830425514594,-0.0,-0.39189012690695946,-387.0309950710794,-384.07493267836634,1,0,0.556,0.05755348404891039,0.11304690997340867,0.9481619643132903,0.9686256591659083,0.10577158762314491,0.08556528580447798,0.04843887500464916,52.05551500648916,0.36268017454419543,0.5274109610982471,0.7479186749929316,0.15541022787154543,0.024152338927085678,0.6502338635263578,-0.6260815245992721,-0.9628559195669965,0.5665929842038167,0.3210276097489864,13.29178141786382,3.645789546567906,23.26580446638398,3.6558233971597165,2.463451316114916,0.09493086479478269,0.0,27.799770392406025,3.868252936999306,119.48357252409835,0.4779342900963934
weak_heterogeneous,132,200,0.02,logistic,map,0.8,0.5,1.367917684782186,0.8372868149957301,0.20028429105877876,-402.3845089353093,-398.60835581962925,-0.0,-1.107122455453423,-402.3845089353093,-399.71547827508266,1,0,0.516,0.06503286219348393,0.144340166907469,0.8982980904414146,0.942308039915149,0.09443780279815198,0.0758195151473348,0.06262025004252791,52.68228887563437,0.38003261547041073,0.5218683102880199,0.7751547173493146,0.14549113619551157,0.021167670711460897,0.42876945689489165,-0.40760178618343074,-0.9506315798127152,0.4672390481979001,0.21831232816087962,10.31347903776101,3.211460577021149,8.986498573247982,4.100258073981312,2.1589745523022517,0.047156736518468585,0.0,7.641305427728501,4.38226069902602,187.35132091586775,0.749405283663471
weak_heterogeneous,133,200,0.02,logistic,map,0.8,0.5,1.3183731568554773,0.5339685697547583,0.21921791695058346,-390.17859197415794,-384.6498427574496,-0.0,-0.507725132676433,-390.17859197415794,-385.1575678901261,1,0,0.492,0.029432723994693762,0.0651613096700064,0.9151964953443446,0.978213230434455,0.0638486802977835,0.04782881835938463,0.053772374987602234,52.834030888460944,0.35521823504060845,0.5256231923163166,0.8375590819918114,0.1576491902853773,0.0248532671976351,0.6065537675975067,-0.5817005003998715,-0.959025450792143,0.5483802687373508,0.3007209191404491,12.099854588497083,3.4784845246884575,23.22611914375843,4.45621490237167,2.7005313099710304,0.0694965031442948,0.0,11.456872611351523,4.356533539014858,154.25724851806095,0.6170289940722438
weak_heterogeneous,134,200,0.02,logistic,map,0.8,0.5,1.657377540436716,0.8007070570708972,0.16821029176935554,-389.0659548587438,-379.70445912230537,-0.0,-1.5045444150547207,-389.0659548587438,-381.2090035373601,1,0,0.528,0.0335670629905271,0.13378919320477164,0.9166399970540137,0.9797289434692615,0.09499148927546582,0.07057056608202032,0.007150750141590834,58.68393849818555,0.30785060741778725,0.5101794580940203,0.6985000638007187,0.14729843650155583,0.021696829395802877,0.5393367077285394,-0.5176398783327365,-0.9597712725929951,0.5207609246523032,0.27119194064472174,12.499150714490211,3.5354137967839367,23.93076372056646,4.237093499054067,2.7740555816911856,0.01316865488781589,0.0,9.605907720005108,4.050527699144696,182.40563100663653,0.7296225240265461
weak_heterogeneous,135,200,0.02,logistic,map,0.8,0.5,1.895443024334989,0.7807404543573893,0.15418045804835856,-393.9065455096945,-382.59549190966914,-0.0,-1.885324751395541,-393.9065455096945,-384.4808166610647,1,0,0.52,0.030117131684715203,0.07671236797717183,0.9427644639869497,0.9781714094886146,0.09677567280774285,0.0744765888550051,0.006810999941080809,59.652242224489505,0.3128027931429667,0.5030696693303764,0.7448695258439318,0.15949180430317408,0.02543763563988198,0.7404209816309635,-0.7149833459910815,-0.9656443614228095,0.5978333431261676,0.35740470615341013,14.050232938829387,3.748364034993051,19.57608771694864,4.304507189200224,2.4115069229886354,-0.07218497414812018,0.0,12.790203892416082,4.748217720392204,150.9023769951,0.6036095079804
weak_heterogeneous,136,200,0.02,logistic,map,0.8,0.5,1.456660353769738,0.8474373596372404,0.23022824991494417,-393.22678389036497,-385.28492681774674,-0.0,-1.2750390063521415,-393.22678389036497,-386.55996582409887,1,0,0.424,0.040243684519809746,0.08917398353786976,0.8372143953612883,0.91835525960527,0.11104171411192668,0.08403767892152939,0.03398012509569526,57.42037626274905,0.3329196097419621,0.507119085387683,0.7285537097530905,0.15172892135615257,0.02302166557590153,0.44954161659633735,-0.42651995102043583,-0.9487885776845135,0.4755552366074085,0.2261527830647283,9.82347616505467,3.1342425185448985,20.503901990607257,4.133442703737469,2.5009706865210677,0.05626173248560734,0.0,18.834901580985882,4.114189772175749,148.47654344160227,0.5939061737664091
weak_heterogeneous,137,200,0.02,logistic,map,0.8,0.5,1.185589190511538,0.5483750915713124,0.26907316711731255,-386.4596670196147,-381.94268831510817,-0.0,-0.32655858629328827,-386.4596670196147,-382.26924690140146,1,0,0.52,0.029677885100417332,0.09254838843735777,0.9341975953195215,0.971138512025129,0.06839439456428886,0.05582235420327898,0.008291958132758737,49.113952108977465,0.35640832079490076,0.5416979464675341,0.7041019137357649,0.16200048430675806,0.026244156915624164,0.49113550600843386,-0.4648913490928097,-0.9465643257419604,0.4975493610644527,0.2475553666956451,9.432780313406287,3.071283170501588,11.049669209220536,3.7497985187102554,2.2286388915314035,-0.04510722800052937,0.0,18.94580774915248,4.332364783083227,122.4650537221423,0.4898602148885692
weak_heterogeneous,138,200,0.02,logistic,map,0.8,0.5,1.2978359040446572,0.4583687546382137,0.18836374999955297,-371.29476260428646,-364.4415682192573,-0.0,-0.4833207321563137,-371.29476260428646,-364.9248889514136,1,0,0.46,0.03468859902935201,0.10351715464869854,0.8659442468870926,0.9357062289454592,0.0849649478427836,0.0630427226345676,0.007905542152002454,51.00988242088119,0.3798961200937954,0.5344518747359843,0.8245042988971076,0.15121504182951814,0.022865988875502924,0.7303018476450995,-0.7074358587695966,-0.9686896740721174,0.5921561032637562,0.3506488506325164,15.334952384595004,3.9159867702272697,9.602085575081997,3.4695822779759182,2.152497430610518,-0.0047503007763133095,0.0,7.216295508242443,4.060936098727025,187.043383327685,0.74817353331074
weak_heterogeneous,139,200,0.02,logistic,map,0.8,0.5,1.4849070895151844,0.6391304146183852,0.22457545902580023,-412.96588788273453,-410.5159974638059,-0.0,-0.8856149186437327,-412.96588788273453,-411.4016123824496,1,0,0.516,0.02888770297425884,0.08839121642505084,0.9082750265610278,0.9585423630322035,0.06471229793798151,0.05059485058697986,0.010405207984149456,56.21500292917659,0.3255755103431416,0.5196947015138127,0.7157122042495399,0.15348698357471177,0.023558254126863843,0.572931540657474,-0.5493732865306101,-0.9588812057722824,0.5349667905277623,0.28618946696757475,12.148161125455747,3.485421226402305,21.556349111053027,5.199347023371805,2.9684011127044747,0.017673012119623393,0.0,14.774725378039083,4.486021073702354,141.930340980442,0.567721363921768
weak_heterogeneous,140,200,0.02,logistic,map,0.8,0.5,1.7136287055271766,0.8352351139006825,0.5795034170150757,-409.46876570420284,-398.6783553578581,-0.0,-1.6871004226345399,-409.46876570420284,-400.36545578049265,1,0,0.5,0.043433459927820134,0.11263687087194652,0.9063105787904765,0.9568630116797631,0.09095024151249725,0.0681073718446743,0.013166625052690506,58.56424197581223,0.33823695238563656,0.5088307167869641,0.8539137024423944,0.15011067762131097,0.02253321553592915,0.5284157722594525,-0.5058825567235233,-0.9573570345192776,0.5132084978306469,0.2633829622455891,11.688654103788503,3.4188673714826234,16.557110682821836,5.181303763385107,2.8441577481683606,-0.009538186276267282,0.0,12.205389296053246,4.836503857355251,156.43131644356933,0.6257252657742773
weak_heterogeneous,141,200,0.02,logistic,map,0.8,0.5,1.1925507863208316,0.798241497205698,0.27444533281959593,-397.0443730342999,-394.1871061077595,-0.0,-0.7564615385023274,-397.0443730342999,-394.94356764626184,1,0,0.5200014544919765,0.02,0.09113755346968369,0.9283207011625255,0.9687343469610461,0.09363544906628501,0.06571601360498908,0.021134583977982402,48.63870906040341,0.3741958014594818,0.5397564482647264,0.7618348354589046,0.15453526920172467,0.02388114942724951,0.3485997742346175,-0.324718624807368,-0.9314940766106842,0.4265648079738866,0.1819575354017987,7.619295543378521,2.7603071465651285,14.42809902807316,4.574248295144676,2.4612654124048197,0.08387864213534349,0.0,15.92924267541927,4.481917038991924,142.6221171163307,0.5704884684653229
weak_heterogeneous,142,200,0.02,logistic,map,0.8,0.5,1.5258618810488722,0.673531284311311,0.21216124994680285,-403.88558001226505,-398.21463562271185,-0.0,-1.0113848660873022,-403.88558001226505,-399.2260204887992,1,0,0.54,0.025697087800667717,0.10721334477747832,0.9233006593922655,0.9689245182530599,0.09968588034887785,0.07542033010279627,0.008698916994035244,56.24259349763709,0.3486655245260921,0.5087029838001913,0.7957133318152994,0.1539112202829912,0.023688663728999446,0.6913336341225078,-0.6676449703935083,-0.9657348311151288,0.5788911629254316,0.33511497851315863,14.146639183489018,3.7612018270080934,17.55220924316487,4.447793061415536,2.6550787902570128,0.07262040834952621,0.0,12.817715171786563,4.53701098960279,157.9140161886313,0.6316560647545252
weak_heterogeneous,143,200,0.02,logistic,map,0.8,0.5,1.1293429024667196,0.6947547567114614,0.27303949999623,-393.7333412042694,-390.69863920382454,-0.0,-0.45416310448310715,-393.7333412042694,-391.1528023083076,1,0,0.544,0.05223624227279862,0.1275013942049732,0.9090628766203008,0.9606298104807833,0.09231322256707473,0.07348649690769421,0.023684457875788212,48.760086956331925,0.36428884032887227,0.5376970213950361,0.7813494161159326,0.1473522772317143,0.021712693605371987,0.40000011966162746,-0.3782874260562555,-0.9457182822251667,0.4482347016106738,0.20091434772800976,9.253312895195144,3.0419258530074567,12.399178293049873,3.968907248816866,2.2742820131159767,0.044688993238228496,0.0,24.3907440425256,4.354043139658939,133.28972045899434,0.5331588818359774
weak_heterogeneous,144,200,0.02,logistic,map,0.8,0.5,1.9482944907947843,0.8928882385259554,0.20048625022172928,-408.4700406538066,-401.51652903635653,-0.0,-2.2570083678211947,-408.4700406538066,-403.7735374041777,1,0,0.552,0.051560592238823436,0.14795208427328368,0.9259560023901674,0.9620930604204684,0.08273360165748693,0.06609512024742656,0.009213416138663888,60.188450268352454,0.32566816485425326,0.5117801102940069,0.8498848594751239,0.1476883736834017,0.0218118557212481,0.5348799659609674,-0.5130681102397193,-0.9592210269418844,0.5108671464440839,0.26098524131592105,11.965292850423602,3.4590884421222308,36.967584712461075,4.3584215733768525,3.4412809477348687,0.1038643835601165,0.0,15.167070384703733,4.144170244866855,155.2165488908364,0.6208661955633457
weak_heterogeneous,145,200,0.02,logistic,map,0.8,0.5,1.923441752249451,0.8055988863884519,0.20335537497885525,-370.18123505943,-355.3978572145945,-0.0,-1.9941849633250777,-370.18123505943,-357.3920421779196,1,0,0.5320034335228382,0.02,0.09384648905302236,0.9452979937768078,0.9745091291361063,0.07168586084678395,0.05634379817069194,0.0986899589188397,62.54631806243492,0.31496101001629706,0.4978270203624066,0.7792782699945887,0.15268028213562695,0.023311268553014648,0.6500722721817114,-0.6267610036286967,-0.9641404970638424,0.5658668563902586,0.32020529916099355,13.73607354026146,3.7062209243731625,15.638635037233255,3.3634363621519756,1.9833070628393386,-0.014563546103069314,0.0,11.770220555815062,4.291326230365496,173.36062325544916,0.6934424930217966
weak_heterogeneous,146,200,0.02,logistic,map,0.8,0.5,1.122095182251045,0.7093804427394316,0.2210159171372652,-406.28722531429804,-404.3657704686225,-0.0,-0.47364703643756834,-406.28722531429804,-404.83941750506006,1,0,0.536,0.044604268435892165,0.10177407607244139,0.92293684318503,0.9748546396200858,0.08638928513236858,0.06719582926796498,0.009112583007663488,48.90728880322109,0.38586063441665813,0.5379439123473471,0.7277871096193459,0.16155955052265464,0.026101488365082193,0.4251827460507628,-0.3990812576856806,-0.938611129902327,0.4651769544068155,0.21638959891120052,8.290316471020871,2.879290966717478,8.673910997668546,4.7165535258375995,2.254334035917697,0.01794456197615925,0.0,12.169997100728287,5.475312894088997,153.81787427344193,0.6152714970937677
weak_heterogeneous,147,200,0.02,logistic,map,0.8,0.5,1.8025418944713274,0.7061775064487305,0.15619795792736113,-378.3018869797178,-370.04783401178753,-0.0,-1.5582039564337038,-378.3018869797178,-371.60603796822124,1,0,0.532,0.04307804377091217,0.09318065193010583,0.9423875373879966,0.9750255838264253,0.06263778484899511,0.052368400028164445,0.007336832815781236,59.168057329670475,0.3519429517335844,0.5019013111397359,0.7803172610536147,0.15429599844991956,0.02380725513765758,0.7674851530817359,-0.7436778979440783,-0.9689801750013499,0.6104736193356317,0.3726780399047458,15.653969252224092,3.9565097310917983,20.48891841256406,3.6511121300748295,2.4431536221151378,0.049115616395871316,0.0,15.495314895927212,4.504049192160466,154.67926456314783,0.6187170582525913
weak_heterogeneous,148,200,0.02,logistic,map,0.8,0.5,1.2553684310791802,0.9211365977898647,0.312416790984571,-385.5321380839084,-378.92888976619565,-0.0,-1.152674018554756,-385.5321380839084,-380.0815637847504,1,0,0.5119763339949195,0.03504242818594846,0.08056323461343694,0.9361837772072346,0.98,0.09633655851750586,0.07626494617092615,0.0071686250157654285,52.08190225674083,0.37387888263626884,0.5265684424348804,0.782771413753951,0.15403690922924365,0.023727369404898245,0.26304593569086043,-0.23931856628596218,-0.9097976201662991,0.3714178066579616,0.13795118710261092,5.814011016077175,2.411226040021378,17.646505024139948,4.569213307047805,2.446009393272968,1.3543707803762572e-05,0.0,24.11530105858472,4.179666325214912,119.50942618460529,0.47803770473842117
weak_heterogeneous,149,200,0.02,logistic,map,0.8,0.5,1.180734104364843,0.5171343902291132,0.2160899171140045,-385.54361369074235,-381.82204835915974,-0.0,-0.3053483737586529,-385.54361369074235,-382.1273967329184,1,0,0.484,0.04173877397391711,0.09946817632639669,0.8840714080489145,0.953662274266354,0.11120715695273338,0.07875544967864088,0.043406707933172584,50.11338963188216,0.33649686501757664,0.5388232127359265,0.77992282364945,0.14930595920080564,0.02229226945287264,0.5143372413515561,-0.49204497189868346,-0.9566582629826806,0.5058920189258204,0.25592673481284256,11.48051504374146,3.388290873543985,10.820025371348155,3.973098087249218,2.290360958750926,0.16143396115276631,0.0,23.958537944236404,4.117718450988849,137.1723271261063,0.5486893085044252
weak_heterogeneous,150,200,0.02,logistic,map,0.8,0.5,1.7386133010116056,0.5846146417642809,0.1338626251090318,-376.8538466353307,-367.7498852567318,-0.0,-1.2539577448851549,-376.8538466353307,-369.00384300161693,1,0,0.52,0.04218437690050675,0.10320639089473252,0.9062517063735795,0.9575702659784516,0.08191615630662645,0.06222703509019393,0.004952917108312249,58.265349578205196,0.3431041038077934,0.5085251277550906,0.8691520612456064,0.15155707918617575,0.022969548251444746,0.7955784161677124,-0.7726088679162677,-0.9711284924469311,0.6125278981935013,0.3751904260653483,16.334253593417948,4.041565735382507,18.86212850832697,4.605251768332825,2.3648868447006173,-0.028920533221944496,0.0,15.13884755276785,4.3080561735483,158.92638782736225,0.635705551309449
weak_heterogeneous,151,200,0.02,logistic,map,0.8,0.5,1.3799122773777963,0.9253241143020178,0.13409137492999434,-397.14822512154745,-389.2391400532565,-0.0,-1.3521755073454953,-397.14822512154745,-390.591315560602,1,0,0.49199999999999994,0.035358505159286506,0.09384505721156358,0.8839156154626229,0.968315780345642,0.08936513100681273,0.0678170083805066,0.022138917120173573,54.50076797496206,0.32708101954439933,0.5199552025848186,0.7364806935128726,0.14547752902334252,0.021163711450737466,0.3999011214792044,-0.37873741002846695,-0.9470776391612644,0.45180997413076224,0.20413225272404006,9.645390091392827,3.1057028337226384,9.548236012110365,4.047175356001623,2.027490257974134,0.024399337718541206,0.0,9.965539058695763,4.392320525170916,172.55351639396395,0.6902140655758557
weak_heterogeneous,152,200,0.02,logistic,map,0.8,0.5,1.9083710526417275,0.7219574046041562,0.19282304192893207,-392.0034972169453,-381.51388301310607,-0.0,-1.7815942476230953,-392.0034972169453,-383.29547726072917,1,0,0.552,0.08472152429344695,0.16865657014498991,0.8997782724679068,0.9514368527078315,0.07847111934156913,0.06485385302128406,0.01365075004287064,61.14407346426404,0.3219710419411765,0.503255218347961,0.7893255014725002,0.14397659896111442,0.020729261048409574,0.5932067936838865,-0.572477532635477,-0.9650555906150732,0.5432358681289275,0.29510520842178956,14.236166341512261,3.7730844598964732,9.226036227283863,5.414467950145696,2.3282512830613102,0.008697929760777566,0.0,11.631718266640249,4.646017358078009,171.86578249721077,0.6874631299888431
weak_heterogeneous,153,200,0.02,logistic,map,0.8,0.5,1.7713997948254654,0.7791411768484124,0.18514200020581484,-380.1929340650632,-367.5696882250598,-0.0,-1.6573091707631382,-380.1929340650632,-369.22699739582293,1,0,0.532,0.04244572142757225,0.13585229159266113,0.9071190244226801,0.9485860986633148,0.07835288849556235,0.06281772152361711,0.012516041053459048,59.40338889543089,0.3317341317043673,0.5107458065839707,0.6678031711744035,0.1476479659866628,0.021799921859998732,0.6572402020932483,-0.6354402802332496,-0.9668311192915954,0.5645065587944587,0.31866765492196164,14.617834732091108,3.8233277039891713,9.66651104169547,3.6767961013700945,2.039398724346192,0.045869163909721386,0.0,8.987467285179799,4.48442377844957,184.2052263966637,0.7368209055866548
weak_heterogeneous,154,200,0.02,logistic,map,0.8,0.5,1.0637274469679654,0.8359543615956917,0.7681557920295745,-391.29163332179496,-387.67079440708596,-0.0,-0.6906838850688656,-391.29163332179496,-388.36147829215486,1,0,0.5359995743276081,0.022814556541205497,0.06988573486430211,0.9482770037443099,0.98,0.08354997855240016,0.06450275173768472,0.02119095902889967,46.97108083292484,0.38364978623142,0.5353711488540236,0.7577384624685382,0.15265036646668403,0.023302134382412933,0.22610525836787368,-0.20280312398546074,-0.8969412098125541,0.342916725079372,0.1175918803391616,5.046399544752131,2.2464192718083886,10.395322359671283,3.915463887632162,2.0827364231631544,0.0646038150049703,0.0,27.273466078223613,4.02304841556984,98.02332047842661,0.39209328191370646
weak_heterogeneous,155,200,0.02,logistic,map,0.8,0.5,1.36914076089261,0.613066203571091,0.19358641584403813,-385.4541206163209,-378.38015579591956,-0.0,-0.6605621605527862,-385.4541206163209,-379.04071795647235,1,0,0.49200000000000005,0.057240737559803995,0.09061170660104462,0.8932344366462659,0.9754481686097541,0.0873122380281196,0.06938811544220241,0.007161374902352691,53.45768702475293,0.339960209845061,0.5226763490652283,0.8055400764213642,0.1494613968866883,0.02233870915932016,0.6935994384100347,-0.6712607292507146,-0.9677930691372415,0.5800600375227786,0.3364696471309273,15.062179498878761,3.8810023832611544,10.279180821799768,3.816662472998638,2.0764122008321997,-0.007722065206624265,0.0,9.16072902939341,4.008967522782874,183.49594748463502,0.7339837899385401
weak_heterogeneous,156,200,0.02,logistic,map,0.8,0.5,1.6917608570975144,0.7039900415193546,0.48442429094575346,-396.49236518477295,-384.93732491802643,-0.0,-1.3558843664544515,-396.49236518477295,-386.2932092844809,1,0,0.528,0.023118931566230575,0.07152519027952081,0.9409271891106226,0.9722455285892811,0.05628377668848461,0.0454714555305799,0.015232249861583114,59.779263875398016,0.31973647397179483,0.5004014449846638,0.925827843658803,0.1576086821349846,0.024840496684326616,0.766620399309415,-0.7417799026250883,-0.9675973966950222,0.6093340748882865,0.371288014819964,14.946883693120043,3.8661199791418843,10.131888503621568,4.148130516704362,2.2179367226853426,-0.01649711668664681,0.0,19.69569864526613,3.879773248916368,139.0665633653632,0.5562662534614529
weak_heterogeneous,157,200,0.02,logistic,map,0.8,0.5,1.7177643346814557,0.7227575847733915,0.22110925009474158,-388.46469883519353,-379.7737564871275,-0.0,-1.4394370496048796,-388.46469883519353,-381.2131935367324,1,0,0.548,0.04471372947992768,0.08202299728288798,0.9279626031931293,0.9761575957612094,0.06456887438171083,0.04987772977686241,0.007611708017066121,58.31345213937632,0.33715879334124454,0.5070803493522336,0.8086472604551154,0.15618160960443198,0.024392695178631203,0.7420098788738716,-0.7176171836952404,-0.9671261854146048,0.5961737183133582,0.35542310240757535,14.570882791129108,3.817182572412421,13.86837735028693,4.3579419852271055,2.309777139861356,-0.06973463415093911,0.0,21.220700126989122,4.344989922265737,125.44987912584028,0.5017995165033612
weak_heterogeneous,158,200,0.02,logistic,map,0.8,0.5,1.2858157280576017,0.6111248862979187,0.2055266669485718,-386.25209025127134,-380.18541938123553,-0.0,-0.5309260438171226,-386.25209025127134,-380.7163454250527,1,0,0.504,0.037914898666276314,0.14488198806966254,0.8601494989257285,0.948784439468252,0.10340398713957846,0.07865857992409356,0.006820125039666891,50.4196024027419,0.3549853572595969,0.5342954796441557,0.8659251775859084,0.14785289276576286,0.021860477899204173,0.5502740848636795,-0.5284136069644753,-0.9602734737097064,0.5272180761646258,0.2779588998347292,12.715133727467517,3.5658286172315568,7.4322498172142515,4.184600469432751,2.0557072250271116,0.021873021017163794,0.0,7.575313720907191,3.9693789490591973,198.50704359126922,0.7940281743650769
weak_heterogeneous,159,200,0.02,logistic,map,0.8,0.5,1.250565693501927,0.793172637335519,0.29230745788663626,-400.5305995218883,-396.22398379452324,-0.0,-0.8249929199264945,-400.5305995218883,-397.04897671444974,1,0,0.524,0.0583108858674859,0.12328667227341618,0.9114770371365012,0.9635499454365978,0.06990480702622197,0.05551422725704669,0.021493999985978007,53.24863636870441,0.33859829436501565,0.5216624471161861,0.8332596851483354,0.1528390831064354,0.02335978532481587,0.45828041035645095,-0.4349206250316351,-0.949027309924405,0.4833125828192695,0.2335910527114332,9.99970887845796,3.1622316294759245,8.807969520758968,4.540060694242657,2.2139388805531457,0.009311893017784236,0.0,10.491010750627174,4.37357232426023,179.00488353733277,0.7160195341493311
weak_heterogeneous,160,200,0.02,logistic,map,0.8,0.5,1.3838806551713334,0.6799784283726019,0.23495566588826478,-381.965824519039,-377.94046870659486,-0.0,-0.7897397668703381,-381.965824519039,-378.7302084734652,1,0,0.448,0.038871155461357415,0.0763022539357348,0.8868185818327013,0.9550557357266443,0.08879373879301497,0.06675461193061685,0.00956712500192225,53.04947182365896,0.34614436763147827,0.524008037455824,0.7562148099388118,0.152567485948683,0.023276837768701587,0.544581285735219,-0.5213044479665174,-0.9572573674887186,0.5261890776174224,0.2768749454038738,11.894869404303893,3.4488939392657314,12.619356848424353,4.314620602166831,2.373836583112901,4.827200341807725e-06,0.0,11.437304084387687,4.06639958473603,167.9653784331529,0.6718615137326116
weak_heterogeneous,161,200,0.02,logistic,map,0.8,0.5,1.161625029840486,0.7116277023200278,0.24278345913626254,-385.3073107400581,-381.32437420104685,-0.0,-0.527346358633282,-385.3073107400581,-381.85172055968013,1,0,0.504,0.05496251549177729,0.1060478610402934,0.8829013402181902,0.9606715218326847,0.07000146424297023,0.05633663081994027,0.048594540916383266,49.93541725053426,0.34727674081920934,0.5310675000287833,0.7558179407557416,0.14785361882651865,0.021860692600097473,0.3879875430219175,-0.36612685042182,-0.9436561998103569,0.44754213978554136,0.20029396688382106,9.162288247122051,3.0269271955437005,16.185359107997368,3.616683475024308,2.3700491977350016,-0.03788469366803787,0.0,11.416593007856012,4.100747204912216,160.3624222414105,0.641449688965642
weak_heterogeneous,162,200,0.02,logistic,map,0.8,0.5,2.020951791851614,0.7209885561147675,0.18039699993096292,-384.84189535353045,-370.63085958656023,-0.0,-1.9855249696369206,-384.84189535353045,-372.61638455619715,1,0,0.516,0.023549658015523146,0.07798142374648123,0.913533874747587,0.9742930222859078,0.08318805985649112,0.06037288360332529,0.005850416840985417,62.8372144649221,0.3088695475702485,0.4951089006336846,0.8559119535097334,0.15380499471044815,0.02365597639788098,0.8690918120925958,-0.8454358356947148,-0.9727808085765735,0.6399527849148045,0.409539566920214,17.312308738898604,4.1608062606781635,11.78076750035033,4.313393850287368,2.129169935802518,-0.026826993809445004,0.0,19.429526873422326,4.318369098059367,131.4416560634298,0.5257666242537192
weak_heterogeneous,163,200,0.02,logistic,map,0.8,0.5,1.4432403109333098,0.7515637670841195,0.19841237482614815,-392.37882539108364,-386.90401921066905,-0.0,-1.0284717549634728,-392.37882539108364,-387.9324909656325,1,0,0.556,0.0681658893694997,0.16936328961300276,0.8905141465671,0.970294250635175,0.11660144210112346,0.08870203743099242,0.007363625103607774,55.156356747803926,0.3251454689780915,0.5236329638689912,0.7708820889618406,0.14147945730219713,0.020016436838524224,0.5899340165761002,-0.569917579737576,-0.9660700412654671,0.5442997312286323,0.29626219741556137,14.800945832944974,3.8471997391537878,10.996809211490259,4.068473196576055,2.202764757254691,0.0773842371473826,0.0,11.03280635117986,4.203256195321627,180.59489496780859,0.7223795798712344
weak_heterogeneous,164,200,0.02,logistic,map,0.8,0.5,2.2206413220952097,0.7548376151393681,0.1293134589213878,-394.5940816270408,-384.3136318760257,-0.0,-2.4239495280423604,-394.5940816270408,-386.73758140406807,1,0,0.564,0.07369702019283361,0.1645470045220889,0.9054008962046577,0.9302423004670509,0.10586398924801288,0.08230076370784671,0.00556362490169704,64.30764928837075,0.328559614294342,0.4825910772769527,0.8637307869682507,0.14674907579697574,0.02153529124726653,0.7665931012181741,-0.7450578099709076,-0.9719077940917479,0.5992482279353872,0.35909843868370184,16.674881921055146,4.083488939749334,17.789759063593642,4.293034913314415,2.7810731728486595,0.01049708042698441,0.0,10.334994600384967,4.575537642682045,166.79691982359893,0.6671876792943957
weak_heterogeneous,165,200,0.02,logistic,map,0.8,0.5,1.8115204788789832,0.6506198162029245,0.12773337494581938,-380.9897728173052,-372.2809545611591,-0.0,-1.4746636367422383,-380.9897728173052,-373.75561819790136,1,0,0.5,0.04151396994414578,0.12159545301438854,0.8615759429549472,0.9294155080970161,0.09801537356581425,0.07453416452091613,0.011745041934773326,59.199124856729284,0.32480898881568027,0.5010491429491969,0.8428235814396676,0.14733362655810017,0.021707197514761724,0.7491865759597285,-0.7274793784449668,-0.9710256453982051,0.5938079215809912,0.35260784773233655,16.243821778124502,4.03036248718704,18.65284900019439,4.040988638575023,2.3754094356018647,-0.05001906005027495,0.0,13.712773522985417,3.996259848243339,167.92705102061765,0.6717082040824706
weak_heterogeneous,166,200,0.02,logistic,map,0.8,0.5,1.4217498745402048,0.8408262714691279,0.16524379095062613,-385.43810196584786,-380.5282150724639,-0.0,-1.2016597233885906,-385.43810196584786,-381.72987479585254,1,0,0.536,0.026226255548334028,0.09946724867544537,0.9118022764932423,0.9665933811886699,0.07331578130710716,0.05792236353180582,0.03224874986335635,55.20864326517537,0.34740440650453486,0.5213583167907307,0.7376774122961498,0.15160107995128788,0.02298288744239678,0.4810933373526711,-0.45811044991027433,-0.9522277993520644,0.4918120113411647,0.24187905449944191,10.52431097292175,3.2441194449221116,23.777218155037666,4.006269948804203,2.7575033202760055,-0.013564855913710516,0.0,20.783348432593925,4.657767791575762,127.65771068562418,0.5106308427424967
weak_heterogeneous,167,200,0.02,logistic,map,0.8,0.5,1.9416166970787796,0.8791857527184919,0.13934950018301606,-392.7353103655755,-380.2858885555263,-0.0,-2.209415818790692,-392.7353103655755,-382.495304374317,1,0,0.532,0.07380574030685112,0.1391801878291026,0.8834986365607008,0.937112278521105,0.07976970984452754,0.0656146982196564,0.005892709130421281,61.48173519096696,0.323048300741576,0.5008693163158184,0.7920063867388268,0.14064202679624657,0.019780179701356138,0.4766715195089558,-0.45689133980759966,-0.9585035419742871,0.48866666838145933,0.23879511278703516,12.072444052197527,3.4745422795236682,17.776005367701373,4.051812899902163,2.300297945756991,-0.005083923873824666,0.0,15.901355248426329,4.147442795474367,162.35572607214286,0.6494229042885714
weak_heterogeneous,168,200,0.02,logistic,map,0.8,0.5,1.9868863349000472,0.7698274812843502,0.15970387496054173,-393.0734018204714,-380.41355719424524,-0.0,-2.027638173262975,-393.0734018204714,-382.4411953675082,1,0,0.488,0.07043322267669609,0.14191425867931357,0.8077159899936586,0.8919132255095489,0.10891198483468265,0.09190148160843606,0.007292291847988963,60.507335330163315,0.3071622477206667,0.5029242296626482,0.7131611644626574,0.13852563110811045,0.019189350473900295,0.6064612379193681,-0.5872718874454679,-0.9683584881043106,0.5430535879861389,0.29490719942461907,15.368274180292163,3.920239046320028,11.887152110034037,4.434636530707821,2.242003882775144,0.012894717442745247,0.0,8.41082731475692,3.8922428820428268,199.8017950594732,0.7992071802378927
weak_heterogeneous,169,200,0.02,logistic,map,0.8,0.5,1.5528243718083796,0.6144786368512642,0.1435357080772519,-387.14777545987573,-380.6823014939641,-0.0,-0.9647277751071933,-387.14777545987573,-381.64702926907125,1,0,0.536,0.054588296886248354,0.14788220837417573,0.8950546155515865,0.956333911822843,0.10861223494388211,0.08572893204673429,0.005444957874715328,55.52315753880544,0.34103352656626595,0.5178510032796876,0.7719131617987594,0.14418175478889456,0.020788378414004917,0.6343562540697253,-0.6135678756557204,-0.9672291740159623,0.5536574369488184,0.3065365574887349,14.745573290229522,3.8399965221637276,17.77250192389162,4.482847612124679,2.507176990799191,-0.05935002328096698,0.0,10.118956142338305,4.3742219640238496,175.6758308643145,0.702703323457258
weak_heterogeneous,170,200,0.02,logistic,map,0.8,0.5,1.6305266929165005,0.794903407138843,0.12706625019200146,-396.35866551519143,-385.59625851012436,-0.0,-1.4438939464759957,-396.35866551519143,-387.04015245660037,1,0,0.5119982416137827,0.026836765004411664,0.07420705022767815,0.9268130636605956,0.98,0.08016286374715949,0.061928114280116145,0.005766874877735972,58.68624668173627,0.3250318450087843,0.5069407059975637,0.8737237347118697,0.15268841297860594,0.02331375145792532,0.5982636670873451,-0.5749499156294198,-0.9610309755706398,0.5402307226812224,0.2918492337286759,12.518329975996382,3.538125206376448,16.627596365467987,3.499730536848977,2.3607980674833153,-0.10383308574452423,0.0,18.90196492941085,4.136770295412222,122.21040448503057,0.48884161794012226
weak_heterogeneous,171,200,0.02,logistic,map,0.8,0.5,1.7156420477713037,0.7100709846559153,0.18305887491442263,-407.59023746273067,-402.92693462487046,-0.0,-1.4101879479823136,-407.59023746273067,-404.33712257285276,1,0,0.504,0.03101385978522884,0.07746643278917206,0.9036392808348539,0.9650010867537089,0.072676102879365,0.054306782555675226,0.006533666979521513,58.919921880032504,0.35236514016449155,0.5040498994824381,0.749248199197357,0.14969781290701187,0.022409435189142728,0.735730226851235,-0.7133207916620923,-0.969541233496617,0.5960505027535811,0.3552762018327968,15.853866857158744,3.9816914568005823,31.289724980886547,4.66803691301058,3.091313228743298,0.05207517541643877,0.0,11.580769374038436,4.310194596980236,170.208352355642,0.680833409422568
weak_heterogeneous,172,200,0.02,logistic,map,0.8,0.5,0.8385221757565507,0.6775930177616851,0.18654870800673962,-399.9079782593054,-399.310048638603,-0.0,-0.18918102610073576,-399.9079782593054,-399.49922966470376,1,0,0.48,0.05827750503123371,0.13027555037236285,0.8514853124031722,0.927636343957678,0.09180063401375771,0.07341806659548883,0.008300041081383824,38.16423927733744,0.39545948834407146,0.5850367077614984,0.8647335592936486,0.13778150192632435,0.018983742273073718,0.12661057496005423,-0.10762683268698052,-0.8500619535211564,0.2648501074008601,0.07014557939024714,3.6950343289131498,1.92224720806486,9.005143879782912,3.684878128013372,1.9935170716416795,0.1576739121005322,0.0,8.414896974332452,4.27456848534426,186.66760082820522,0.7466704033128209
weak_heterogeneous,173,200,0.02,logistic,map,0.8,0.5,1.2897482658387829,0.7884350001899365,0.13781766686588526,-398.09018591030883,-392.3124254974682,-0.0,-0.8710401710501684,-398.09018591030883,-393.18346566851835,1,0,0.43200000000000005,0.027262340830060443,0.07777667042927448,0.8540579108143213,0.9325114277321903,0.10927218697247608,0.08382931687338671,0.005039790878072381,51.07652788433414,0.39421328442470854,0.5338259972728985,0.7253693435884989,0.14795353908581035,0.02189024972801641,0.40884884463449583,-0.38695859490647944,-0.9464588196462046,0.4594096586339929,0.21105723444620192,9.641609258394098,3.105094082051959,8.386511794635238,4.065610265106859,2.1726903116697707,0.04798533390926394,0.0,14.817323383754175,3.8468857434377606,161.6237023335978,0.6464948093343912
weak_heterogeneous,174,200,0.02,logistic,map,0.8,0.5,1.2805177455050787,0.8946625074717071,0.13958229194395244,-402.35653562417565,-397.1856585575034,-0.0,-1.1196394329165646,-402.35653562417565,-398.30529799042,1,0,0.472,0.03816492070627228,0.08443851428507161,0.8762832735850796,0.9542412825214797,0.07470208452826305,0.05642196757209365,0.0057264999486505985,54.46992032501607,0.3407641039307041,0.526912238643201,0.7938496664519138,0.14776144755182016,0.0218334453826093,0.39255884609206393,-0.37072540070945464,-0.9443817262049704,0.44336762111120254,0.19657484744980686,9.003381921864792,3.000563600703173,16.552493137686177,4.313710263173646,2.372753828496722,0.04681213864787418,0.0,13.245973936188289,4.036679159183431,161.84788593516458,0.6473915437406583
weak_heterogeneous,175,200,0.02,logistic,map,0.8,0.5,1.700602467974738,0.8543478197902679,0.11677195806987584,-393.59065577384877,-382.90128320414664,-0.0,-1.711426346695893,-393.59065577384877,-384.6127095508425,1,0,0.46,0.022875989211898918,0.040155164959486546,0.8965740842461308,0.9657372517031966,0.09593860667627124,0.07011793049095695,0.006637250073254108,61.0389641423254,0.3424021226574986,0.49437744680992546,0.8002755635198229,0.15613545974297752,0.024378281789150955,0.40885807003013486,-0.3844797882409839,-0.9403747080561375,0.452345965122789,0.20461687216286747,8.393408277605847,2.897137945905553,9.503642116688312,4.20733015724463,2.1019806943931276,0.021620133215955812,0.0,8.000945363729295,3.7707206824910946,181.04992455369387,0.7241996982147755
weak_heterogeneous,176,200,0.02,logistic,map,0.8,0.5,1.4957010285108117,0.6803593727505054,0.12705558282323182,-389.69684007216676,-381.3958454247541,-0.0,-0.9728415773649854,-389.69684007216676,-382.3686870021191,1,0,0.536,0.029264992328107097,0.08208699802083257,0.9323736682370496,0.9673796250927144,0.09829975270900856,0.07442316325418559,0.010700375074520707,56.96685060213888,0.3225483945137292,0.5162708472573748,0.7235498817093698,0.15643516823885142,0.024471961861917746,0.5555641513786098,-0.531092189516692,-0.9559511501935616,0.5272910163251595,0.2780358158972196,11.361402795003837,3.3706680042691595,15.268805204282764,4.182498783124221,2.6536207701118317,0.06582341603983691,0.0,16.50758793609962,4.416579852779116,147.03341667371404,0.5881336666948562
weak_heterogeneous,177,200,0.02,logistic,map,0.8,0.5,2.1818927236420262,0.7254824049812859,0.1379724161233753,-393.2879838251175,-379.20935767355684,-0.0,-2.2904757965542064,-393.2879838251175,-381.49983347011107,1,0,0.544,0.04292925956379793,0.1061530701500592,0.9429757730494306,0.9704699469079947,0.08568710682214425,0.06278557096999102,0.011202957946807146,63.54829302418658,0.33664917787898846,0.47685742864627634,0.7557827298327435,0.15422406603090125,0.02378506254310379,0.821265641348385,-0.7974805788052812,-0.9710385271882889,0.6275529818201065,0.39382274499130704,16.557566089120563,4.069098928401786,13.705702516617393,4.655848122022329,2.379480421047685,0.002747163772189861,0.0,15.566555235524772,4.079338816049183,155.79904701344532,0.6231961880537813
weak_heterogeneous,178,200,0.02,logistic,map,0.8,0.5,1.3340231759233139,0.6678221039941354,0.13164083287119865,-398.41540995288955,-395.0438772648947,-0.0,-0.6904636775237817,-398.41540995288955,-395.7343409424185,1,0,0.468,0.02498361056545756,0.06561449811604059,0.9220503190984275,0.9710063685819711,0.10448826952018248,0.07456497751217762,0.0060356250032782555,53.53916029139968,0.34165481025663924,0.5283232338789614,0.7778250368302738,0.15486877317562658,0.02398433690492368,0.4707285213800628,-0.44674418447513914,-0.9490484731313765,0.4836824749433553,0.23394873656732956,9.754229916579552,3.123176254485096,10.99946705592576,3.5991188977345767,2.006384168921595,-0.04659825640612059,0.0,11.262711306531617,4.205498978435904,159.87767010870232,0.6395106804348093
weak_heterogeneous,179,200,0.02,logistic,map,0.8,0.5,1.7924270674311018,0.5652453225582271,0.2219596658833325,-393.7725746510341,-385.0301966383845,-0.0,-1.331662357643167,-393.7725746510341,-386.36185899602765,1,0,0.49999999999999994,0.044108449934935394,0.1048171775623495,0.8968882803917368,0.955867185791169,0.10956435698444043,0.08077485240452636,0.005003124941140413,58.288877690057646,0.33889148435975536,0.5075520378458134,0.8701239911417311,0.14708086452499042,0.021632780709418587,0.8180808128280528,-0.7964480321186342,-0.9735566702333045,0.6267251253271259,0.39278438271630167,18.156906779223682,4.261092204966197,8.527158748166306,4.747315953034185,2.3912899332572346,-0.05430812656566795,0.0,12.297598842134851,3.7520525179538713,167.6766976334598,0.6707067905338392
weak_heterogeneous,180,200,0.02,logistic,map,0.8,0.5,1.282407937125386,0.6174767475975547,0.2059258329682052,-392.8496008879134,-388.5632992616922,-0.0,-0.534417369018252,-392.8496008879134,-389.0977166307104,1,0,0.563946581674778,0.02051064875504196,0.06865324671387871,0.9569938184750485,0.98,0.06679496718811648,0.05274901246443695,0.0437245829962194,51.99740335752486,0.3623281491681764,0.526082448438786,0.7499988635217665,0.1706730103825881,0.029129276473055025,0.5895571709024638,-0.5604278944294088,-0.9505912608467377,0.5378590891070263,0.28929239973504006,9.931328023290913,3.151400961999427,11.734592407230403,4.029999321623628,2.1274755492112365,0.03419226570976382,0.0,11.35820196356321,4.4441999210959455,149.62327256658685,0.5984930902663474
weak_heterogeneous,181,200,0.02,logistic,map,0.8,0.5,1.928904519806306,0.8510866601985445,0.16985091683454812,-388.09682999899576,-373.9615319206025,-0.0,-2.114984872025106,-388.09682999899576,-376.0765167926276,1,0,0.52,0.06951668615623759,0.1548563463799556,0.867710360811814,0.9200904070178444,0.08458395334716412,0.06651576777545301,0.0069827919360250235,63.93217419819433,0.31645672844213096,0.4878572229049918,0.8419435076124462,0.14054526340823068,0.019752971066488947,0.5972980741520199,-0.5775451030855309,-0.9669294579686496,0.5394330267668678,0.2909879903668643,14.731353039873959,3.8381444787649617,23.5289736553854,3.845231424719245,2.341776487876009,-0.06041301187263518,0.0,9.659835126571688,3.76122540893839,185.81441982087264,0.7432576792834906
weak_heterogeneous,182,200,0.02,logistic,map,0.8,0.5,1.0503002672651645,0.6192217286134756,0.19883650005795062,-393.1356054745568,-391.4782222417034,-0.0,-0.23967525975751688,-393.1356054745568,-391.7178975014609,1,0,0.532,0.08018170990584869,0.16522836071031455,0.8570350879679427,0.9441595165381453,0.10262818338424,0.08543832188641787,0.004810375161468983,45.99851422757223,0.35937900917296245,0.5444695042695358,0.8105052745371382,0.14200947283129078,0.020166690373821117,0.4192882749174657,-0.39912158454364455,-0.9519025654180508,0.45946779453979014,0.2111106542192588,10.468284597323256,3.235472855290747,10.063835717461648,3.904527230751163,2.061468883072435,-0.007801408690331044,0.0,11.716181044277867,4.13252245259042,186.19383424471812,0.7447753369788724
weak_heterogeneous,183,200,0.02,logistic,map,0.8,0.5,1.4003278887474238,0.9228039034933297,0.27563474979251623,-386.46860776207336,-379.05462817228846,-0.0,-1.3779328730140077,-386.46860776207336,-380.43256104530246,1,0,0.5119999999999999,0.06753887114505941,0.10287366728550094,0.9096296065007906,0.9462141107826749,0.07122735817279802,0.05945881665726152,0.01893741707317531,55.67518313305224,0.34876640762726774,0.5098006369776458,0.7421420236570022,0.14813141990839493,0.021942917564077225,0.41085046203499603,-0.3889075444709188,-0.946591474047781,0.4537375250231897,0.20587774161416972,9.38242332693317,3.0630741628196287,10.717523249117809,4.645201649024265,2.2661084311381208,-0.030060730448828368,0.0,8.938927963189132,4.4991289413997375,177.25933342497945,0.7090373336999177
weak_heterogeneous,184,200,0.02,logistic,map,0.8,0.5,1.3577586467926646,0.7477194491333412,0.15531429112888873,-391.8482364242709,-384.7163766169506,-0.0,-0.8835205176698356,-391.8482364242709,-385.5998971346204,1,0,0.524,0.027470978146558873,0.08205744471166433,0.9344755608615234,0.9748114640882483,0.09296283375981221,0.07058046985765662,0.02538987505249679,53.37483310907928,0.3535468003634047,0.5270336427857185,0.730218383205365,0.15520197979426467,0.024087654532059338,0.4530714806833287,-0.42898382615126934,-0.9468347588426224,0.48454727841637235,0.23478606502071347,9.747153451915635,3.122043153435845,9.87445245389745,3.8376815834909657,2.0215899598856257,0.06210934739548678,0.0,15.340958998627466,4.007572168568148,156.5048405434304,0.6260193621737216
weak_heterogeneous,185,200,0.02,logistic,map,0.8,0.5,1.5125625799150704,0.8442437013344901,0.23558070790022612,-380.92742950571323,-371.7726354107009,-0.0,-1.3602098743470856,-380.92742950571323,-373.132845285048,1,0,0.516,0.055269127269986625,0.12741668855684007,0.8977919753863706,0.9449454292502122,0.10518342805170254,0.08148313175617047,0.00710829091258347,55.847402799731185,0.3412568011529805,0.5178323918798686,0.8035584146621743,0.15018041784724415,0.022554157904772845,0.4796588617206982,-0.4571047038159254,-0.9529787528080614,0.4886712747913782,0.23879961480623066,10.587831113645638,3.25389476068997,10.073879176164281,4.834169514697588,2.2604255140746323,0.07429986221274029,0.0,9.510212730683314,4.9484594602403575,175.93495928978587,0.7037398371591435
weak_heterogeneous,186,200,0.02,logistic,map,0.8,0.5,1.6710112837998425,0.6862786972194114,0.13282779208384454,-387.8443574958816,-381.9059449481848,-0.0,-1.2856452653500812,-387.8443574958816,-383.1915902135349,1,0,0.436,0.035285846835298756,0.07870924582024424,0.8274322481784004,0.9091553231242212,0.09897843888207654,0.07731097327584262,0.0066562078427523375,59.213443426485966,0.34355326988870294,0.5090418171694935,0.792767389041328,0.1497882887193902,0.0224365314374834,0.7601839042042433,-0.73774737276676,-0.9704853900307586,0.6004360364142078,0.3605234338248039,16.068590407093787,4.00856463177205,10.67592146446599,3.5400480673111345,1.9754099294399607,0.06757306624643075,0.0,18.93523685569456,4.131018321919987,153.05442409935569,0.6122176963974227
weak_heterogeneous,187,200,0.02,logistic,map,0.8,0.5,1.2957163129540992,0.8354334791305885,0.22135400003753603,-393.8004131809854,-386.919254705661,-0.0,-0.9920889354561271,-393.8004131809854,-387.9113436411171,1,0,0.5357951102397289,0.022970492908250123,0.06731704843753654,0.9578846341181042,0.98,0.09205491404482695,0.07161531783806513,0.006066124886274338,53.54146161152054,0.34478940102516037,0.5197345902792929,0.7117543270780692,0.15689642405005602,0.024616487879694997,0.3672274040694827,-0.3426109161897877,-0.9329666370022937,0.4333617969152334,0.1878024470256,7.629132471838502,2.7620884257819305,26.735028654900795,3.687552685388302,2.505680832715709,0.12859900923374198,0.0,14.840134987388257,4.305948469681172,146.48788968246856,0.5859515587298743
weak_heterogeneous,188,200,0.02,logistic,map,0.8,0.5,1.087909538990662,0.7734016529376603,0.2320089170243591,-404.0450443763061,-401.27220592947856,-0.0,-0.569515589802812,-404.0450443763061,-401.84172151928135,1,0,0.476,0.058422252345042176,0.1105440369074902,0.8411560167044757,0.9364125758740044,0.08304529252812924,0.06654067043765025,0.0062140419613569975,46.306147314676245,0.37531700999367584,0.54512159535932,0.8089137891042846,0.14507098193654924,0.021045589800034598,0.2871961693340182,-0.2661505795339836,-0.9267205065832269,0.3894768502956103,0.15169221691618923,7.207791197942091,2.6847329844776167,13.271752329209386,4.424023613737871,2.3117037009882933,0.038464637098695936,0.0,9.446088285523171,4.3148342756038724,184.09278249370487,0.7363711299748195
weak_heterogeneous,189,200,0.02,logistic,map,0.8,0.5,1.451397538731345,0.8514887839898457,0.18978983303532004,-380.5351612899618,-371.867374701727,-0.0,-1.276499760459802,-380.5351612899618,-373.1438744621868,1,0,0.46,0.038830012181271786,0.0902998726008052,0.8989894842763378,0.9332229253376715,0.07843074802510516,0.059555325786821364,0.0584822918754071,56.91674162870666,0.33362000216138976,0.5126282380142207,0.7612682351565457,0.14848960277887527,0.02204916213342816,0.4993159458449004,-0.47726678371147224,-0.9558412617964395,0.48691610581805567,0.23708729410502,10.75266682109331,3.2791259233358683,12.272045054539328,4.097560245782227,2.150807616629361,-0.013866061568974956,0.0,14.97519927395289,4.501817239625856,153.70360612763415,0.6148144245105366
weak_heterogeneous,190,200,0.02,logistic,map,0.8,0.5,1.3207881860568147,0.6472016550944512,0.14713074988685548,-397.3257021189395,-393.1731761074049,-0.0,-0.6359276306887477,-397.3257021189395,-393.80910373809365,1,0,0.5,0.05808094902476092,0.16545245663887087,0.8436549608310033,0.9574134975313806,0.0901974788544922,0.07218256761587248,0.006480582989752293,50.37263615350055,0.3670669339343391,0.5325358846745031,0.8512829216262245,0.14154141359429975,0.020033971762272625,0.533838991261971,-0.5138050194996984,-0.9624718836761751,0.5156538196301826,0.2658988616991969,13.27239874621016,3.6431303498790926,14.618466666349102,4.162651989736471,2.2495698216948115,0.05783359313109912,0.0,6.666777011003923,3.9977120153608334,199.25902651485893,0.7970361060594358
weak_heterogeneous,191,200,0.02,logistic,map,0.8,0.5,1.3517359575733352,0.6973893951209034,0.2845759999472648,-392.5877695022849,-388.8742143761363,-0.0,-0.7716964457482363,-392.5877695022849,-389.64591082188457,1,0,0.504,0.06457652817535861,0.11623499491783948,0.9028437072230884,0.9515397597603532,0.0887171629287413,0.07119654671563078,0.009525290923193097,54.147287739730615,0.32497012739332604,0.5288716315877173,0.8440765931248908,0.1497131534870233,0.022414028327029,0.5677194209117316,-0.5453053925847026,-0.9605191798951794,0.5258227109318783,0.2764895233317496,12.335556968951083,3.5122011572447103,18.024268809957363,3.5713218757109746,2.3256097360611725,-0.005639705111186643,0.0,18.374844690873186,4.119433004921989,148.04930130439115,0.5921972052175646
weak_heterogeneous,192,200,0.02,logistic,map,0.8,0.5,1.1288899377223565,0.7978010900178114,0.1465455829165876,-405.09881408178546,-401.94789742345034,-0.0,-0.6738402708012319,-405.09881408178546,-402.6217376942516,1,0,0.528,0.09431129883207086,0.16758462221846476,0.8651168658851118,0.9358137862172625,0.07387076649541979,0.05976944037716051,0.004876707913354039,48.56447021267089,0.3710599887638954,0.5394877623987011,0.7675239056479208,0.14022253017796346,0.019662357969509874,0.24976720742768294,-0.23010484945817306,-0.9212772638489667,0.36641753658996085,0.1342618111206553,6.828367753697349,2.613114569569683,11.035456255844279,5.631546256911185,2.493951717606838,0.052992104606672384,0.0,9.59135914903941,4.431765720995006,181.79381807188466,0.7271752722875386
weak_heterogeneous,193,200,0.02,logistic,map,0.8,0.5,1.0765181681271565,0.4260820001796688,0.1744605409912765,-397.65597234899354,-394.51929669927125,-0.0,-0.22745490625862488,-397.65597234899354,-394.7467516055299,1,0,0.496,0.05661752936767485,0.1259501340397495,0.8614275841627633,0.9453326596253478,0.08405510077577244,0.0671962906577242,0.009980374947190285,44.714182821351336,0.38114183003782076,0.5539833505368466,0.8087911728168793,0.1543816557497393,0.023833695632031013,0.4579763076948492,-0.4341426120628182,-0.9479586711548592,0.4789390719908932,0.229382634679498,9.624299908035324,3.1023055794095016,30.302310469276726,4.111353932862325,2.94269295487288,-0.05221160278501987,0.0,17.92112023478687,4.123110090382913,157.36039649056534,0.6294415859622613
weak_heterogeneous,194,200,0.02,logistic,map,0.8,0.5,1.4769891131355941,0.9638216016207954,0.14489233400672674,-388.03592662314935,-376.8140381524299,-0.0,-1.613358284150237,-388.03592662314935,-378.4273964365801,1,0,0.548,0.07785594154716455,0.2003526385904924,0.8812946572220633,0.9334677502462311,0.0811337438402331,0.06509488527330502,0.0049522079061716795,56.92468062276966,0.3116542572898565,0.5195821668725144,0.811151267204407,0.1410000867404346,0.019881024460810078,0.3130355285464677,-0.29315450408565763,-0.9364895590186694,0.4039250165090196,0.16315541896181174,8.20659012232631,2.864714666825705,8.592759987606227,3.9618541699787557,2.1654816214373707,-0.03280541899437349,0.0,7.707309455932356,4.000988755016483,196.10765133416083,0.7844306053366433
weak_heterogeneous,195,200,0.02,logistic,map,0.8,0.5,1.6842760455853676,0.9871901699355013,0.14106166688725352,-359.71863527672883,-345.95063243902007,-0.0,-2.0339917172552395,-359.71863527672883,-347.9846241562753,1,0,0.54,0.04159569634246951,0.1066758387849769,0.9258952713074886,0.9734081064297121,0.08400690485196094,0.06460599973014715,0.010622750036418438,59.74250225845475,0.3474277366992187,0.5142142677070097,0.6785029634801131,0.1502616550772291,0.02257856498654817,0.375523568133067,-0.35294500314651883,-0.9398744395756609,0.4342481090787398,0.18857142023846107,8.351789422879973,2.8899462664347193,10.980628395262737,3.8504259562043144,2.074888307518846,0.024283529689509222,0.0,13.453581182464367,4.4899266627761545,151.77224768467966,0.6070889907387186
weak_heterogeneous,196,200,0.02,logistic,map,0.8,0.5,1.5238892412102372,0.4437158531302913,0.13902750005945563,-392.26633586433763,-384.17020933956996,-0.0,-0.8590508136988773,-392.26633586433763,-385.02926015326886,1,0,0.504,0.03722841326979742,0.07533665188744523,0.8964560412368722,0.9678899771656477,0.08066767233358077,0.061181991145534666,0.005352500127628446,55.81925998986229,0.3385622152816537,0.5166958412603908,0.7407379012291583,0.15162989385440911,0.022991624710299374,0.8407506737901598,-0.8177590490798604,-0.9726534566940618,0.637776614126448,0.4067590095265962,17.69161660612804,4.206140345510126,11.568889683193698,4.086652514272337,2.2385478652656357,-0.04334966068271739,0.0,14.652433519513483,4.100445267869115,163.56286387116782,0.6542514554846712
weak_heterogeneous,197,200,0.02,logistic,map,0.8,0.5,1.237466390771847,0.6840303943010172,0.2562742498703301,-377.88671921683243,-374.40291095854445,-0.0,-0.5769895605239332,-377.88671921683243,-374.9799005190684,1,0,0.488,0.05332330865627463,0.09942809386439973,0.8820115861203197,0.9578363177492787,0.08528018577526195,0.06796125858465048,0.005832791794091463,50.74745482112675,0.3626290811227038,0.5369043192558721,0.7964028254066952,0.14921316856412176,0.022264569672945017,0.4367530508909442,-0.4144884812179992,-0.9490225205581806,0.46646635625794064,0.21759086152056,9.772965061389325,3.1261741892270374,8.471248336635316,4.101638373812299,2.027403044969657,0.030213174055893445,0.0,9.952960870162102,3.9097515546231127,181.1551635304956,0.7246206541219824
weak_heterogeneous,198,200,0.02,logistic,map,0.8,0.5,1.317656790683829,0.670114820593624,0.17040050006471574,-388.95141007868824,-384.1079398164087,-0.0,-0.6695107808407141,-388.95141007868824,-384.7774505972494,1,0,0.4599962242374678,0.02,0.04819620706277161,0.9280217698822778,0.98,0.09087385119159938,0.0633220988460745,0.005055792164057493,51.92504271647187,0.3489679548975549,0.5319652033321367,0.8138263230816223,0.16499522447451775,0.0272234240993965,0.5244060126783228,-0.4971825885789263,-0.9480871244012686,0.5107828831452104,0.26089915371413364,9.583627421795091,3.095743436041671,12.657904120139332,3.5185499546643535,2.20074754970652,-0.08171990392269128,0.0,12.698080310742244,4.468738252866257,151.55787890332326,0.606231515613293
weak_heterogeneous,199,200,0.02,logistic,map,0.8,0.5,1.1669717119125298,0.7828115428804673,0.18201429187320173,-390.60331444825135,-385.1471745283087,-0.0,-0.6870134381563946,-390.60331444825135,-385.8341879664651,1,0,0.524,0.03919250231314305,0.11609795355635344,0.9202396057976139,0.9571711366576315,0.08706856409220343,0.06824479392963785,0.006918082945048809,49.18306287548797,0.36253221231500043,0.5343314829167827,0.8169926693812535,0.14517742243051035,0.021076483983566853,0.36537984221582864,-0.34430335823226177,-0.9423162376562715,0.4319538340130714,0.18658411471859204,8.852715418001884,2.975351310013976,17.735739342290522,3.860122774908689,2.3770922200528037,-0.038317581547790185,0.0,12.515027109690616,4.240911304059195,161.1919838092521,0.6447679352370084
weak_homogeneous,0,200,0.02,logistic,map,0.8,0.5,1.6022819619922883,0.7037914969337621,0.48451658291742206,-392.114162365942,-383.83958037444216,-0.0,-1.1986173368095958,-392.114162365942,-385.03819771125177,1,0,0.4879999999999999,0.03381961080823517,0.10916107546190165,0.9078029726703234,0.9548566178978894,0.08722585653275658,0.06427215503167102,0.009578208904713392,57.01485022964539,0.3336639393959098,0.513824293721549,0.8700284300152491,0.14761377239841833,0.021789825801692052,0.624124041894828,-0.6023342160931359,-0.9650873474837812,0.5480902284732173,0.3004028985478236,13.78638366739473,3.71300197514016,9.474868617423295,3.959974454934896,2.013039183776685,-0.07544427449617346,0.0,8.264304248043342,4.0875728352168865,188.32800650810822,0.7533120260324329
weak_homogeneous,1,200,0.02,logistic,map,0.8,0.5,1.2085529613136838,0.7139751844329425,0.14182887505739927,-385.4762666029063,-380.9152338253688,-0.0,-0.5942375752212377,-385.4762666029063,-381.50947140059003,1,0,0.508,0.03590646713954122,0.09866368038091872,0.8962577873599512,0.9529858939001244,0.0827828406407832,0.06364090499869321,0.00550474994815886,49.78235601736394,0.35256921995118096,0.5332395978712072,0.7933926054932657,0.14967432249075513,0.022402402813066564,0.4126322782484063,-0.39022987543533977,-0.9457085545799686,0.45102017379045556,0.20341919716597273,9.080240135996716,3.013343680365171,10.829728280164339,4.359515568396329,2.2439104397380647,0.061339172864347404,0.0,18.097665601372416,4.203930759283313,154.42606427872298,0.6177042571148919
weak_homogeneous,2,200,0.02,logistic,map,0.8,0.5,2.072911567573824,0.9704336295760467,0.17300270800478756,-364.1988624764279,-348.7621088083426,-0.0,-2.692475983057569,-364.1988624764279,-351.4545847914002,1,0,0.524,0.026290126914892034,0.08144484387690155,0.9164497288172526,0.9719422250991102,0.08312517147575274,0.05746107178658771,0.030643000034615397,63.76644118025642,0.30628992165189783,0.49468836227919166,0.8203239788317757,0.14905145709218964,0.02221633686130485,0.4852936268025825,-0.4630772899412776,-0.9542208353163837,0.4967985065137765,0.24680875607431882,11.109336233742308,3.3330670910952733,23.537652557132756,4.353887333738237,2.5323110425768585,-0.07231935811452687,0.0,26.576022938415136,3.910541565750328,121.8009937671343,0.4872039750685372
weak_homogeneous,3,200,0.02,logistic,map,0.8,0.5,1.6641571643188433,0.6543403721806205,0.16299220803193748,-376.195456836345,-368.21350202441926,-0.0,-1.217745208070692,-376.195456836345,-369.43124723248997,1,0,0.508,0.05207474320640834,0.11637629456577836,0.8868011499763707,0.9513676408035453,0.06991254863124033,0.056602506471323324,0.014925542054697871,58.70361777395155,0.3050142809006717,0.5064029684179483,0.7442460121667096,0.14608691703615082,0.021341387329127215,0.7448459995310981,-0.7235046122019708,-0.9713479197813208,0.5940489257449608,0.35289412617874194,16.535669435936995,4.066407436046835,16.126775309713654,4.187082491825617,2.516136982636205,-0.03838067846841106,0.0,11.59954089354284,4.338314004331871,159.2680911679461,0.6370723646717844
weak_homogeneous,4,200,0.02,logistic,map,0.8,0.5,1.5451291339254787,0.6779177997549523,0.15020387503318489,-389.51276335495027,-384.89970390812994,-0.0,-1.0519294312027632,-389.51276335495027,-385.9516333393327,1,0,0.48,0.025731533265993114,0.09773607724012426,0.9194925692556639,0.9641476570960872,0.08019520811975485,0.06053782214128384,0.007000416982918978,56.236631361801216,0.3307711152642322,0.5160697803986355,0.7204189231990681,0.15534546567419474,0.024132213705532417,0.6304987466352084,-0.606366532929676,-0.9617251995593661,0.5627372375227963,0.31667319849478803,13.122426411390071,3.622488980161302,18.697966952101964,4.414032730130558,2.5018055607700855,-0.09968961615628948,0.0,23.417530398994643,3.7691510394485124,127.32993475264479,0.5093197390105791
weak_homogeneous,5,200,0.02,logistic,map,0.8,0.5,1.6065701128749748,0.6188262296004219,0.15823087515309453,-389.5902124219622,-385.1153109762605,-0.0,-1.0632239125534069,-389.5902124219622,-386.1785348888139,1,0,0.564,0.0517462821939244,0.13705671537295086,0.8998686708819812,0.9581675815749041,0.11160368756166826,0.08594036042723922,0.0071293332148343325,56.74932459415856,0.3272691539951336,0.5142357380902811,0.7447295113154085,0.14669611855911377,0.021519751200309564,0.6925197845355144,-0.6710000333352049,-0.9689254347949882,0.5816863135991347,0.3383589674285509,15.723182125994263,3.9652467925709574,11.278853361308157,4.131439407200433,2.271047936031206,-0.008836569132284382,0.0,14.073602754662064,4.245965128390394,152.47112562390737,0.6098845024956294
weak_homogeneous,6,200,0.02,logistic,map,0.8,0.5,1.8338803116941418,0.6058092165982426,0.20101129193790257,-395.3693113945766,-389.27792763886345,-0.0,-1.4500931857431332,-395.3693113945766,-390.7280208246066,1,0,0.54,0.08561188407498267,0.1246713705255114,0.8965041185001006,0.9481839099048196,0.07010787776880945,0.05752808775805506,0.0072254580445587635,59.393424843637234,0.32820042607229005,0.5047258341242673,0.7693021868160709,0.14677373896403767,0.021542530449483472,0.8203833575411905,-0.798840827091707,-0.973740897774853,0.6233069655330362,0.38851157328200153,18.03463034173485,4.24671995094271,13.216143003674288,4.363501187152978,2.213357771001216,-0.05559432925441187,0.0,11.8815601095673,3.768233075955762,169.9888232216654,0.6799552928866616
weak_homogeneous,7,200,0.02,logistic,map,0.8,0.5,1.1082873732846128,0.6675777674815493,0.2702965410426259,-398.83367855578695,-397.18667212251205,-0.0,-0.3795964003602267,-398.83367855578695,-397.5662685228723,1,0,0.496,0.05212008074159081,0.11007823329625516,0.8694142081782037,0.9383372140315162,0.07430650370964181,0.060944204701413214,0.011360540986061096,46.12386553048098,0.3712841265754327,0.5413648806157751,0.8386322041638284,0.15432571756693822,0.023816427102550386,0.37106429415708503,-0.34724786705453464,-0.9358159017788221,0.43643037920104183,0.19047147588956517,7.99748321061846,2.8279821800390574,15.919779165311251,4.159604841090652,2.641175863410034,0.12613939792230733,0.0,13.035476317139391,3.798899339654691,170.43614665268356,0.6817445866107342
weak_homogeneous,8,200,0.02,logistic,map,0.8,0.5,2.082747213004686,0.6063855242641016,0.14952841703779995,-393.4000405706429,-388.1190404721375,-0.0,-1.9054793490694066,-393.4000405706429,-390.0245198212069,1,0,0.54,0.10115234104273119,0.17114063907571778,0.8593883077210461,0.9396983667527641,0.09094566967393138,0.07576555510106357,0.00607704184949398,61.0938050750152,0.32825062516198794,0.5003142894544457,0.8824609195593177,0.14168840766498705,0.02007560486663956,0.9253783118571862,-0.9053027069905467,-0.9783055161230775,0.6593033306344984,0.4346808817857427,21.65219352907615,4.653191757178738,14.234935110219396,4.438417468724022,2.3640135451751605,0.0342367830094398,0.0,9.142329712769799,3.876841382311978,189.3071856159069,0.7572287424636276
weak_homogeneous,9,200,0.02,logistic,map,0.8,0.5,1.6454755578004954,0.5842133936610071,0.1604394579771906,-387.5395119740128,-379.44109377881165,-0.0,-1.0886399148362733,-387.5395119740128,-380.5297336936479,1,0,0.5,0.03210060061687086,0.0860595796230662,0.919379636404758,0.9748773577667373,0.08289587204503743,0.06573289728539959,0.10459433309733868,58.32535912472463,0.36539696209346717,0.5077940484514085,0.7430674726682672,0.1537119600314322,0.023627366656704608,0.8819061311685479,-0.8582787645118433,-0.9732087511111894,0.6573790669377872,0.43214723764799573,18.29011433761992,4.276694323612563,12.353845367115134,5.3849956685495455,2.4238046415275347,-0.03669410883315245,0.0,15.666807876477625,4.417637828019978,148.65407314098573,0.5946162925639429
weak_homogeneous,10,200,0.02,logistic,map,0.8,0.5,1.5029374160725555,0.7120691463209853,0.7192188329063356,-404.0262986797079,-400.4666720706719,-0.0,-1.0452436329765853,-404.0262986797079,-401.51191570364847,1,0,0.508,0.05227683284365729,0.16473417261261375,0.8489777710886398,0.9149975295283523,0.09379768054798261,0.07286307803052974,0.016851458931341767,55.02107061468831,0.3408892982268855,0.5156635949933887,0.727324224270761,0.14289563752903386,0.020419163224829028,0.5272407624118128,-0.5068215991869838,-0.9612716529514457,0.5110095377710752,0.26113074769300787,12.788513653462621,3.576103137978912,10.798741393628712,5.465875853616364,2.403239548092482,0.03158364597821672,0.0,8.614859946703488,4.221262252138095,193.00480729048672,0.7720192291619469
weak_homogeneous,11,200,0.02,logistic,map,0.8,0.5,1.5201217756112266,0.5732944966667638,2.4880901670549065,-382.64222902244023,-375.75806038961355,-0.0,-0.8615823140894842,-382.64222902244023,-376.61964270370305,1,0,0.5000064629160607,0.02,0.06444063656888852,0.9302535879801167,0.9590606889054516,0.09544688071480632,0.07389591938132542,0.08670862508006394,56.17182918651946,0.3717556143001648,0.5167831892129531,0.7466730303765644,0.15720252403610294,0.024712633563321523,0.7193640098801659,-0.6946513763168444,-0.9656465527550673,0.5945392139027982,0.3534768768681572,14.303488778823937,3.7819953435751263,24.383273940309437,3.8893560875251323,3.012474700293302,0.07819508738421668,0.0,15.607359863047705,3.7186918712872767,148.61688448709216,0.5944675379483687
weak_homogeneous,12,200,0.02,logistic,map,0.8,0.5,1.9469805381371168,0.6891927493588635,0.23274395894259214,-374.9157421743993,-364.3660033264847,-0.0,-1.7881177090843983,-374.9157421743993,-366.1541210355691,1,0,0.5279814187897289,0.03821386750652383,0.08310039444306834,0.9220310716036942,0.98,0.08030155273994884,0.06248584605054,0.006544125033542514,59.9934820149617,0.3328955001404267,0.5046902173719319,0.7389503266600432,0.15433641236399875,0.02381972818139027,0.851457994065148,-0.8276382658837578,-0.9720247759168168,0.6363406989385978,0.4049294851256632,16.999752559814013,4.123075618978388,14.94915697326201,4.968775984197915,2.429085572870517,-0.09637783411490913,0.0,20.034340916122797,4.75312968181386,128.09658435496527,0.5123863374198611
weak_homogeneous,13,200,0.02,logistic,map,0.8,0.5,2.1099709459614022,0.7418861568896512,0.30243337503634393,-397.1923666215907,-387.9205762697117,-0.0,-2.1924917698701076,-397.1923666215907,-390.11306803958183,1,0,0.496,0.03203341793396996,0.08191818403794428,0.8913474563498656,0.9599010407212651,0.08285354754376774,0.06085687437455469,0.011792832985520363,63.48669877816573,0.32051176891300576,0.48666469032430787,0.7656645590356068,0.14862311978354645,0.022088831734194393,0.8410095549895736,-0.8189207232553792,-0.9737353379600209,0.6332535153482362,0.4010100147008988,18.154423897399667,4.260800851647454,9.654003839185412,3.912265010603,1.9803303390169902,-0.01914387407296185,0.0,12.074280196485102,4.402828721190129,169.91082092678718,0.6796432837071488
weak_homogeneous,14,200,0.02,logistic,map,0.8,0.5,1.239504639042893,0.7033747358463267,0.23078879085369408,-379.92603248548363,-374.14182363800853,-0.0,-0.6163810465678075,-379.92603248548363,-374.75820468457636,1,0,0.508,0.028676751231926353,0.06736137161282896,0.9196208078042637,0.9738516358699258,0.07366056423191494,0.05374623797557527,0.013478625100106001,50.70332338028675,0.3305677243376222,0.5368167535880892,0.8192255122320263,0.15466163503721797,0.023920221352385612,0.40071126594307604,-0.37679104459069046,-0.9403055931155586,0.45197088010862385,0.20427767646616402,8.539957613970449,2.9223205871311326,12.876400097934738,3.7349561478584943,2.1896167401066773,-0.017675177757420613,0.0,12.483038342053343,4.205896096656589,150.65975362677574,0.602639014507103
weak_homogeneous,15,200,0.02,logistic,map,0.8,0.5,1.5277781803776844,0.897811779880992,0.23046620888635516,-392.5554646716242,-386.25653730651203,-0.0,-1.5223842111510382,-392.5554646716242,-387.7789215176631,1,0,0.536,0.06003602780875424,0.13842477996850272,0.8761510993039613,0.9603084967595666,0.09338983370329577,0.07014744274643517,0.01326587493531406,57.94639912852074,0.3398308604803987,0.5115856609645422,0.7705088048416605,0.1439445956657348,0.020720046621371876,0.48875720409017953,-0.46803715746880764,-0.9576066675887832,0.496381852742553,0.24639494373212953,11.891621106584928,3.4484229883506066,16.602304524079244,4.195980160646413,2.230006330188985,-0.04779229585408178,0.0,8.553587196145552,4.155996814199128,182.22454152943263,0.7288981661177305
weak_homogeneous,16,200,0.02,logistic,map,0.8,0.5,1.514809567845876,0.7264454199693821,0.21146745886653662,-393.2687735475838,-382.87231852451123,-0.0,-1.0942811739091474,-393.2687735475838,-383.9665996984204,1,0,0.5,0.07792871911750371,0.1145147842647482,0.856231107041442,0.9382478889436802,0.09510192531824989,0.07919859723168299,0.00871945801191032,55.63577695942263,0.3330074028745147,0.5163459313247102,0.791023321459745,0.14455059462540545,0.020894874406558295,0.5595318906485793,-0.5386370162420211,-0.9626565084925937,0.526808539408871,0.277527237194108,13.282072521431392,3.6444577815405395,10.054408783720428,3.8049883947995777,2.1456741437117954,-0.05275615718493353,0.0,10.177306196759737,3.8924608880445444,189.132621789261,0.7565304871570441
weak_homogeneous,17,200,0.02,logistic,map,0.8,0.5,2.3386484739069218,0.5462012033014936,0.4159827078692615,-379.665179593285,-368.0339759674034,-0.0,-2.3170642085794197,-379.665179593285,-370.35104017598286,1,0,0.552,0.06367590416778547,0.12571098580869547,0.9376445940836033,0.9655062762038299,0.07511721020358542,0.06188101559982157,0.019758541136980057,62.20445728242963,0.3144371619338395,0.48804406257959043,0.805063628645703,0.14986535283706318,0.022459623980977443,1.1577643327256233,-1.135304708744646,-0.980600867252403,0.7297582348804263,0.5325470813757955,23.711308872617156,4.869425928445483,15.582241889667484,4.078913893520852,2.420926518131665,-0.03531360155788221,0.0,8.515645965491728,4.336945693012005,175.06645776641486,0.7002658310656594
weak_homogeneous,18,200,0.02,logistic,map,0.8,0.5,1.5799521278388233,0.6305735811923424,0.16655170801095665,-398.9817780701785,-393.37649874695325,-0.0,-1.0339323963576954,-398.9817780701785,-394.4104311433109,1,0,0.48,0.05285634939814443,0.10650465939491502,0.8972619006608297,0.9498428482285528,0.10871988110262172,0.07818369699992715,0.004930916940793395,56.0636669688465,0.34486121589676233,0.5162521776835138,0.6987519000085187,0.14882991340434032,0.02215034312394344,0.7293140880422353,-0.7071637449182918,-0.9696285270130958,0.5946106246953984,0.35356179500065193,15.9619105231137,3.9952359784014884,17.96552704964843,3.7827143302509074,2.3218782655526415,0.040677066203283006,0.0,11.415553259575951,4.311646571377491,173.8175317833313,0.6952701271333253
weak_homogeneous,19,200,0.02,logistic,map,0.8,0.5,1.5533701454707902,0.755373589783154,0.1409849589690566,-385.81129232095407,-373.93965269781387,-0.0,-1.2211360744092412,-385.81129232095407,-375.1607887722231,1,0,0.54,0.07968521282203571,0.14486350336238643,0.9163537017263484,0.9565561807892887,0.09389649994306869,0.07633321033970614,0.007597582880407572,56.082673912413995,0.34491004918909296,0.5191262925880904,0.7421678935454357,0.144800729474686,0.020967251256401198,0.4775484511328912,-0.45658119987649,-0.9560939812354946,0.49424677642513154,0.24427987600663395,11.650543651116715,3.4132892715263257,8.649434642913016,3.910956889889265,1.8832474403662558,-0.04251382336581662,0.0,14.58083283190408,3.98516900972697,164.97681222541638,0.6599072489016655
weak_homogeneous,20,200,0.02,logistic,map,0.8,0.5,1.621168358445821,0.5588516933124176,0.13782879221253097,-389.2126207218017,-384.6861851219959,-0.0,-1.0224576739986788,-389.2126207218017,-385.7086427959946,1,0,0.508,0.04904244249325299,0.10640429391195472,0.9076400161303094,0.9512041170605905,0.08648958141524409,0.06944990704768955,0.03139429213479161,56.65097805051102,0.3370953818386047,0.5178475814041482,0.706848539106597,0.14735306765974418,0.021712926548737146,0.8740999596192811,-0.852387033070544,-0.9751596756071305,0.6437632902809503,0.41443117391335504,19.086840872561186,4.36884891848656,32.65682564097509,4.721794860939618,3.2605986835806635,0.015759748891991606,0.0,17.97627802518451,4.260674920084482,145.6528121327576,0.5826112485310303
weak_homogeneous,21,200,0.02,logistic,map,0.8,0.5,1.7837575382972553,0.6951193119923763,0.29915625019930303,-384.2634058985375,-376.11688914948445,-0.0,-1.503085180628407,-384.2634058985375,-377.6199743301129,1,0,0.556,0.04720050334304249,0.12986017334284403,0.9196150846461806,0.9654250967272833,0.11125579511741748,0.08935370155715217,0.03218937502242625,61.43153921154545,0.32456847350407536,0.4985772073616835,0.7355803173869461,0.14810083619316164,0.021933857681113694,0.6940332882004747,-0.672099430519361,-0.9683965336331563,0.5814019056116438,0.33802817584885075,15.41125053163413,3.925716562824439,20.83959483658543,4.15715197966778,2.476902967227866,-0.07732699412947722,0.0,13.832094439297212,4.068734727255571,173.05767662667827,0.6922307065067131
weak_homogeneous,22,200,0.02,logistic,map,0.8,0.5,2.3044991007537012,0.7906156279092263,0.26717862486839294,-388.8099789146802,-372.8915800118622,-0.0,-2.6586586569027406,-388.8099789146802,-375.5502386687649,1,0,0.476,0.06071945641340097,0.1106710569830976,0.8603485166390991,0.9463816627718846,0.09301956662318522,0.0737478131240736,0.005048708058893681,64.60927017747066,0.3087776778138946,0.4767091407644388,0.8919901462585496,0.14313360910862258,0.020487230056459964,0.8231914402712495,-0.8027042102147895,-0.9751124355111016,0.6207554401529118,0.38533731647943525,18.80865863357316,4.336895045256821,8.626641272379656,4.193966648412911,2.183804425230275,-0.04066764094995438,0.0,8.033057270994046,3.8806815228577025,187.2443543323433,0.7489774173293732
weak_homogeneous,23,200,0.02,logistic,map,0.8,0.5,1.4034558869877325,0.662880805212156,0.2847001659683883,-373.6845837178575,-368.554780103278,-0.0,-0.7909040768693294,-373.6845837178575,-369.3456841801473,1,0,0.512,0.0670426352918752,0.1326593976268497,0.8797972723353674,0.9424138841780466,0.08063854081184069,0.06451649355474708,0.09330054186284542,54.53331578319366,0.36548882419390843,0.5185348389118056,0.7441389800440225,0.1468701940122881,0.02157085388920715,0.5742774709408434,-0.5527066170516363,-0.9624382724715503,0.534660058882233,0.2858613785639529,13.252205037046862,3.640357817172216,9.143982111919382,4.4506271477121215,2.1106380365992345,0.00766442645272106,0.0,10.610592154998798,4.222827265214178,178.02996670463796,0.7121198668185518
weak_homogeneous,24,200,0.02,logistic,map,0.8,0.5,2.0762149433666344,0.6479364112028715,0.13861070899292827,-383.3604060968411,-373.69104905170184,-0.0,-1.9534025882617763,-383.3604060968411,-375.6444516399636,1,0,0.5160043069625029,0.02,0.057028595141684485,0.9210508161880828,0.98,0.07711095931055796,0.05945604264505088,0.006909040967002511,61.64458316323389,0.33324175794228617,0.49675461152449607,0.7642758600411815,0.1539852796865102,0.023711466360132778,0.9286986699347423,-0.9049872035746095,-0.9744680733075682,0.6590951450104096,0.4344064101762928,18.32052069570362,4.280247737655336,14.882644432674693,3.9056852897745293,2.1801690550931987,0.0028707887336096006,0.0,11.992789758274649,4.444254089400523,162.55786269140265,0.6502314507656106
weak_homogeneous,25,200,0.02,logistic,map,0.8,0.5,1.4034284374306498,0.8992116985560086,0.16949745803140104,-391.6008178493561,-385.52284201844543,-0.0,-1.32075427333868,-391.6008178493561,-386.84359629178414,1,0,0.5679618342792364,0.03213923868141058,0.07844219683312241,0.9485875827463912,0.98,0.08563865735035216,0.06682141785284378,0.0153612089343369,56.27774248920114,0.33154336406381907,0.5173335052133414,0.7406456115496339,0.16081742395474244,0.02586224384743937,0.4440644634421477,-0.4182022195947084,-0.9417601587684608,0.47148034668857924,0.22229371731358286,8.595298947179026,2.9317740273048036,12.69801412757394,3.483293351501453,1.9267526319577526,-0.07704407767532075,0.0,18.28851847893652,4.27079303202303,126.45261015304744,0.5058104406121898
weak_homogeneous,26,200,0.02,logistic,map,0.8,0.5,1.4795484887862098,0.8760130241410672,0.3239553340245038,-395.46407073904686,-388.05601954268536,-0.0,-1.385088502707933,-395.46407073904686,-389.4411080453933,1,0,0.524,0.06252407140993943,0.13273665856652192,0.8873909571160455,0.9408357546767497,0.07119231829992255,0.05784294790138088,0.024013542104512453,57.379896226017095,0.3231561781755305,0.5177720582135751,0.7421087611392251,0.14619411060199491,0.021372717974708324,0.4818154445728362,-0.4604427265981279,-0.9556412767264928,0.4923615938896219,0.24241993913752896,11.342494643142706,3.3678620285193848,10.959939169723969,3.8232005734280956,2.0807664997838033,-0.061057585125468335,0.0,16.902100154179127,3.8556738463800735,157.64830065061918,0.6305932026024768
weak_homogeneous,27,200,0.02,logistic,map,0.8,0.5,1.6697846155411147,0.7447851101932482,0.16008254210464656,-378.28234032097356,-370.961658651508,-0.0,-1.4005004949732458,-378.28234032097356,-372.36215914648125,1,0,0.46,0.03407337167795857,0.07184429469514587,0.8995164832137987,0.9608289097756675,0.10179602561882306,0.0770285747376316,0.005372541956603527,58.101403000173974,0.3449621851808833,0.5085547422743049,0.7847880839314515,0.1510282502903232,0.02280953238575651,0.5979858425819008,-0.5751763101961442,-0.9618560662117472,0.546717231740336,0.29889973148181626,13.104158666070033,3.619966666430788,21.391112784100645,3.9607228999508717,2.4018939340373127,0.11952342670636343,0.0,14.628932229809939,3.860729759954004,150.37493928348425,0.601499757133937
weak_homogeneous,28,200,0.02,logistic,map,0.8,0.5,1.3742738804402048,0.5740511944570419,0.18139733420684934,-401.4890879448628,-398.38453728417403,-0.0,-0.6236604576636922,-401.4890879448628,-399.0081977418377,1,0,0.5239823029525931,0.03258036721383904,0.08153224938905027,0.9534936290719632,0.98,0.06396910982980417,0.049558493116039166,0.020470541901886463,52.89409703008632,0.34015409853945244,0.5238889215755658,0.7825592652937658,0.16147451077290675,0.026074017629349577,0.5746534642657284,-0.5485794466363788,-0.9546265371206523,0.5400738970902086,0.29167981431820517,11.186608004356144,3.3446386956375638,17.26922963255747,3.617222085866774,2.4394573458345716,0.09360526341046588,0.0,20.742036745575106,4.05210648219689,127.98401704675402,0.5119360681870161
weak_homogeneous,29,200,0.02,logistic,map,0.8,0.5,1.367404110103077,1.0526287124130702,0.3702627078164369,-393.50345178063804,-385.97633037033114,-0.0,-1.6830908126851871,-393.50345178063804,-387.6594211830163,1,0,0.504,0.02611019212288292,0.08958243711477434,0.9050694936407611,0.9659036778860985,0.10414038662521145,0.07905331225059092,0.007572999922558665,55.45599750057846,0.3088672953471995,0.5198196607481733,0.7893951755599614,0.14852964803896318,0.022061056346578276,0.3351139639233417,-0.3130529075767634,-0.9341684957311274,0.41399801145308435,0.17139435348710816,7.769090962577223,2.7873089105043993,15.500226571427254,4.3463264997343005,2.4233189744255537,0.06178718486157968,0.0,10.08044573492403,4.67350619346337,174.36838795734542,0.6974735518293816
weak_homogeneous,30,200,0.02,logistic,map,0.8,0.5,1.2544631608613508,0.8614612975227279,0.21582487504929304,-384.4536763919127,-377.9824026617334,-0.0,-0.9966522766733854,-384.4536763919127,-378.97905493840676,1,0,0.488,0.07989119961210998,0.15188876192215445,0.8370057424317815,0.9229245467765029,0.09111170478755541,0.07496375275407681,0.006064499961212277,52.80326077990495,0.335774809598848,0.5281046796546698,0.7585506180161607,0.1420102079587443,0.020166899164485805,0.3321159995775042,-0.3119491004130184,-0.9392775440203398,0.4167237390897612,0.17365867472095137,8.611074677596779,2.9344632690829133,7.088800164185404,3.6373939056662166,1.9361680478452754,0.05914323637771536,0.0,7.673500399445111,4.239599115591771,193.17356301269544,0.7726942520507818
weak_homogeneous,31,200,0.02,logistic,map,0.8,0.5,1.9632583748671988,0.7082713980631972,0.19583429209887981,-400.51897672544595,-394.0397620784617,-0.0,-1.8544201182111109,-400.51897672544595,-395.89418219667283,1,0,0.52,0.0429520563494945,0.11912519202666276,0.8897260676723161,0.9591762285967981,0.08347147527355134,0.06549038181405596,0.007283791899681091,61.34863760070526,0.32791159170038714,0.49923561584134735,0.7109551848613761,0.14485476747201118,0.020982903659370424,0.8106669731912889,-0.7896840695319185,-0.9741164937597387,0.6256360389757454,0.39142045326526037,18.654255846543055,4.319057286786442,12.188157537490028,4.745957095080112,2.330426322527769,-0.027998041342820086,0.0,10.827177772401585,4.10146896593572,181.5285518550014,0.7261142074200057
weak_homogeneous,32,200,0.02,logistic,map,0.8,0.5,1.5793853288414632,0.6885943323889467,0.1772823331411928,-390.7359766091437,-384.93166205696474,-0.0,-1.1301443416958505,-390.7359766091437,-386.06180639866056,1,0,0.5119999999999999,0.03509585293633164,0.0942182939413921,0.9221580124436515,0.979440550161614,0.07893625736494148,0.05925766734617837,0.00951320817694068,56.54669619360071,0.33615726789637934,0.5174889870482626,0.8556068874270026,0.15188221055083376,0.023068205881807795,0.6849655737374455,-0.6618973678556377,-0.9663220944726632,0.5871628434008126,0.34476020467052715,14.945254365984928,3.8659092547530043,27.73641193929159,4.108968013792138,2.733576437445178,0.0505730795031269,0.0,30.459905898241306,4.2044389989919795,110.06150979406932,0.4402460391762773
weak_homogeneous,33,200,0.02,logistic,map,0.8,0.5,1.6172434647202583,0.7466838956698674,0.13905075006186962,-392.6771494914048,-387.3564153817038,-0.0,-1.3125128929654801,-392.6771494914048,-388.66892827466927,1,0,0.54,0.04918053286481161,0.11225574181956616,0.9419258349183885,0.9657167618311623,0.07052632934349715,0.05580230478179188,0.009403332835063338,56.15771711790259,0.31288589453592736,0.5176422054690148,0.8208239925910263,0.15041257020309431,0.022623941275100774,0.5436627028306874,-0.5210387615555866,-0.9583860707065157,0.5212844745573126,0.27173750341449354,12.011059439654735,3.4656975401287884,10.64776059125866,4.186364769346775,2.1870514976660895,0.02305493320101003,0.0,17.64726180818821,4.308962902283539,134.9878446782466,0.5399513787129864
weak_homogeneous,34,200,0.02,logistic,map,0.8,0.5,1.8061817613180302,0.6437616179788646,0.19827700010500848,-383.14216187370994,-374.1953511504871,-0.0,-1.4540952049199105,-383.14216187370994,-375.649446355407,1,0,0.504,0.043733389929519084,0.07838434780926067,0.9042102450587692,0.9569777728503748,0.08086501920032393,0.06420680422765625,0.007137582870200276,60.92984894571361,0.3219956159567489,0.49799459485813874,0.740642131807919,0.14846469427411205,0.02204176544590556,0.7955694479414791,-0.7735276824955736,-0.9722943540592991,0.613477269503089,0.37635436019696566,17.07460144790156,4.132142476718531,15.915881357581407,3.8406354567684415,2.3722939366226035,-0.07577907990874783,0.0,14.040359459034496,4.09642509112329,147.61062941842843,0.5904425176737137
weak_homogeneous,35,200,0.02,logistic,map,0.8,0.5,1.910805049507448,0.8111494438546094,0.1678587079513818,-387.1697807761582,-377.116410965628,-0.0,-1.9843366553790793,-387.1697807761582,-379.1007476210071,1,0,0.512,0.0394313955852343,0.09484485919618849,0.9221102967807652,0.961060727493338,0.08075222654220708,0.06367223193335127,0.009569334099069238,62.05542836236392,0.317679130936029,0.496698933690524,0.7963313309058975,0.15037932692082615,0.02261394196516071,0.704180946698884,-0.6815670047337232,-0.9678861774503099,0.575744605796842,0.33148185110416095,14.658295825418035,3.8286153927259443,14.329092833445186,4.121835478930823,2.3440502127363376,0.09144427321899554,0.0,13.232940078970607,3.5460411209696194,144.65489774086615,0.5786195909634646
weak_homogeneous,36,200,0.02,logistic,map,0.8,0.5,1.7944788299780396,0.8215219242346367,0.7108354158699512,-375.0251811921075,-363.3521558193569,-0.0,-1.7983945475733443,-375.0251811921075,-365.15055036693025,1,0,0.5279686776382596,0.023134831537321984,0.06835513752441283,0.942851224544694,0.98,0.10913571205224806,0.08317980557078468,0.05402858415618539,57.97828640204121,0.3314919523940664,0.5107690887500969,0.8460030821671849,0.15931800713823682,0.025382227398499276,0.5937890455061008,-0.5684068181076015,-0.9572537964608873,0.5472876601705886,0.2995237829749977,11.800531855321218,3.4351902211262213,19.87848751771555,4.301617694936767,2.807324339991541,0.019019775315022615,0.0,43.20217225591168,5.413382036804507,77.00180715417264,0.30800722861669055
weak_homogeneous,37,200,0.02,logistic,map,0.8,0.5,2.049199753770184,0.6484212520824896,0.13448320818133652,-390.0724263916114,-381.7854740341902,-0.0,-1.904559797904897,-390.0724263916114,-383.6900338320951,1,0,0.508,0.02639717062383595,0.10396835974119238,0.9238374443902013,0.9658965222890531,0.090446310834336,0.06555646830599682,0.005411749938502908,63.13817548169919,0.33944134863937475,0.4838893629917651,0.8242590832074075,0.152297643637911,0.023194572257660133,1.1889737756034675,-1.1657792033458074,-0.9804919395754649,0.7397808911547352,0.5472757669176942,23.59499286463252,4.857467742006376,23.420736704700182,5.011323619018329,2.8392978630276557,0.010380136261790206,0.0,29.32252271969932,4.748174646873729,94.57915462440492,0.37831661849761966
weak_homogeneous,38,200,0.02,logistic,map,0.8,0.5,1.9740588811264943,0.645428355127747,0.15174912521615624,-386.5160878476604,-377.37577184846987,-0.0,-1.7620305114811616,-386.5160878476604,-379.137802359951,1,0,0.5359967146252235,0.02,0.060746866430634754,0.9455140386391809,0.98,0.06365813156707317,0.04865664909793271,0.020682666916400194,63.78193889007074,0.31092798938846017,0.4854501672351019,0.7268825889628424,0.15541035370376666,0.024152378038329855,0.855823561335563,-0.8316711832972332,-0.9717787881410526,0.631806944059982,0.39918001456241314,16.527565688517875,4.065410888030615,29.4954245406847,4.658237603719707,2.9502047272988543,-0.08539210370927906,0.0,19.828903007971395,4.370693068841847,133.8613508518274,0.5354454034073096
weak_homogeneous,39,200,0.02,logistic,map,0.8,0.5,1.9152784687381712,0.8399328478944387,0.19780974998138845,-381.8919285222407,-372.50095213455813,-0.0,-2.0624090806033983,-381.8919285222407,-374.56336121516154,1,0,0.488,0.041214678331719816,0.11009301050952301,0.9149371900755249,0.9539219780684802,0.09838770328191891,0.07562684555258076,0.007282332982867956,61.11797641688065,0.3260003552344431,0.5078825896915247,0.7368244941123191,0.14588417451550997,0.021282192374071772,0.5136135690335896,-0.4923313766595178,-0.9585638042738704,0.49975534529916166,0.24975540515508432,11.735417139606486,3.4256995109913664,7.167835829205348,4.2444681425836315,1.9289281087390258,0.009313808777982118,0.0,17.29790902682624,4.138202701718833,154.42227621604897,0.6176891048641959
weak_homogeneous,40,200,0.02,logistic,map,0.8,0.5,1.506292340373927,0.9619542073597178,0.13724566693417728,-378.7599550765201,-371.57805429320626,-0.0,-1.6572292109688733,-378.7599550765201,-373.23528350417513,1,0,0.488,0.037619996281645175,0.09181795017957656,0.9224034068335356,0.9524808062282943,0.09876636373132042,0.07387841697443615,0.01065066596493125,57.7139854973832,0.3350307606627344,0.5126212124616236,0.9410345939857263,0.14622585856162218,0.021382001712083536,0.4063927520580043,-0.38501075034592075,-0.9473858684639344,0.4501115637757162,0.20260041984462063,9.475278440845216,3.0781940226121574,10.631843299522181,3.756546771977063,2.159020694917364,-0.018388522259726564,0.0,7.859420982777406,5.058529708030951,176.37522511637414,0.7055009004654965
weak_homogeneous,41,200,0.02,logistic,map,0.8,0.5,1.7306584092963633,0.5013308080729925,0.12552875000983477,-383.62255546830494,-376.9333693684195,-0.0,-1.190887596082863,-383.62255546830494,-378.12425696450237,1,0,0.5079999999999999,0.048258647012076376,0.09849479577675187,0.9053359575989863,0.9629026444281225,0.08242480863754775,0.06616376094907969,0.004963000072166324,57.569980864816586,0.3255973499132919,0.5180812622627597,0.7835576181843591,0.1501398949420573,0.022541988053211996,0.8897260342771809,-0.8671840462239689,-0.9746641244779072,0.6524657674784632,0.42571157773126,18.885272085422855,4.345718822637155,8.04893297980582,3.9996240232292064,2.0679564938307657,-0.022232800381291426,0.0,14.826405705653054,3.9500963885215876,164.0945476462889,0.6563781905851556
weak_homogeneous,42,200,0.02,logistic,map,0.8,0.5,1.5634833240687507,0.8950440342684363,0.28976516681723297,-371.451770960614,-361.935586580321,-0.0,-1.5760248654244513,-371.451770960614,-363.5116114457455,1,0,0.464,0.047591200411350405,0.10858896234914442,0.8656228411119783,0.9554404317092886,0.12797305211318807,0.09708864555861645,0.017845417140051723,57.53159312705609,0.3260691068535755,0.5127750444013066,0.7897145297035099,0.1492739594084485,0.022282714957475136,0.5158798695557044,-0.4935971545982293,-0.9568063879354978,0.5100878878825694,0.26018965336450073,11.67674827152135,3.4171257324718605,17.38666177931308,3.6488235940505103,2.2315203600846374,0.049976476196030704,0.0,12.115923583196675,3.854238249191146,173.39805249749708,0.6935922099899883
weak_homogeneous,43,200,0.02,logistic,map,0.8,0.5,1.660653197196161,0.9292611532419042,0.12822891608811915,-380.03494208650847,-371.0836188795405,-0.0,-1.8350943354429345,-380.03494208650847,-372.9187132149834,1,0,0.524,0.05272745797392143,0.13644440407813357,0.899419685256344,0.9458363232368892,0.09353360514033886,0.0712119511035159,0.005832500057294965,60.5200470111221,0.3091165113741163,0.5087259692762189,0.7699819367816397,0.14309367612511864,0.02047580014700035,0.3715191354903153,-0.35104333534331494,-0.9448862839326506,0.4388298754345903,0.19257165957393801,9.404841724934947,3.066731439975621,19.33217308493806,3.761042709989161,2.308240897585727,0.00620695136638065,0.0,18.462557561843145,4.605774569719296,135.71400539193456,0.5428560215677383
weak_homogeneous,44,200,0.02,logistic,map,0.8,0.5,2.0399234012198675,0.5649088403727172,0.13776320917531848,-383.15115609281065,-372.5258681175627,-0.0,-1.7821964276811701,-383.15115609281065,-374.3080645452439,1,0,0.52,0.04056543313049257,0.07806974918272691,0.914903585644217,0.9718366537892766,0.10063901099739857,0.08147171561910825,0.0071402499452233315,62.339938968508875,0.33264030222708885,0.48644852309400394,0.858768585383633,0.1524052208535208,0.02322735134341045,1.0147175819530236,-0.9914902306096132,-0.9771095408648534,0.6860418243415677,0.47065338474590646,20.262895144066,4.501432565757928,15.912985466858425,4.0474888523484704,2.1719622703668096,0.0454460292003918,0.0,19.984976007480654,3.7750463080973637,122.17347051272034,0.4886938820508814
weak_homogeneous,45,200,0.02,logistic,map,0.8,0.5,1.5720819050920278,0.9112788667765166,0.25831825006753206,-388.54598862507976,-378.97861993263933,-0.0,-1.6332985143247016,-388.54598862507976,-380.611918446964,1,0,0.456,0.047655315090615685,0.08722544018515406,0.8649301011107792,0.9502545592013266,0.11420899766642814,0.0894657272792443,0.008112374925985932,56.28171164146099,0.3517509772130071,0.5145809905442265,0.7287539778017432,0.14461645641941923,0.020913919467309784,0.3571848420819472,-0.33627092261463737,-0.94144790874829,0.4338091837442041,0.18819040790081262,8.99833281824433,2.9997221235048306,9.694123606372768,3.445736154668257,1.961651303438311,-0.009116204835384735,0.0,16.177193517545398,4.296311499076951,143.63830168841537,0.5745532067536615
weak_homogeneous,46,200,0.02,logistic,map,0.8,0.5,1.8205542778891903,0.7440229219193827,0.28081562486477196,-388.7829918819902,-380.18973159378817,-0.0,-1.6682586337012126,-388.7829918819902,-381.8579902274894,1,0,0.508,0.04122293291131943,0.1142762534529898,0.8864713594324314,0.9393828667233641,0.08957505225533262,0.06877494076375255,0.46745558409020305,61.6816677963233,0.31375356242046165,0.5002858521054916,0.7749783226764643,0.14584953999468273,0.021272088316660553,0.7234202141749985,-0.702148125858338,-0.9705951148449459,0.5919062293287607,0.3503529843181915,16.47007943473941,4.058334564170309,12.379230946530203,4.583907016190773,2.233234756303439,-0.009010526079745233,0.0,10.984752047768836,3.99006579010769,179.14623792548207,0.7165849517019283
weak_homogeneous,47,200,0.02,logistic,map,0.8,0.5,1.4090268793561942,0.9625666081905716,0.513481792062521,-386.33650980813223,-379.67730752740636,-0.0,-1.498846382805141,-386.33650980813223,-381.1761539102115,1,0,0.476,0.07028636254129746,0.13146111486834922,0.8419757922800921,0.9105360073901215,0.10132763154016458,0.0818694997378098,0.005733750062063336,56.261867395660346,0.32764755760517184,0.517882280700485,0.6983295442728903,0.14144885579082242,0.020007778804532875,0.3341345563688599,-0.31412677756432705,-0.9401205938650483,0.4130870302706184,0.1706408945777988,8.528727563658348,2.920398528224932,15.762201702801631,4.352572487377354,2.4209990146414815,-0.042472230230972664,0.0,9.987586160205849,3.911413141145024,188.4249060524686,0.7536996242098744
weak_homogeneous,48,200,0.02,logistic,map,0.8,0.5,1.3634107101140045,0.7069544744080447,0.3208168330602348,-373.89233615743,-368.1740677976449,-0.0,-0.8083895306479256,-373.89233615743,-368.9824573282928,1,0,0.4920269403908631,0.02,0.0916056099013894,0.9240406353456243,0.9757779913985092,0.06857590275362876,0.0526386798937145,0.011913208989426494,53.682729790025874,0.3637351479907073,0.530716030256766,0.7326792446963705,0.15308921839531542,0.023436308788888582,0.48308735717587187,-0.4596510483869833,-0.951486395905914,0.4959995783563358,0.24601558172966287,10.497198340649174,3.239938014939356,23.881879251028693,4.0008755550534865,2.650917342125062,-0.1038832777288975,0.0,12.341027381755673,4.275031915340141,150.56766262121732,0.6022706504848693
weak_homogeneous,49,200,0.02,logistic,map,0.8,0.5,1.7917589063347235,0.5973610085651803,0.15508962515741587,-377.23946904146425,-366.716211268315,-0.0,-1.3636790950988054,-377.23946904146425,-368.0798903634138,1,0,0.5080082181891656,0.02,0.07936359414460038,0.9312663413311889,0.9720609115065597,0.09677922375578395,0.07282528675047265,0.0058644169475883245,60.66426985311398,0.3263863917141717,0.49869156456170627,0.7908624237348317,0.15156679998109698,0.02297249485650986,0.8199908785683283,-0.7970183837118184,-0.971984450733624,0.6235352319284492,0.3887961854560649,16.924421482496896,4.113930174723059,11.419100565692684,3.5805874800371873,2.069123930201338,0.052870049227582615,0.0,12.029149252867,5.0878059634517765,155.35037538206473,0.6214015015282589
weak_homogeneous,50,200,0.02,logistic,map,0.8,0.5,1.3328625182598892,0.6118637262664929,0.11982204206287861,-400.6630667135373,-398.1625907040532,-0.0,-0.6026926677911731,-400.6630667135373,-398.76528337184436,1,0,0.5,0.043323437196159165,0.08549882013116562,0.8889029470381081,0.9461410826048687,0.07055540435414402,0.055924519039370665,0.008643999928608537,51.60591605188224,0.3498166137768641,0.5326081153978242,0.8768102609255048,0.1545380744660651,0.02388201645967908,0.5977667279407255,-0.5738847114810464,-0.96004793284171,0.5435996617905247,0.29550059229877285,12.373351839769384,3.517577552772559,41.07372101293622,4.242824282667974,3.47279615347744,0.1745787326294937,0.0,17.914572924920588,4.1545955165111055,150.42735475327618,0.6017094190131047
weak_homogeneous,51,200,0.02,logistic,map,0.8,0.5,1.7707053280688771,0.9585635085089819,0.24098674999549985,-391.6764156656402,-385.6718752190719,-0.0,-2.1096822988793056,-391.6764156656402,-387.7815575179512,1,0,0.46,0.0360039124352012,0.09928731631074682,0.8504632391774346,0.9203106624336218,0.11274744963517276,0.08983317675704734,0.011137415887787938,60.69385667987436,0.31525081841014274,0.5039973803527045,0.8088499279818846,0.14538908831890515,0.021137987002202402,0.4299825320019704,-0.40884454499976797,-0.9508398936492016,0.4682875866132578,0.21929326377606945,10.374368370707245,3.220926632307424,11.745169899710541,3.997880543665913,2.138924943982832,0.0011717793485289433,0.0,11.0867810874764,4.019706997386088,185.2762196519265,0.741104878607706
weak_homogeneous,52,200,0.02,logistic,map,0.8,0.5,1.5208462770569529,0.6995001951574155,0.18868374987505376,-390.7357380215267,-383.22012721836114,-0.0,-1.0508493167664763,-390.7357380215267,-384.2709765351276,1,0,0.5679999999999998,0.08370425859304367,0.1343176530212397,0.9342916400031811,0.9643119527911356,0.08928386131131817,0.07271724542957193,0.005677874898537993,57.67697417371102,0.336164657386622,0.5075068902146256,0.7458879806009915,0.15117672860235923,0.022854403270911382,0.6666172694205464,-0.6437628661496351,-0.9657158547800938,0.5722936227733032,0.3275199906669919,14.330717226988492,3.785593378453171,27.569393265443075,3.9600619467691636,2.986580136650069,-0.12120008228429323,0.0,27.28282583194088,4.225771976166301,113.97983233688909,0.45591932934755636
weak_homogeneous,53,200,0.02,logistic,map,0.8,0.5,1.776093776447799,0.6012072551242303,0.18102112505584955,-375.37344805276285,-363.6052822204362,-0.0,-1.3401601936899354,-375.37344805276285,-364.94544241412615,1,0,0.548,0.04402648053615975,0.12367924064004668,0.9323629089357627,0.9782065373103823,0.08369886766227246,0.06786662787277305,0.010206040926277637,58.60110522611048,0.32191206882708856,0.5114118963634118,0.7066522224341818,0.15172436126688682,0.02302028180184479,0.9797910900913442,-0.9567708082894995,-0.9765049080006447,0.6804523656337802,0.4630154218966077,20.113368979675254,4.484793081032307,7.7045806682223095,3.730802959712794,1.8123277900263615,0.022640838961136424,0.0,15.499006671335064,3.959016485929893,149.5348602204848,0.5981394408819392
weak_homogeneous,54,200,0.02,logistic,map,0.8,0.5,1.9227548965261776,0.7564774354132929,0.16358491708524525,-379.38886451771737,-369.7171944631937,-0.0,-1.8808151646525526,-379.38886451771737,-371.5980096278463,1,0,0.544,0.047457865554928876,0.10468889405819194,0.9228222863784611,0.9611991135465714,0.06614351767188874,0.05196575531257609,0.005574750015512109,61.19526585344882,0.3111596678901162,0.49727057162102417,0.7735548013671057,0.15145312239905356,0.022938048284422703,0.6252028335884323,-0.6022647853040096,-0.9633110295537741,0.554484538555109,0.3074531034966722,13.40362962377512,3.6610967788048323,19.424230381244776,4.292730528698218,2.410688611953998,-0.08795054681827227,0.0,21.0645691387494,4.592467447680299,136.69849877204996,0.5467939950881998
weak_homogeneous,55,200,0.02,logistic,map,0.8,0.5,1.9117931898173217,0.822533192882202,0.13338895910419524,-369.95513240847146,-357.96633699865254,-0.0,-2.0134986198798166,-369.95513240847146,-359.9798356185324,1,0,0.564,0.09145450421822952,0.1675334972656466,0.9172256967249788,0.9581289594175821,0.07527839683957452,0.05935920696110645,0.20884545892477036,59.84588569197982,0.3212549307861838,0.5155716131256495,0.7527486112614057,0.1447331348025798,0.020947680309781738,0.6566150996738888,-0.635667419364107,-0.9680974739688661,0.5690043547562535,0.3237659557315804,15.455933589954325,3.931403514007984,34.98259136722055,3.6221458880654755,2.988020913516498,-0.13543967995269632,0.0,22.021507083560472,3.767355097724898,126.77449770858485,0.5070979908343394
weak_homogeneous,56,200,0.02,logistic,map,0.8,0.5,1.646389087920008,0.7223250185886428,0.30996912508271635,-378.05136988323824,-368.25380498447277,-0.0,-1.3124350510982998,-378.05136988323824,-369.56624003557107,1,0,0.528,0.06556506345427832,0.1390829063703563,0.8909588047210907,0.9454821377325547,0.07560444962206372,0.06041641131339695,0.009877917123958468,57.22196816015283,0.3211154273400963,0.5198094410597359,0.7288206847348954,0.14462358498033198,0.020915981332563303,0.6067798040887117,-0.5858638227561483,-0.9655295360992183,0.5427515803538072,0.2945792779765552,14.083932916785301,3.7528566341901874,14.176369669257873,3.8543172342835987,2.2790843397104847,0.04027274435598717,0.0,16.528665070842926,4.9524484496281875,152.66869694628448,0.610674787785138
weak_homogeneous,57,200,0.02,logistic,map,0.8,0.5,0.849828595982264,0.5561885894760589,0.27187462500296533,-397.5321352332795,-397.3742006461075,-0.0,-0.029986079438180414,-397.5321352332795,-397.4041867255457,1,0,0.524,0.06108922858416242,0.13042831238941835,0.9005936577055718,0.9442777518241106,0.11071928789732889,0.08224624533196909,0.006860542111098766,38.83139386177641,0.3948870064065905,0.5808175120890131,0.8759851925211155,0.14500440216820368,0.02102627664815815,0.2169197845581758,-0.19589350791001764,-0.9030688846986241,0.3383864493245174,0.11450538908645419,5.445823385781647,2.333628802055213,10.071248066283438,4.059757624140571,2.1398976992201844,0.0619279402361612,0.0,17.946153156697143,3.5777091885697896,149.33267378724315,0.5973306951489726
weak_homogeneous,58,200,0.02,logistic,map,0.8,0.5,1.4488814480927172,0.6204027482758421,0.24398891697637737,-383.7211262840884,-377.42969750384117,-0.0,-0.7986239201907627,-383.7211262840884,-378.22832142403195,1,0,0.492,0.04276532917227009,0.09038959584225756,0.9107340272368203,0.9639262766696606,0.07608535300560577,0.060884149294319845,0.011663124896585941,56.35030029126446,0.3382920582429574,0.5110315243170082,0.8292767278203703,0.15382738602488008,0.023662864691247468,0.7798198317235544,-0.756156967032307,-0.9696559849741858,0.6126193427261185,0.3753024590821814,15.860398306761228,3.9825115576431447,12.391273759167728,4.106697973403623,2.2010166811979395,0.041500203214517965,0.0,20.56325110588514,4.615377656185843,140.20163214482898,0.5608065285793159
weak_homogeneous,59,200,0.02,logistic,map,0.8,0.5,1.8651002257273679,0.7230316028451427,0.157034165924415,-384.37985891006787,-377.2011979262318,-0.0,-1.705076476282681,-384.37985891006787,-378.9062744025145,1,0,0.508,0.06589067173420168,0.13097615977162125,0.9046896260966868,0.9625957627837071,0.09245358085199368,0.0711727443101227,0.005163209047168493,58.93147397710337,0.3133883291632357,0.5148915194963084,0.8089131917364374,0.141319757317309,0.019971273808223108,0.7524447190138808,-0.7324734452056577,-0.9734581514049344,0.6078607978307821,0.36949474953947486,18.50131108749491,4.301315041646555,16.24239358804766,4.773795462338717,2.4996100248442703,0.029659909131414808,0.0,12.229825431444775,4.2352514006280595,168.92698112758305,0.6757079245103322
weak_homogeneous,60,200,0.02,logistic,map,0.8,0.5,1.6622217782046589,0.7316773915042339,0.12861629202961922,-373.98447550187007,-365.5407907834167,-0.0,-1.359508613989029,-373.98447550187007,-366.9002993974057,1,0,0.49999999999999994,0.034139521432392524,0.10022499124372782,0.9053231518333047,0.9607059101631307,0.08664064866106072,0.06492033984871877,0.00514533300884068,57.86170857118613,0.35870890651583315,0.5093634217130398,0.7326999906907155,0.1468547358054005,0.02156631342847398,0.6638888476692778,-0.6423225342408039,-0.967515174408808,0.5770835016259026,0.33302536784881315,15.44192376473209,3.9296213258699737,10.302561870508939,4.337635214395538,2.045402700286956,0.03465643236955769,0.0,9.693494832408764,3.9137908237762677,182.51668110921344,0.7300667244368537
weak_homogeneous,61,200,0.02,logistic,map,0.8,0.5,0.8962608500406302,0.7807102469527033,0.3434372909832746,-400.92603769409686,-399.5129591205464,-0.0,-0.4229304590762726,-400.92603769409686,-399.93588957962265,1,0,0.58,0.08412587553844435,0.16771646580916208,0.9116623207386767,0.9664174516827839,0.09272846756408121,0.07375078239556924,0.08609474985860288,40.17196629399035,0.35075129384329523,0.5727643396043903,0.8866415505263608,0.14824929301375026,0.021977852879076783,0.1749448317525673,-0.15296697887349053,-0.874372665606029,0.30359219201373583,0.09216821905170505,4.193686233082872,2.047849172444805,23.164624386011162,3.988991456552744,2.5104920009755625,0.08172429463208322,0.0,16.59125466494771,4.537535033887054,156.6175462246757,0.6264701848987028
weak_homogeneous,62,200,0.02,logistic,map,0.8,0.5,1.6528194578386648,0.773386521642887,0.2197057909797877,-396.5765977240861,-389.764283205318,-0.0,-1.4335566259697763,-396.5765977240861,-391.1978398312878,1,0,0.544,0.059020903317442065,0.17101368810052223,0.8804859358422608,0.9343556709888001,0.08825841851448897,0.07128979953760031,0.004820165922865272,59.457860721352304,0.3326861301270149,0.5124597646410123,0.6893735451381022,0.14292307399392684,0.020427005079873488,0.6120629263083016,-0.5916359212284281,-0.9666259722622307,0.5449272063304705,0.29694566019913116,14.53691615770481,3.8127308005817575,12.849693146089463,3.8990482976370866,2.240112259774947,-0.0024120012972820744,0.0,8.372549503098707,3.8919224837592608,192.72152377902836,0.7708860951161134
weak_homogeneous,63,200,0.02,logistic,map,0.8,0.5,1.2700919898839076,0.5947974484941626,0.1973693328909576,-377.69533199928935,-372.9845779883347,-0.0,-0.48760130169292526,-377.69533199928935,-373.4721792900276,1,0,0.452,0.027900035626234852,0.0839255262777452,0.89307477751748,0.9516679514137552,0.10127797447068279,0.0732518770117494,0.007481541950255632,51.00388403107,0.3505005160651884,0.5377413796386052,0.7898176876247643,0.15110467640764755,0.02283262323225988,0.5160094334481571,-0.4931768102158972,-0.9557515391149262,0.5077132486436969,0.2577727428483364,11.28966830601107,3.360010164569606,8.080859085820467,4.539541680721174,2.1216761519939906,0.09956943025156312,0.0,17.279379699921183,3.929805392063413,151.66009348896793,0.6066403739558717
weak_homogeneous,64,200,0.02,logistic,map,0.8,0.5,1.5767631547894776,0.6532041384124606,0.18058537505567074,-376.00836869133803,-368.6219250509757,-0.0,-1.0636513376128816,-376.00836869133803,-369.6855763885886,1,0,0.496,0.02771050691310748,0.10016972318413304,0.9033390379346659,0.9542234577497116,0.08540343988710297,0.06317637254803975,0.006070666015148163,56.5181597838269,0.3573017248920633,0.5179293003704216,0.6992651809335714,0.14821791916230787,0.021968551560804427,0.6655283228343918,-0.6435597712735873,-0.9669908089452249,0.5694445939729411,0.3242671456050078,14.76051548994949,3.8419416302111475,23.713064985724884,3.86190635739316,2.608404442559172,0.036529728395627174,0.0,36.087394688798895,3.74487681582446,97.90377815471058,0.3916151126188423
weak_homogeneous,65,200,0.02,logistic,map,0.8,0.5,1.9277873010216544,0.4973811553590537,0.12307550013065338,-399.1782354456214,-394.0532132019957,-0.0,-1.547153422940042,-399.1782354456214,-395.6003666249357,1,0,0.48,0.037932082090085036,0.0597978953887107,0.9258046576886659,0.967847709270738,0.07579087598657543,0.05668359767847259,0.015658000018447638,60.23269639371004,0.3132877169867335,0.4995886193160705,0.7601030435191295,0.15532173523069137,0.024124841435072996,0.9866675334749417,-0.9625426920398688,-0.9755491686747736,0.6831824912036119,0.46673831628717316,19.346793119585985,4.3984989620990005,31.12303903853589,3.958659834534275,2.8952922955965725,0.037319129811687335,0.0,25.0742266993518,4.148458924405295,130.8404053967775,0.52336162158711
weak_homogeneous,66,200,0.02,logistic,map,0.8,0.5,2.231195620358353,0.6954949070055334,0.22153575019910932,-385.87059127528084,-369.7395041348962,-0.0,-2.3218642048936307,-385.87059127528084,-372.06136833978985,1,0,0.488,0.06932953235675313,0.1331677439684977,0.8612168774150049,0.9452640360885038,0.08878794139021325,0.07137177916662442,0.007274250034242868,64.2359733789463,0.3041972233885151,0.4841192465250078,0.7840747950580099,0.1450463664830769,0.021038448429943055,0.8782692488676811,-0.857230800437738,-0.9760455595398938,0.6500729758142674,0.422594873884017,20.086788970737842,4.481828752946485,7.196694288197946,3.9970101291328137,1.983879913699701,-0.006423057244028143,0.0,18.26952388409425,3.8764180068897818,156.20054272113214,0.6248021708845285
weak_homogeneous,67,200,0.02,logistic,map,0.8,0.5,1.367881724964541,0.8306223401501451,0.18209758307784796,-402.0836696073058,-398.1056029853562,-0.0,-1.0907135232994052,-402.0836696073058,-399.1963165086556,1,0,0.52,0.025279289782120004,0.10191553538531635,0.9085135146240256,0.9568704014300097,0.09792627195273962,0.0733700035163289,0.007414082996547222,52.431586427414416,0.3640971777841288,0.5335382189134755,0.8428146881014461,0.15461579705075046,0.02390604469763885,0.394358284863127,-0.37045224016548817,-0.9393798847006952,0.45230091597565125,0.20457611859241315,8.55750590195369,2.9253215040322815,16.33979397261843,3.955528540344895,2.6745608221174164,0.09640742762061302,0.0,15.33307892920769,4.310292221831964,143.96094300231556,0.5758437720092623
weak_homogeneous,68,200,0.02,logistic,map,0.8,0.5,2.0164470713754907,0.8005140160281249,0.2338398329447955,-392.8204032354354,-383.08713950464397,-0.0,-2.1523441092809534,-392.8204032354354,-385.2394836139249,1,0,0.49600000000000005,0.04488980627579807,0.10903452130793254,0.902106437982301,0.9427924479729115,0.08792754542485728,0.06920853974530389,0.006298125023022294,62.120945375933594,0.31802913431892715,0.4928476942284613,0.7624890086402318,0.14815041955550268,0.02194854681447147,0.8137959986298988,-0.7918474518154274,-0.9730294240185208,0.621896131787424,0.386754798732161,17.620975183521473,4.1977345299007975,16.783897221098858,4.993501470148515,2.7327190294814367,-0.05794640095781953,0.0,11.687726840056492,4.470912911739525,176.1020041722395,0.704408016688958
weak_homogeneous,69,200,0.02,logistic,map,0.8,0.5,1.6111626846943283,0.5680552982505849,0.16114216693677008,-391.9690854688357,-383.163382543613,-0.0,-1.012847962313156,-391.9690854688357,-384.1762305059262,1,0,0.52,0.06926114606386878,0.16191391322551027,0.8780136714732397,0.9569406463756012,0.07970694740863708,0.06711365955920838,0.011179332854226232,58.31163773216437,0.32612228276094724,0.5077746992680193,0.7451207916833004,0.14248071362253814,0.020300753754387724,0.8667387349634761,-0.8464379812090883,-0.9765780010336756,0.6422758600259683,0.41251828037209715,20.320343045535296,4.507809118134362,11.375249863612073,3.6537035147476384,2.169264809452518,-0.008391333141347936,0.0,7.0664168841083175,3.983816838179552,196.0338662875855,0.784135465150342
weak_homogeneous,70,200,0.02,logistic,map,0.8,0.5,1.5132544972043698,0.5370602320705274,0.218447667080909,-378.8701600789016,-369.8375287264965,-0.0,-0.8227983900105975,-378.8701600789016,-370.66032711650706,1,0,0.48,0.028839035380367434,0.0698447224786555,0.8971626722946253,0.9719207265306247,0.08767761999693811,0.0604117568722476,0.07931875018402934,57.36910964348207,0.33887060133690794,0.514984316707217,0.7341063522340543,0.15820617511725932,0.025029193845232924,0.9278642373097992,-0.9028350434645662,-0.9730249395991365,0.654645476926783,0.4285607004606952,17.122433231796602,4.137926199413977,19.081132555079922,4.569183026724205,2.5388950749400148,-0.008618940074261972,0.0,19.464491138513317,4.183477159709968,128.158139601956,0.5126325584078241
weak_homogeneous,71,200,0.02,logistic,map,0.8,0.5,1.46158813016546,0.6561003427447535,0.15729683288373053,-391.5751472328709,-387.1932235896968,-0.0,-0.8740633123881603,-391.5751472328709,-388.06728690208496,1,0,0.49999999999999994,0.02394409452113605,0.07227225572005874,0.9275529489462614,0.975306863834747,0.0773481214171574,0.05595987563711528,0.0312136251013726,56.82424524850984,0.332663618789937,0.5142231076774295,0.7283907985822619,0.15740719753160445,0.02477702583475354,0.5920142998309157,-0.5672372739961622,-0.9581479267615157,0.5423600393233577,0.2941544122548342,11.872063023893608,3.445586020388057,16.288576121374028,3.834065955831433,2.1445296713198427,-0.056203665940799584,0.0,14.218187440128744,4.086382793184315,164.78015779601537,0.6591206311840615
weak_homogeneous,72,200,0.02,logistic,map,0.8,0.5,2.474459503394492,0.6363021500707515,0.20943154115229845,-386.71935015616873,-371.16592672906694,-0.0,-2.6662547219335857,-386.71935015616873,-373.8321814510005,1,0,0.56,0.11857882545621662,0.19663578851425767,0.8804778123586765,0.9265737985634934,0.10474011288343739,0.0836923882494957,0.014237374998629093,63.44484285351781,0.32615971585492276,0.4918974570312096,0.8408006325588498,0.1394705570422452,0.01945203628167417,0.9831544893480351,-0.9637024530663609,-0.9802146697264501,0.6765323057772679,0.4576959607603066,23.529462629652997,4.850717743762566,8.046692010593455,4.142941651350175,2.0795468715301193,0.033808555737342746,0.0,9.467943618203963,4.341155842436833,183.12486913837108,0.7324994765534844
weak_homogeneous,73,200,0.02,logistic,map,0.8,0.5,1.5159688120889228,0.6745970050726301,0.23318350012414157,-379.1256594486833,-372.4704352034617,-0.0,-0.9965581929619178,-379.1256594486833,-373.4669933964236,1,0,0.48,0.05044786664207771,0.13288832601103948,0.8579462087718135,0.9282751966652204,0.09599058040945786,0.07814682903955787,0.020578375086188316,55.548942562119066,0.33669795474541425,0.5207434387119017,0.8700559560467465,0.14503893537182447,0.02103629277379227,0.5936384560388905,-0.5726021632650983,-0.9645637971061394,0.5398396107821459,0.2914268053694188,13.853524882126008,3.722032359091738,15.869894972544639,3.927084133108176,2.186358529944193,0.06665627826760802,0.0,10.785409744549973,4.353053269771423,175.42440470762185,0.7016976188304874
weak_homogeneous,74,200,0.02,logistic,map,0.8,0.5,1.1526935986182756,0.8554140441538286,0.23939833417534828,-398.4360539587011,-394.1549891304943,-0.0,-0.8434975455286244,-398.4360539587011,-394.99848667602294,1,0,0.5639317825122776,0.02131709058846351,0.11752022489284605,0.9642043896087722,0.98,0.10342921426454858,0.0831987366637146,0.014956208178773522,47.878497092392166,0.4018762304236325,0.5387386712493114,0.7463487208982291,0.1534252845872626,0.02353931795068252,0.2328710872867667,-0.2093317693360842,-0.8989169577685904,0.3487238206188155,0.12160830306698382,5.166177852806386,2.272922755574062,14.130541517064888,3.620249537833418,2.3886661673716643,-0.05424391015349182,0.0,36.36671491997649,3.968285710270772,89.76661875780893,0.35906647503123573
weak_homogeneous,75,200,0.02,logistic,map,0.8,0.5,2.318254038584599,0.6210502899856462,0.3531595410313457,-378.9215893595505,-368.3855726295541,-0.0,-2.358020674560219,-378.9215893595505,-370.7435933041143,1,0,0.512,0.03720496713469335,0.09843192169206691,0.9180014662094277,0.9464233264950784,0.08034688465140477,0.06254058532525432,0.005798458820208907,63.05655471970427,0.3415345636573334,0.48819277385488125,0.8001682061532321,0.1488164690275286,0.022146341453821376,1.006524244943048,-0.9843779034892267,-0.9779972101366774,0.6793714304758263,0.4615455405467705,20.840712742967767,4.56516294812877,13.651631013903613,4.402444275720716,2.2532471016885784,0.023388595653160947,0.0,18.66483927764085,4.443760446777845,144.46738057145467,0.5778695222858187
weak_homogeneous,76,200,0.02,logistic,map,0.8,0.5,1.9926284131202376,0.7038452563771969,0.7859713749494404,-381.98654272124804,-371.6967524567804,-0.0,-1.899530880146535,-381.98654272124804,-373.59628333692694,1,0,0.5,0.027154658539730418,0.08602210024901191,0.8989264720187577,0.963642076708082,0.07648475690490228,0.05602737900167924,0.007421625079587102,61.42736324594002,0.3322899678666189,0.5012708030469655,0.8346928724912418,0.15155131686972137,0.022967801644946696,0.7815228636471027,-0.7585550620021559,-0.9706114782902655,0.6221298968945305,0.3870456086099991,16.851661059827887,4.105077473060391,10.235603793062202,3.8103082625236735,2.0820083334824786,0.07028836972259618,0.0,8.633255513038222,4.194187488914209,178.59792455355233,0.7143916982142093
weak_homogeneous,77,200,0.02,logistic,map,0.8,0.5,1.39135089538275,0.4846186940997003,0.23261070810258389,-372.3880954502858,-367.6741892257498,-0.0,-0.6144970903731015,-372.3880954502858,-368.2886863161229,1,0,0.548,0.07622608020761583,0.13997395644398494,0.9117715740723856,0.962628331830439,0.07587481186231995,0.05951395347774903,0.007854917086660862,53.22599119177089,0.32280814052638435,0.527967791877124,0.8353800275651186,0.14805409599023023,0.021920015339484306,0.7766155370855241,-0.7546955217460398,-0.9717749461699601,0.6153019136211196,0.3785964449058118,17.271723538616772,4.1559263153497765,19.070327651428467,4.005708534835627,2.389679742840616,-0.03540568332765846,0.0,12.60773801216944,4.521428910365809,166.4288078781145,0.665715231512458
weak_homogeneous,78,200,0.02,logistic,map,0.8,0.5,1.4795233108156778,0.7804578470326603,0.2631802500691265,-383.5210274264467,-376.0795661125111,-0.0,-1.152649681454376,-383.5210274264467,-377.23221579396545,1,0,0.528,0.04950308021838447,0.10954940168258305,0.9361864162602509,0.9662236508415188,0.08576402279021855,0.0688958193493447,0.009447958087548614,55.36375887382569,0.32062777023983624,0.5192824552422755,0.8396811454934682,0.1487266716565185,0.022119622862025866,0.5804936246095855,-0.5583740017475597,-0.961895149362058,0.5399695115802317,0.29156707343619387,13.181376339681869,3.6306165233582393,9.48474610637998,4.604760163951133,2.1573489517619135,0.020483126144344013,0.0,28.84396990486319,3.928461244060878,121.84919583196815,0.48739678332787256
weak_homogeneous,79,200,0.02,logistic,map,0.8,0.5,1.4806914543960936,0.6806073895342175,0.19155795802362263,-392.60750784758375,-385.52800474122546,-0.0,-0.9482499560880048,-392.60750784758375,-386.47625469731344,1,0,0.556,0.057737383886115747,0.13487983207592077,0.9294533058570144,0.9761478225258822,0.07299858604634332,0.058416274947462196,0.0113732919562608,56.07470392865915,0.32625413660480945,0.5165684634989336,0.8462027914090783,0.15186462656676258,0.023062864802262252,0.627047148522625,-0.6039842837203627,-0.963219887281841,0.5606449972719363,0.31432281296604947,13.628957879301158,3.6917418489516787,52.70147460156159,4.4554094200421375,4.111499891371541,0.19580542822681501,0.0,41.92489348551541,4.047745759774405,85.14167564726918,0.34056670258907673
weak_homogeneous,80,200,0.02,logistic,map,0.8,0.5,1.657771906620867,0.7626745667619566,0.27373441704548895,-389.9882908829742,-380.3115655393844,-0.0,-1.4183135294624236,-389.9882908829742,-381.7298790688468,1,0,0.512,0.03708455086824049,0.08109082586532829,0.9161646438712049,0.9790508376818343,0.0729072327253451,0.055601329870644506,0.017463125055655837,58.20701406354498,0.3153460487336501,0.5133546129907257,0.8165152346849297,0.15186367930355274,0.023062577091612312,0.6797439132125331,-0.6566813361209208,-0.9660716681042182,0.5717439697364645,0.3268911669300112,14.174095359399322,3.7648499783390204,9.83715804320996,4.322964581474872,2.0532869040186212,0.06547485731402765,0.0,26.9654067957557,4.347244265942801,115.0703664468512,0.4602814657874048
weak_homogeneous,81,200,0.02,logistic,map,0.8,0.5,1.8867022058122023,0.6753807100438799,0.35576429194770753,-385.5406281358307,-380.65164045794194,-0.0,-1.653041772468267,-385.5406281358307,-382.3046822304102,1,0,0.492,0.06283393435878648,0.12240929989784922,0.8714541962336068,0.9375627078057881,0.08441030008398491,0.06805811745168322,0.0093538339715451,59.33971606958447,0.33108780871234966,0.5056210875999286,0.6972312118192775,0.14598080470937994,0.021310395343598125,0.7005388234037597,-0.6792284280601616,-0.96957999381097,0.5857379874186777,0.34308898990528297,16.09960699337052,4.012431556222551,13.579050323050717,4.47691316301137,2.3726430244776795,-0.040985401716712645,0.0,15.071739007759954,4.308607795324703,162.5395528819163,0.6501582115276652
weak_homogeneous,82,200,0.02,logistic,map,0.8,0.5,1.831928662593799,0.8229499730653046,0.299624958075583,-391.6448434182173,-385.3664897292191,-0.0,-1.869447670553396,-391.6448434182173,-387.23593739977247,1,0,0.48,0.058561238541328095,0.12861266070756647,0.8427939806493902,0.9378128470254995,0.11310688797064893,0.0874653417522394,0.007209209026768804,60.42784248394766,0.32455162502671253,0.5085398011957913,0.7702505559327072,0.1421262261215501,0.02019986415155399,0.5449825087919007,-0.5247826446403467,-0.9629348395119463,0.5182952756795874,0.26862999279177957,13.298603930022653,3.646725096579485,18.52169827048576,4.247809955130996,2.5352502874284157,-0.0489941307549748,0.0,11.99933793641616,3.5126937657980495,177.40782482674274,0.709631299306971
weak_homogeneous,83,200,0.02,logistic,map,0.8,0.5,0.9267651236012381,0.6573145658436498,0.19481558306142688,-386.9148750126928,-386.1042190635861,-0.0,-0.1929342491295392,-386.9148750126928,-386.29715331271564,1,0,0.4480102498768579,0.02,0.08209939863833106,0.8882815924793075,0.93988443577332,0.11891076468250592,0.08821585693860481,0.010272667044773698,39.290192786971666,0.38397498612215547,0.5806941372342822,0.8668904494235083,0.1487752241931158,0.02213406733371187,0.18121893290384433,-0.15908486557013246,-0.8778600724602196,0.3145039258213404,0.09891271935703519,4.468799966393144,2.113953633926994,11.115832493180909,3.837131476033776,2.0774561658114994,0.02689200061948504,0.0,12.863980019118898,4.253026431407931,159.27820405407255,0.6371128162162902
weak_homogeneous,84,200,0.02,logistic,map,0.8,0.5,1.4532928764712756,0.6127238919530358,0.1453860830515623,-375.93828240851815,-369.6848923788384,-0.0,-0.7954263685123985,-375.93828240851815,-370.4803187473508,1,0,0.524,0.05092297736701116,0.11502010701931803,0.8999671970692574,0.9624772603394113,0.08190944636786189,0.06664730723122367,0.06519683310762048,55.32311768208257,0.32185574303094117,0.5203499848720472,0.7443163885509739,0.1474582173832094,0.021743925873833843,0.5590259309376904,-0.5372820050638565,-0.9611039047198376,0.5287651707507132,0.2795926057990309,12.858423424607349,3.585864390158578,14.10609252350612,3.26752645191632,2.0800679738139243,-0.055486443076909024,0.0,6.771571837410024,4.393629355474803,187.4358690519188,0.7497434762076751
weak_homogeneous,85,200,0.02,logistic,map,0.8,0.5,1.3137068737126687,0.692640883812728,0.26366662490181625,-385.3564955543161,-380.8156512416359,-0.0,-0.7044510549067337,-385.3564955543161,-381.52010229654263,1,0,0.46,0.03488391302595438,0.07244635535790288,0.8958558584119147,0.9583499065435149,0.11919887946674944,0.08327576226243726,0.018392750062048435,51.53635437045137,0.35187897783933936,0.5310059871547974,0.7050523313711469,0.15105787157459158,0.022818480564645804,0.34698087645515263,-0.3241623958905068,-0.9342370657490828,0.4312883724846193,0.18600966024043172,8.151711053391912,2.8551201469276055,33.41472293604147,3.725794316091582,2.9899957025741193,0.2131694819248741,0.0,18.42340701814976,3.883178178654221,127.05467150217864,0.5082186860087146
weak_homogeneous,86,200,0.02,logistic,map,0.8,0.5,2.1218326295470975,0.5532947583718435,0.19213658291846514,-382.99053188607513,-372.2542021216014,-0.0,-1.9234192477881185,-382.99053188607513,-374.1776213693895,1,0,0.476,0.032049976434693386,0.06781651007099644,0.8931639273319399,0.9427479781204915,0.08690496312938116,0.060989749893857026,0.007765041897073388,62.35727258115501,0.33079072219972727,0.4986492188814218,0.8255481571549879,0.15633790164830957,0.02444153949179652,1.0726183809629213,-1.0481768414711248,-0.9772132009616928,0.7026929922131067,0.4937774413054091,20.202387066131372,4.494706560625662,14.312233805269416,3.8423796100865064,2.146711695374255,-0.04298169268333416,0.0,11.717618342842234,4.20639309506696,156.07983923190076,0.6243193569276031
weak_homogeneous,87,200,0.02,logistic,map,0.8,0.5,1.3071161850056874,0.683429897320795,0.1991922080051154,-395.81281346768986,-392.0764914022102,-0.0,-0.6774294332666959,-395.81281346768986,-392.7539208354769,1,0,0.456,0.03018355188815542,0.06891771061338449,0.9013768584007609,0.9597684808247823,0.08729747502634785,0.0636917713641764,0.006391249829903245,52.97264023211838,0.347387392437834,0.52682371001428,0.7060838022113745,0.1550882718363004,0.024052372061170207,0.5758820527505805,-0.5518296806894103,-0.9582338571825793,0.5333779032605839,0.28449198768665673,11.828022074626743,3.439189159471567,14.736262834750358,4.629482302528879,2.3986728128792927,-0.009874623881788992,0.0,11.33162164080805,4.169060882653611,169.32589336607077,0.677303573464283
weak_homogeneous,88,200,0.02,logistic,map,0.8,0.5,0.7670366664608573,0.6819348446355735,0.22040995792485774,-392.79156046282174,-392.2257561938393,-0.0,-0.19614544476176268,-392.79156046282174,-392.42190163860107,1,0,0.54,0.02080402227120956,0.051434236729438164,0.9372754003149366,0.9754590278561066,0.07590374101962402,0.05891250757528062,0.01779766590334475,33.93397776443861,0.4327571655641191,0.6055150580423225,0.8757904255792542,0.14383175836312312,0.020687574713827837,0.15540466948003195,-0.1347170947662041,-0.8668793236197706,0.29392015964995594,0.08638906024865559,4.175891154167629,2.0434997318736374,29.394459234274528,4.255867329519936,3.0961093950776575,0.1854953203845625,0.0,19.53838208384092,4.5001773713006425,125.42309740880373,0.5016923896352149
weak_homogeneous,89,200,0.02,logistic,map,0.8,0.5,1.1953777965063506,0.8794385704743597,0.40718574984930456,-391.4612507539618,-388.2094641868896,-0.0,-0.960291598171747,-391.4612507539618,-389.16975578506134,1,0,0.484,0.033450986064183987,0.07582312171804964,0.9133561367929932,0.9618022276671983,0.08278581963976801,0.061704050646199195,0.011462209047749639,51.74518420642438,0.3413937855077713,0.5287892965704537,0.7954579698200086,0.15207990429489804,0.02312829729034535,0.310192150132399,-0.2870638528420536,-0.925438805332522,0.398014627322445,0.1584156435626248,6.849429578577479,2.6171414899805243,19.989257316924068,3.782755124211388,2.553778274237023,0.11078609591091587,0.0,11.652895952555978,4.663873883987579,172.5077343760782,0.6900309375043128
weak_homogeneous,90,200,0.02,logistic,map,0.8,0.5,1.535695504537044,0.6165729724479267,0.20107629196718335,-413.64230978345626,-407.3202568611772,-0.0,-0.9383770400889146,-413.64230978345626,-408.25863390126614,1,0,0.52,0.0343337766022382,0.0953665470314364,0.9131890419407572,0.9604309021795838,0.09016620791424258,0.061350335842546476,0.011302459053695202,57.83584121348331,0.34783424059194606,0.5133249295109394,0.6962923060054362,0.1558562701579346,0.024291176947543097,0.6608895011071416,-0.6365983241595985,-0.963244722594549,0.5691254522622762,0.3239037804127404,13.334215180771688,3.65160446663815,10.167179406388032,5.0388324448268325,2.425693499594906,-0.0002788779350328099,0.0,11.081872292602284,4.3868976638529995,169.84531518320452,0.6793812607328181
weak_homogeneous,91,200,0.02,logistic,map,0.8,0.5,2.013082438059452,0.6126176945059255,0.26191524998284876,-393.5158981742395,-384.6657493990065,-0.0,-1.7856850063861784,-393.5158981742395,-386.45143440539266,1,0,0.5,0.03275424065270439,0.0993908889135913,0.8815250524235594,0.9551767725489959,0.07895592717651106,0.06073433654287401,0.011613082839176059,60.33444540402603,0.31802607610442774,0.496676031403694,0.8750912165809834,0.14728384396219596,0.021692530692280484,0.7959469613716497,-0.7742544306793692,-0.9727462610638051,0.6177169034167592,0.3815741727667899,17.590117915683166,4.194057452596849,11.66926348007084,4.670049228471014,2.2792699590932486,-0.0441040498729474,0.0,7.800297953059362,4.284090468909939,183.2360063561903,0.7329440254247612
weak_homogeneous,92,200,0.02,logistic,map,0.8,0.5,1.8200097237344637,0.661963889379546,0.16315566608682275,-392.1780179242961,-383.90185429603986,-0.0,-1.50879596376521,-392.1780179242961,-385.4106502598051,1,0,0.524,0.0355592830747802,0.09093042697794827,0.9270005798126786,0.9778497729262061,0.06004248222317612,0.04546779582730936,0.03156249993480742,59.08472935666244,0.32352720307927424,0.5100855677517773,0.8943881983215444,0.15257097349572168,0.02327790195343221,0.7628630144268986,-0.7395851124734665,-0.9694861311753071,0.6045355293542475,0.36546320625162027,15.700006254117527,3.962323340430148,17.20714032951465,4.150401829786275,2.469863671430883,-0.14109730545578847,0.0,19.9063106737531,4.310412264504431,140.2848092536735,0.561139237014694
weak_homogeneous,93,200,0.02,logistic,map,0.8,0.5,1.6042150355624447,0.8189890304841562,0.15775870787911117,-420.66673896576617,-413.57721677622385,-0.0,-1.4552250259260393,-420.66673896576617,-415.0324418021499,1,0,0.5400000000000001,0.04699275671242599,0.11009287545649213,0.9171493892498815,0.9706625235982902,0.08040488602891059,0.06259234895571703,0.007168167037889361,57.5216319216388,0.3364848245593197,0.5166974441761096,0.6867936989017707,0.15059329114563677,0.02267833933807452,0.514724464638655,-0.49204612530058045,-0.9559408170855157,0.5079040921661838,0.25796656683915536,11.37502014559139,3.3726873773878583,9.59925740184262,4.911914474314131,2.307217310184781,0.055322924806692785,0.0,7.908161320759813,4.754380694137913,176.78200457492304,0.7071280182996922
weak_homogeneous,94,200,0.02,logistic,map,0.8,0.5,1.5746687032496391,0.6583680425412943,0.16670191707089543,-379.72014291803464,-372.4671109159715,-0.0,-1.0685900668880424,-379.72014291803464,-373.5357009828595,1,0,0.532,0.06232698890489317,0.10494847441871337,0.9394563245548031,0.9744032865836442,0.07718732119017908,0.06304042028996502,0.010557292029261589,57.71838262153963,0.33168815124097256,0.513679901166711,0.6937542787480676,0.15231459096179134,0.02319973461985781,0.6052349909006989,-0.5820352562808411,-0.9616682198341963,0.544994733741291,0.2970192598057407,12.802700749495086,3.5780861853084374,17.407266334063703,3.733384313919477,2.4824792072381565,0.0903210859488427,0.0,18.175779143627047,4.015570267530452,145.49164008425723,0.5819665603370289
weak_homogeneous,95,200,0.02,logistic,map,0.8,0.5,1.5570272698475303,0.7361438538951941,0.22434687498025596,-383.62331327908623,-378.6086032639124,-0.0,-1.186159596051347,-383.62331327908623,-379.7947628599638,1,0,0.52,0.02928973561004883,0.07558214423612378,0.9458501134990636,0.9794417882071034,0.08564434519520082,0.06080840017858614,0.007148457923904061,56.709360243393014,0.3320704382337193,0.5147427745315865,0.7377757816866317,0.1578189196411701,0.024906811396706106,0.6628782853238031,-0.637971473927097,-0.9624262674639589,0.5687974537865127,0.3235305434340201,12.989641198182703,3.604114481836378,20.195252839654508,4.246440469757156,2.675503486876246,0.0674871361685915,0.0,39.91908155536092,4.387895661293659,84.59792003575814,0.33839168014303256
weak_homogeneous,96,200,0.02,logistic,map,0.8,0.5,1.6525735921343596,0.6839189721501973,0.20463875005953014,-382.57735312152363,-372.7337852621657,-0.0,-1.2488626065070605,-382.57735312152363,-373.98264786867276,1,0,0.5079962971038106,0.04469227143958495,0.09896145768628528,0.9261352120498304,0.98,0.10628901630731649,0.08057602227324115,0.007633875124156475,59.78180395549582,0.31896088087485924,0.5060378775780474,0.7460312256428598,0.1505707837996658,0.022671560934045695,0.5780288136010616,-0.555357252667016,-0.9607778013818998,0.5361874091431986,0.2874969377236959,12.680950313040164,3.5610321976977635,6.9851758225665455,3.7467844355974296,1.8247553532563305,-0.031425842806054365,0.0,11.016852297242105,4.071702748527072,174.0644199582759,0.6962576798331036
weak_homogeneous,97,200,0.02,logistic,map,0.8,0.5,1.4826657953570137,0.6596239279520028,0.1676852081436664,-395.48840724345723,-389.8836376801619,-0.0,-0.9148679994854438,-395.48840724345723,-390.79850567964735,1,0,0.572,0.06430396129243159,0.12208835735449446,0.929141723479721,0.9680543113174245,0.11397718583651956,0.09177602698715634,0.056717583909630775,57.048904710984274,0.3300639641442279,0.5148951927314361,0.7248573269476811,0.14974052577272445,0.022422225058691958,0.5260834509931647,-0.5036612259344727,-0.9573789576228595,0.51319372669436,0.2633678011184455,11.745837017916791,3.4272200130596797,20.791898427456832,3.868889360063356,2.4679366737809487,-0.05513321059776837,0.0,19.055353042470525,4.0858649279479495,147.008303436375,0.5880332137455
weak_homogeneous,98,200,0.02,logistic,map,0.8,0.5,1.258030915673283,0.7444723387075756,0.22767745819874108,-418.81054581549347,-416.0944023965776,-0.0,-0.7267744246780751,-418.81054581549347,-416.8211768212557,1,0,0.4719999999999999,0.07458210094719979,0.1342164412290204,0.8347011441631176,0.9213560248577283,0.0957159187658997,0.0780572418807117,0.01391412504017353,51.9559243330911,0.35328070471098544,0.5300357187538385,0.7335254517636359,0.14265145383226038,0.020349437280457516,0.49180753599540084,-0.4714580987149433,-0.9586231690425991,0.4994850471393725,0.24948531231582113,12.260059522894677,3.5014367797940715,7.734530532872054,4.834638144682663,2.3092531337384545,0.0008999817270433539,0.0,6.820506363939808,3.9393539595257057,199.3234016539461,0.7972936066157844
weak_homogeneous,99,200,0.02,logistic,map,0.8,0.5,1.6096180867720529,0.5142178985939257,0.16538874991238117,-390.4472505803485,-387.0912232140844,-0.0,-0.9791672182177182,-390.4472505803485,-388.0703904323021,1,0,0.524,0.06512846397446868,0.1307026958798194,0.9055391639331873,0.9461305136800308,0.10770312696966913,0.0817782752712697,0.01525079202838242,57.462676863373765,0.333142394781858,0.5120712864144101,0.7970677917252049,0.14942927531904568,0.022329108322375158,0.91467410223074,-0.8923449939083649,-0.9755879080123532,0.6467164398268722,0.4182421535423444,18.7308040923085,4.327909898820503,44.87963021864248,6.131217749372063,3.857412950425769,0.16658325653756487,0.0,17.56612862957569,4.928063525124453,147.44532029106088,0.5897812811642436
weak_homogeneous,100,200,0.02,logistic,map,0.8,0.5,2.0161787803171736,0.8389146141240912,0.12070179102011025,-394.6000389035972,-385.2958005998074,-0.0,-2.2444511129810447,-394.6000389035972,-387.54025171278846,1,0,0.544,0.05870521260232692,0.14988547883700487,0.9266765456033207,0.9614841797829548,0.07848509434486581,0.06222456723870247,0.01157375006005168,63.051349034072345,0.3094957701607518,0.48613345976330635,0.7757282472027692,0.14674362750649664,0.021533692213765436,0.6381818030862434,-0.616648110872478,-0.9662577464452471,0.5554157826016278,0.3084866915629787,14.325768590942255,3.78493970770239,8.184882236759911,4.127618609720104,2.05506209708754,0.019937322452528824,0.0,25.96335724813276,4.151336958518026,131.83695077018217,0.5273478030807287
weak_homogeneous,101,200,0.02,logistic,map,0.8,0.5,1.6093978579423889,0.8915438985955578,0.18398633389733732,-386.09006518592815,-377.11638964033466,-0.0,-1.646181761553943,-386.09006518592815,-378.7625714018886,1,0,0.484,0.07516730072819078,0.15271503891538304,0.8030006864338767,0.8911150909504593,0.10810526592986835,0.09187643308531136,0.008187917061150074,57.62745725973285,0.3482563304980158,0.51899217615335,0.8069588422401441,0.14046669027136424,0.019730891075791374,0.49068709936702315,-0.47095620829123175,-0.95978926060774,0.49585781680244717,0.24587497448408924,12.461422727418691,3.530074039934388,8.817259821448868,3.98053255649232,2.065757070418148,0.031878760296714014,0.0,5.944948774241005,3.4793789232129066,212.06226506577332,0.8482490602630933
weak_homogeneous,102,200,0.02,logistic,map,0.8,0.5,1.1568323648090266,0.8169242661074844,0.2349784579128027,-396.2606677810049,-392.33665953702905,-0.0,-0.7541106300240298,-396.2606677810049,-393.09077016705305,1,0,0.512,0.047405126619551416,0.09808547599168026,0.92136645161646,0.9732336531896023,0.08169400209617861,0.06413508464000844,0.00848799990490079,49.24817394923276,0.3599155251421264,0.5419013842057265,0.7680658210779772,0.149616448184604,0.022385081567376296,0.2856615779192101,-0.2632764963518338,-0.9216377584607925,0.39038585330585424,0.15240111446133994,6.8081554227368635,2.60924422443298,40.68685077324942,3.655291067848247,3.2913329070201987,0.17660176058890875,0.0,24.06516890389502,3.9078155863559094,138.07584243798618,0.5523033697519447
weak_homogeneous,103,200,0.02,logistic,map,0.8,0.5,2.0398922245405235,0.6864616586518816,0.29044791706837714,-363.9797175590011,-350.16538013321326,-0.0,-1.9532485461809144,-363.9797175590011,-352.1186286793942,1,0,0.564,0.04254581921953636,0.1145801242476679,0.912530917353217,0.9623635207703598,0.07888054975119668,0.06253466385002139,0.019274333026260138,60.422798538988346,0.31469662936160475,0.5017550182730066,0.8635189407313558,0.14868022731203792,0.022105809993559267,0.7253671160203469,-0.7032613060267876,-0.9695246592996377,0.5996396453204544,0.35956770424004036,16.265755669880622,4.033082651010344,7.427897035826317,3.8148297261936253,1.8006711557083275,-0.0010101945410291684,0.0,15.125498917615657,4.710983000165301,161.91953107199052,0.6476781242879621
weak_homogeneous,104,200,0.02,logistic,map,0.8,0.5,1.908376920797707,0.7082445529841069,0.17028220789507031,-389.24024889043653,-379.8595372445686,-0.0,-1.7541615826807315,-389.24024889043653,-381.6136988272494,1,0,0.544,0.058328520585171406,0.11812247102305179,0.9213218609900106,0.9685071819539658,0.07912770822221027,0.06330275308129486,0.007064957870170474,59.72133495178379,0.31319909567804904,0.5013817870784507,0.7581160120646319,0.15004502374692835,0.022513509151216294,0.8905785944650738,-0.8680650853138575,-0.9747203567533093,0.6468189571635634,0.41837476334615964,18.583276402450878,4.3108324488955585,28.723265463900855,3.978716520272266,2.7836983456415996,-0.005787360593806526,0.0,16.92366652196227,4.224402457539061,147.6823515847671,0.5907294063390685
weak_homogeneous,105,200,0.02,logistic,map,0.8,0.5,0.9869808844200088,0.6339503309324865,0.2741147498600185,-398.9359943560321,-397.97487050005134,-0.0,-0.20091463902671236,-398.9359943560321,-398.1757851390781,1,0,0.5279978891653953,0.02327417086553752,0.09921436725586256,0.942727212951482,0.98,0.07639968751726413,0.05793585563663497,0.012421624967828393,42.10312412435168,0.4202247843415277,0.5623678400246062,0.8229521010540968,0.15462742659259984,0.023909641054649853,0.2858928943685738,-0.2619832533139239,-0.916368536869526,0.3862803291295761,0.14921249267245362,6.240683092289056,2.498135923501573,14.753789945567293,3.98333738001297,2.329827557552776,0.05219709484863016,0.0,17.808458701781483,4.31270240258731,153.21815611633366,0.6128726244653346
weak_homogeneous,106,200,0.02,logistic,map,0.8,0.5,1.4129010728838594,0.7748618493250294,0.2014860410708934,-392.07986151217,-386.1307765477048,-0.0,-1.0308633482646585,-392.07986151217,-387.1616398959694,1,0,0.52,0.0849487828914273,0.12955747858383707,0.9063077640903012,0.9707050750903964,0.07119325850286057,0.05539769524620817,0.008648833958432078,54.50044842966922,0.3354768883835258,0.5272820367081231,0.7948153873758402,0.14542551311978377,0.021148579866152404,0.5063169615195472,-0.48516838165339476,-0.9582305522558798,0.5056586320898123,0.2556906522069402,12.090204345879723,3.477097114818584,15.84696353667854,5.315680401638887,2.4698723236257734,0.13268370473637522,0.0,11.356133583913337,4.362356621179614,164.47978727085567,0.6579191490834226
weak_homogeneous,107,200,0.02,logistic,map,0.8,0.5,1.8575798414604843,0.6865432871355365,0.1614796668291092,-380.816428886149,-370.3078152531076,-0.0,-1.6203918621290023,-380.816428886149,-371.9282071152366,1,0,0.564,0.04784464444328502,0.1313941835482662,0.92167208246496,0.9701753949980733,0.08545570136668706,0.06590572506911087,0.007468583062291145,59.67909746064199,0.32304826458687635,0.5141292679496046,0.8654412558463035,0.14792218131153895,0.021880971723963805,0.7530176390287138,-0.7311366673047499,-0.9709422852933601,0.5956859576264368,0.3548417601133251,16.216910500583765,4.02702253539557,10.190305189476478,4.032261341787067,2.142833513441402,-0.024102318961314942,0.0,10.265339999921874,4.094474080003762,176.179960920076,0.704719843680304
weak_homogeneous,108,200,0.02,logistic,map,0.8,0.5,1.4158761086767442,0.9182471656432903,0.17995637515559793,-382.3290458342359,-377.67180491679744,-0.0,-1.3908193739821066,-382.3290458342359,-379.0626242907795,1,0,0.52,0.07480994439347499,0.15130489138291683,0.874185701026529,0.9188918268538783,0.08417068764066347,0.06755787092867428,0.017992042005062103,55.057832666272816,0.35527704826655715,0.5192091196580241,0.7566946157295246,0.1391871774751984,0.019373070373512376,0.2787454893931046,-0.25937241901959224,-0.9304990713367518,0.3861410341961195,0.14910489829004875,7.696503208593659,2.7742572354764903,10.944804957964502,4.023190186945307,2.0407585878009984,0.10054521633577694,0.0,10.196794347528243,4.836705240613159,171.1549347062905,0.684619738825162
weak_homogeneous,109,200,0.02,logistic,map,0.8,0.5,1.4295381373592755,0.7640634217726038,0.279146458953619,-400.91318045917825,-396.1337340716634,-0.0,-1.033573226088925,-400.91318045917825,-397.16730729775236,1,0,0.532,0.05349159296273982,0.12636879382107272,0.908153315263918,0.9558886973854797,0.08394164679529015,0.0662043874034786,0.011556040961295366,54.60662013275641,0.33098561713578983,0.5198611779004904,0.7383913360023849,0.1467442871561148,0.021533885812956278,0.5227118683971421,-0.5011779825841859,-0.958803526158707,0.5137693285747326,0.2639589229841315,12.257839819384364,3.50111979506334,13.209832761818944,4.44809104153577,2.460596879931833,-0.02526676992857228,0.0,10.090835380415264,3.9464373386220832,181.76570652214653,0.7270628260885861
weak_homogeneous,110,200,0.02,logistic,map,0.8,0.5,1.7520549455177585,0.7979449042664066,0.16454658308066428,-395.8374143329506,-387.7744168811812,-0.0,-1.6660859279466287,-395.8374143329506,-389.44050280912785,1,0,0.504,0.035247345827732125,0.0795947587930473,0.907990423257324,0.9717028621074824,0.08743245099358825,0.06374121666942728,0.015644124941900373,60.06722800815881,0.33874554386456146,0.506364903192567,0.7930652320306275,0.1531013181039765,0.023440013605175003,0.5602078995171673,-0.5367678859119923,-0.9581583665182559,0.5182385235278538,0.26857116726832986,11.457807652852031,3.384938352887986,22.90239528558779,3.790539356358073,2.491272601554029,-0.04359302767250518,0.0,9.304654948896829,4.738945916031792,173.1680674980304,0.6926722699921216
weak_homogeneous,111,200,0.02,logistic,map,0.8,0.5,2.376081917327029,0.6748370725892183,0.4012125409208238,-392.212461998141,-378.77637795035196,-0.0,-2.5499202360585396,-392.212461998141,-381.3262981864105,1,0,0.504,0.048626071367070575,0.09339174741982072,0.9130477604057745,0.9561871148402504,0.07790171483924628,0.06169583947989369,0.006191291846334934,61.52869280907324,0.3097679337642016,0.4924156258250441,0.8278925385716268,0.14869915108579343,0.02211143753363562,0.9067859548544366,-0.8846745173208009,-0.9756155932772634,0.6519234647335763,0.4250042038702305,19.221011895934847,4.384177448043686,11.091985407828982,4.897991230732733,2.3658230403607448,-0.03029062260301299,0.0,17.305326938105264,4.7244993617754085,145.03572204891265,0.5801428881956506
weak_homogeneous,112,200,0.02,logistic,map,0.8,0.5,1.4230963847433897,0.9037374279021234,0.15628295787610114,-406.7170709639977,-401.6804919341803,-0.0,-1.364266757570597,-406.7170709639977,-403.04475869175087,1,0,0.508,0.06148674968603505,0.17596571804576472,0.8433321659327374,0.9320820047387675,0.08564714064092661,0.07281149463175815,0.005833917064592242,55.27666819480311,0.3556392602307518,0.5206445525343919,0.7508433725902752,0.13914177307368877,0.019360433014089903,0.39848640848190453,-0.3791259754678146,-0.9514150731317375,0.44808960270741843,0.2007842920544921,10.370857506563398,3.2203815777890976,18.05968835598685,5.216218227042869,2.5972032491175168,0.07790148041634348,0.0,12.214107252096037,3.8335674915639824,180.8724243644006,0.7234896974576024
weak_homogeneous,113,200,0.02,logistic,map,0.8,0.5,0.7177759624264249,0.46460346923973683,0.19818824995309114,-410.11988695420024,-410.03196282573884,-0.0,-0.034306755233514494,-410.11988695420024,-410.06626958097235,1,0,0.476,0.040722330244282186,0.07185479973517121,0.8902769209009326,0.944964772338263,0.07584685844777733,0.05933603540028212,0.01455991598777473,31.03963739944117,0.4152910403881251,0.6286092269443371,0.8732211487796357,0.14764378347789106,0.02179868679966638,0.23652259447736293,-0.21472390767769656,-0.9078367677818083,0.3582825560383901,0.12836638996140215,5.888721240004547,2.4266687536630434,9.099240526032625,4.28964941030886,2.17834352839172,0.06638509372651684,0.0,11.589629482316951,3.8824480958029928,179.2681171092546,0.7170724684370184
weak_homogeneous,114,200,0.02,logistic,map,0.8,0.5,1.6649553731760403,0.6149209410216977,0.1862239169422537,-400.1087736863309,-390.1475243309094,-0.0,-1.1600108851646835,-400.1087736863309,-391.3075352160741,1,0,0.49999999999999994,0.022150803531686317,0.09724436079632881,0.9206108331556645,0.9777156064328607,0.07351296788294949,0.054763878350592654,0.04936541710048914,58.64126257180875,0.3394822634600867,0.5103765275059142,0.7118346465743638,0.15628268973653905,0.024424279111287334,0.756483472745012,-0.7320591936337247,-0.9677134002377339,0.610820259584408,0.3731013895187636,15.27584039712108,3.908431961429171,25.830763846268187,3.6393370109872643,2.606835602260183,-0.0008969576853797037,0.0,10.594214773438765,4.340000120986588,162.4525785337798,0.6498103141351192
weak_homogeneous,115,200,0.02,logistic,map,0.8,0.5,1.003911601037809,0.43644189036828474,0.20496412506327033,-398.1823643316035,-397.188258578592,-0.0,-0.14006751379580282,-398.1823643316035,-397.32832609238784,1,0,0.488,0.024302421008658495,0.06691452483301348,0.9146987227069198,0.9711127636508945,0.07768206592518022,0.05598797556574635,0.0425309999845922,44.822689234192865,0.3470890490253898,0.5531934763102491,0.8220827437786855,0.1514972470571024,0.022951415865880724,0.3861869123051599,-0.36323549643927916,-0.940569151531099,0.4415787096108995,0.1949917567816271,8.49584870585258,2.914763919402836,10.690232769046457,4.41920149863285,2.270443916392059,0.1385021070529899,0.0,21.575447902739846,4.19708019725258,130.49890574540964,0.5219956229816386
weak_homogeneous,116,200,0.02,logistic,map,0.8,0.5,1.441678857036277,0.8590416785424229,0.6752614588476717,-388.1210756639884,-380.80482699513,-0.0,-1.2795436880539968,-388.1210756639884,-382.084370683184,1,0,0.464,0.028228246241182378,0.07890320060403534,0.8815553052621818,0.950412547064173,0.08231918874809445,0.06050195540891711,0.010344167007133365,54.65845404325353,0.3411222562571381,0.5177120855224597,0.7405248486111712,0.15676199337440416,0.02457432256671674,0.5000457350774501,-0.4754714125107333,-0.9508558500895712,0.496514880689734,0.24652702674634075,10.031895124557165,3.167316707334012,15.08781936958328,3.335476241176824,2.405333910420154,-0.026441429175067057,0.0,11.06978459406459,4.523560645664368,158.0794029779657,0.6323176119118629
weak_homogeneous,117,200,0.02,logistic,map,0.8,0.5,1.8375840973757347,0.820794363949776,0.1276242919266224,-386.82850650458323,-376.9253437093407,-0.0,-1.8744679968445834,-386.82850650458323,-378.7998117061853,1,0,0.588,0.06776094778026606,0.19457196226796197,0.8990403717703668,0.9418052846458257,0.07915111350653203,0.06417113211155646,0.0057982089929282665,60.64215204567414,0.34268373857824963,0.5031361150938642,0.7616856062688552,0.1452088971934864,0.021085623824148504,0.7988699876982157,-0.7777843638740672,-0.9736056878480284,0.6189835153610249,0.38314059228869213,18.17070225116588,4.262710669417511,14.922236750069823,3.9872886609637286,2.1612047757312287,-0.03294677404846597,0.0,16.294117430274547,4.216943700942474,165.3038395741842,0.6612153582967368
weak_homogeneous,118,200,0.02,logistic,map,0.8,0.5,1.734765304181137,0.7850882003695572,0.2453686671797186,-394.6192702802217,-385.92676448914455,-0.0,-1.605341727687617,-394.6192702802217,-387.5321062168322,1,0,0.54,0.039017591635366375,0.07492623556523235,0.9451824422132948,0.9755869626027825,0.06231510617011195,0.05020269220475874,0.006558583118021488,59.437758658397954,0.33397907538020016,0.5011460901869645,0.790308398861091,0.15552356653437466,0.02418757974757206,0.7376917281544295,-0.7135041484068575,-0.9672118056575136,0.6020042351912536,0.3624090991882061,14.983272529554535,3.870823236671307,12.714697680010804,3.9966499334230496,2.177236122348782,-0.026630736283605187,0.0,8.420170584766296,4.051784643120376,172.3731828297182,0.6894927313188728
weak_homogeneous,119,200,0.02,logistic,map,0.8,0.5,1.65909631363764,0.6942114031623615,0.1839828749652952,-392.151327558578,-384.57691529050294,-0.0,-1.279486238090846,-392.151327558578,-385.8564015285938,1,0,0.568,0.05680820089185594,0.14136068556656464,0.9197805587935942,0.962990064046773,0.10246998196699873,0.07961466738076706,0.011080249911174178,58.34347732422103,0.34085137709136226,0.5085165184484572,0.8381939318905239,0.14887128440802053,0.022162659321293736,0.6514385591367898,-0.6292758998154961,-0.9659788954607461,0.5625140833049855,0.31642209391644827,14.277262007652304,3.7785264333668893,10.44717255277761,3.9457956253475963,2.074476379067905,-0.043255319705423526,0.0,15.074168362045599,4.0299468010816515,169.17655017333993,0.6767062006933597
weak_homogeneous,120,200,0.02,logistic,map,0.8,0.5,2.237939362237659,0.5704261231098543,0.17648491612635553,-385.2075669773206,-376.0286138605933,-0.0,-2.151173138049753,-385.2075669773206,-378.179786998643,1,0,0.56,0.044692869550181286,0.1052441294195099,0.9077533733432439,0.9589307506025477,0.07451135648927276,0.058264284066749925,0.09764037490822375,63.02856201317618,0.3041505748097613,0.48391128107532355,0.866025359776067,0.14883483439073622,0.022151807928117877,1.0035808515522335,-0.9814290436241156,-0.9779272313796583,0.6776628509923529,0.4592269396150839,20.730901112237206,4.553119931677312,18.11724808792176,3.927380698423737,2.5319607643541455,-0.15485149946527604,0.0,20.609969457398865,4.420146493410813,129.43121513983152,0.5177248605593261
weak_homogeneous,121,200,0.02,logistic,map,0.8,0.5,1.7208289102073724,0.8633951458384528,0.14658991689793766,-390.238766557268,-381.810532587953,-0.0,-1.7701672420341255,-390.238766557268,-383.5806998299871,1,0,0.528,0.03330648898609136,0.11999171007051555,0.9110982953437852,0.9718016532789256,0.0659121345312525,0.05018676708508447,0.009568915935233235,58.60039405795181,0.3308246519206927,0.5126653166077121,0.7241791076623819,0.15286820336603865,0.023368687600360552,0.6708020717815153,-0.6474333841811547,-0.9651630658529452,0.5678114316833252,0.32240982195026746,13.796659335943755,3.7143854587190805,11.398120501491109,4.472619176157218,2.264423122661235,0.012751657832456999,0.0,9.947152874394263,4.7205960756404535,171.11817195749742,0.6844726878299897
weak_homogeneous,122,200,0.02,logistic,map,0.8,0.5,1.474251106134641,0.6708877151718972,0.1907909580040723,-388.5197539990998,-382.65687480414573,-0.0,-0.9202245184463709,-388.5197539990998,-383.5770993225921,1,0,0.504,0.0379309033537592,0.09820660873820872,0.9010229761949725,0.971374513855244,0.06999028991157727,0.052650451664371004,0.01784075004979968,55.274394799368025,0.3321476874262487,0.5160669034021661,0.8358410793496205,0.15478273892680827,0.02395769626968449,0.7084524112245201,-0.6844947149548356,-0.9661830549376281,0.5811590095232846,0.3377457943500852,14.097590625917604,3.7546758349979568,12.677285215069949,4.195026323821543,2.2118678742827296,-0.0047395534098708435,0.0,11.603245412694509,4.521258266904279,166.76451101454163,0.6670580440581665
weak_homogeneous,123,200,0.02,logistic,map,0.8,0.5,1.8866606138849995,0.7790834061164937,0.29442845890298486,-383.64392733298985,-372.82578690431745,-0.0,-1.865565343350122,-383.64392733298985,-374.69135224766757,1,0,0.504,0.04749737807191934,0.11289406400863926,0.8994341201521732,0.9515143674246053,0.10107987129663167,0.08013401597638406,0.8507943330332637,61.22887222884921,0.3398374927923525,0.4939575444531496,0.8542903728646718,0.14768907837006773,0.02181206386980001,0.6009884619750651,-0.579176398105265,-0.9637063517024641,0.5460755517735457,0.29819850824478245,13.671265132212204,3.6974673943406455,12.22313934350937,4.412300526765646,2.1941428866060875,0.003414996680873827,0.0,8.893991176299377,4.4888568988403685,174.6635254307517,0.6986541017230068
weak_homogeneous,124,200,0.02,logistic,map,0.8,0.5,1.9771787231846472,0.6353404320157959,0.21165479184128344,-373.25317617290045,-361.11106332076207,-0.0,-1.7521496873858957,-373.25317617290045,-362.86321300814797,1,0,0.508,0.027276378080423675,0.0774893272233226,0.9235441393304888,0.971195748594943,0.07306628894263018,0.05568947952807048,0.00797649985179305,61.65615065532761,0.30978425012669064,0.49734311022810374,0.8282008576687785,0.15857147776398373,0.025144913560253584,0.8958990092718528,-0.8707540957115992,-0.9719333169252076,0.649705611911548,0.422117382149359,16.78738648823981,4.0972413265805825,11.6981550229934,3.3009964457736354,2.061961734023786,-0.048402648315951514,0.0,13.250538210195595,4.340313821627818,152.6353198837373,0.6105412795349492
weak_homogeneous,125,200,0.02,logistic,map,0.8,0.5,1.1789923489809344,0.8787447937718453,0.2602459159679711,-390.8249849610412,-387.8465133477,-0.0,-0.9367191833196424,-390.8249849610412,-388.7832325310197,1,0,0.524,0.03287905932777687,0.08609259617256669,0.9402306098530038,0.9767331755628615,0.0735145501430005,0.055913466295184164,0.03555037500336766,50.643894845257215,0.3717544675723525,0.5320731728536439,0.8134198852936235,0.15394116017710263,0.023697880796672368,0.33701599531209947,-0.3133181145154271,-0.9296832164457758,0.41520028439495493,0.17239127616165145,7.274543983099892,2.69713625593886,10.143136345110191,3.9982389507514893,2.046312374422427,0.08650667227466681,0.0,9.44327185616358,3.955457307311345,176.85622825060398,0.707424913002416
weak_homogeneous,126,200,0.02,logistic,map,0.8,0.5,1.7286434135224837,0.8990701718981501,0.23793804203160107,-381.3232334275169,-374.46766042165393,-0.0,-1.875838535199195,-381.3232334275169,-376.3434989568531,1,0,0.4480116152560839,0.02,0.05059454352197479,0.9028587888639613,0.9516636391475054,0.11208103250300218,0.084748223249233,0.010464416816830635,59.51169342007512,0.3178272812955774,0.5127462854192408,0.7452616145705627,0.15440603303474829,0.02384122303752778,0.6174581850540388,-0.593616962016511,-0.9613881172610236,0.5497275600733738,0.30220039030422474,12.675540589026822,3.560272544205966,19.557436543857648,3.842057043264296,2.5274868281350935,-0.04935239159331907,0.0,18.074866471261423,4.545191890251595,134.43473358452655,0.5377389343381063
weak_homogeneous,127,200,0.02,logistic,map,0.8,0.5,1.5819110728082806,0.6290825271728178,0.1540398329962045,-380.5249657197654,-372.7636859933933,-0.0,-1.0351225646300237,-380.5249657197654,-373.7988085580233,1,0,0.524,0.03938737098920459,0.08355515177540546,0.9289506370237699,0.9632644619062505,0.10518885724712602,0.08768920012406,0.00810141721740365,57.951693953084884,0.32342458014132963,0.5115331118457738,0.6868191483180296,0.15461427672623163,0.02390557456757573,0.5840696071597535,-0.5601640325921778,-0.9590706753535335,0.5396756613035276,0.29124981940339983,12.183343202235175,3.4904646112280204,8.96015089864083,3.5704531962559445,2.025129159708631,0.0030512689837603802,0.0,12.687630384644997,4.303715383608662,166.94869871768137,0.6677947948707255
weak_homogeneous,128,200,0.02,logistic,map,0.8,0.5,1.8836683753506713,0.8195436266556603,0.24122533295303583,-384.0375422875529,-371.26808394047185,-0.0,-1.955068724133974,-384.0375422875529,-373.22315266460583,1,0,0.528,0.040045340852460275,0.12308697815027432,0.9143404932517526,0.9784116042217088,0.08423085081467671,0.06224652716519067,0.015473333187401295,60.54192397765331,0.30837749435679856,0.5015634156592668,0.8102759933401967,0.14780558370130273,0.021846490573282806,0.5697451842475696,-0.5478986936742868,-0.9616556819130745,0.5264798419129134,0.27718102394064625,12.68766820972267,3.5619753241316356,14.94123336439644,4.301889119614095,2.3121624779074006,0.07408881757729097,0.0,10.338154764585086,4.773888388461541,167.38272701107599,0.6695309080443039
weak_homogeneous,129,200,0.02,logistic,map,0.8,0.5,1.7435992496336443,0.8595217775567451,1.4334962500724941,-380.9184309038469,-371.66473679847087,-0.0,-1.8010035016981063,-380.9184309038469,-373.465740300169,1,0,0.488,0.02406143118255885,0.08372101122662101,0.8932378748791158,0.9568064624651861,0.0959775955889354,0.072004536939117,0.13364670798182487,57.71114418528075,0.319622992016227,0.5189623649019068,0.8502305294307381,0.15100133219865786,0.022801402325769424,0.543864704653298,-0.5210633023275285,-0.9580752306029772,0.5208935115545227,0.2713300503796017,11.899708908383808,3.4495954702521,11.57832918358676,3.4752265192518963,1.9509654106745566,-0.002341014199079723,0.0,11.793242322376047,3.7319694385100766,171.780854216493,0.687123416865972
weak_homogeneous,130,200,0.02,logistic,map,0.8,0.5,1.5255719413336328,0.7683915333584659,0.9460737919434905,-382.1892509265907,-377.2189194347388,-0.0,-1.2026431478115842,-382.1892509265907,-378.42156258255034,1,0,0.5240008731920678,0.02,0.05958251261070329,0.9574853568046967,0.98,0.08232972522198553,0.0637416090941201,0.02485116687603295,57.371101392837375,0.3553892160965455,0.5156415250409185,0.9538843597821454,0.16121860067243746,0.02599143720277885,0.6121591043335586,-0.5861676671307797,-0.9575413695250435,0.5435919096193073,0.29549216420356506,11.368827429518703,3.3717691839031185,14.433565110751934,3.63221379562956,1.9773763831895363,-0.04968460324768667,0.0,12.003544836962602,3.7605601617856097,162.90125083132597,0.6516050033253039
weak_homogeneous,131,200,0.02,logistic,map,0.8,0.5,1.6476913502074677,0.9498190642920525,0.2798546669073403,-385.88998388799973,-376.1191363856781,-0.0,-1.8675303413475344,-385.88998388799973,-377.98666672702564,1,0,0.54,0.07245695804805205,0.17029562085561062,0.8854795864714976,0.945644028788368,0.11061262637689807,0.08524078837561358,0.020613084081560373,59.878757098283785,0.3449972578427982,0.5084488779793188,0.8155678293071127,0.14236006754472152,0.020266388831337672,0.3294974927501215,-0.30923110391878383,-0.9384930408356492,0.4129514200731143,0.17052887534040173,8.414369069871737,2.9007531900993815,38.03550821901899,4.032248695578811,3.17568977211184,-0.044773032677655894,0.0,14.414744099882945,4.052511894421225,170.15912279107079,0.6806364911642832
weak_homogeneous,132,200,0.02,logistic,map,0.8,0.5,2.040973565228551,0.7106296359539753,0.5127336250152439,-377.13120170446706,-366.5024207434489,-0.0,-2.001493909200097,-377.13120170446706,-368.50391465264903,1,0,0.476,0.029066426123868287,0.10185280113703613,0.8918256787917047,0.950060743343179,0.08002737364506707,0.058780402192947896,0.0239610830321908,60.34596910007819,0.31855969861839767,0.5041608534030626,0.8417935146005011,0.14845473912812654,0.022038809569600103,0.828783109888023,-0.8067443003184228,-0.9734082303238808,0.6242548405383345,0.38969410593554143,17.682175831905084,4.205017934789944,14.420358473669658,3.7448243526082856,2.049647811512422,0.01361438229786998,0.0,7.402038637694059,4.322632051561519,180.37741908894446,0.7215096763557779
weak_homogeneous,133,200,0.02,logistic,map,0.8,0.5,2.0677935085320915,0.6809867824114989,0.33465566695667803,-393.84513849819075,-387.9177046634138,-0.0,-1.9944591779013043,-393.84513849819075,-389.91216384131513,1,0,0.512,0.05652450425887863,0.10724735619369849,0.8800360307155656,0.9312369848788069,0.08409745115474447,0.06464208911582003,0.007672667037695646,62.01867540848973,0.31971595358887606,0.4919750742203016,0.8165429555117413,0.1466173544047795,0.021496648612656714,0.8612681418238952,-0.8397714932112385,-0.9750407015321226,0.6378829139262086,0.40689461187899073,18.928281296807395,4.350664466125536,14.063209824198632,4.52593543606713,2.333857641893558,-0.04107851031698898,0.0,14.542701454226883,4.417658436734493,146.49181840015234,0.5859672736006094
weak_homogeneous,134,200,0.02,logistic,map,0.8,0.5,1.9902388130494222,0.7710953836201377,0.29175929189659655,-371.60780656926806,-361.3593422215217,-0.0,-2.0366246987516257,-371.60780656926806,-363.3959669202733,1,0,0.5599773854657534,0.03529626692685145,0.08701346380969922,0.9479873351217741,0.98,0.06722749365533467,0.05447069783303044,0.016574000008404255,61.8553175325212,0.31738451604620493,0.4899140221829752,0.8129563867121773,0.1556618720104464,0.024230618397796597,0.67050359613192,-0.6462729777341234,-0.9638620604906804,0.5686878834874772,0.3234059088254665,13.346993606026798,3.6533537477264364,25.6429737399131,4.059790268706734,2.6766442564032253,-0.08665323276784083,0.0,18.46538637175595,3.911224395712582,129.98028499379637,0.5199211399751855
weak_homogeneous,135,200,0.02,logistic,map,0.8,0.5,1.8735230325111043,0.7352375166875466,0.5361426670569927,-392.90730458718224,-385.5216997724174,-0.0,-1.7456324424888243,-392.90730458718224,-387.2673322149062,1,0,0.5079999999999999,0.04481613127441326,0.08628348955428579,0.9114875573296344,0.97393718586953,0.07806688159106728,0.06030785970098905,0.02127262484282255,60.13135272323845,0.3237609692199341,0.5028434201412129,0.7317016838742093,0.1528313720063547,0.02335742826934477,0.6521697039486025,-0.6288122756792578,-0.9641850455059079,0.5704088063300248,0.3253662063388437,13.929881431590113,3.7322756371401766,15.066030343470898,5.38407574336925,2.632038853711923,0.047166312986687144,0.0,12.370095942210295,4.441973242402682,155.3846747767641,0.6215386991070564
weak_homogeneous,136,200,0.02,logistic,map,0.8,0.5,1.0119797952344798,0.6770388967844269,0.5585878330748528,-384.3993232001377,-383.0159754257713,-0.0,-0.29426326242472234,-384.3993232001377,-383.310238688196,1,0,0.52,0.05337489253591488,0.14335563378830996,0.8912481990195547,0.949223729381734,0.07169012490442174,0.05750219009357017,0.10246845800429583,44.627586657161665,0.37454988104635295,0.5582577581374981,0.859052114657413,0.1521964125294217,0.023163747986825915,0.3578629909519945,-0.33469924296516856,-0.9352720214929037,0.42876671563085766,0.18384089643287277,7.936578162455831,2.8171933129368014,13.146996822270534,3.639699111591225,2.147200738428197,-0.021517896508921296,0.0,10.21583202998233,4.3658759850716296,170.82131242666742,0.6832852497066697
weak_homogeneous,137,200,0.02,logistic,map,0.8,0.5,1.5269468929643866,0.5445900832381751,0.2829033338930458,-382.3663788414384,-377.41524023314616,-0.0,-0.8502965515190586,-382.3663788414384,-378.26553678466524,1,0,0.5039731251035059,0.02701765663524194,0.06636424936039816,0.9191624454032148,0.98,0.07333117323820422,0.057741765136960325,0.014724999899044633,54.38709613122123,0.3373175326062489,0.5238435018384175,0.781336876201232,0.15953721363871035,0.025452122535603503,0.6804489445879585,-0.654996822052355,-0.9625951032211302,0.5855145518404176,0.342827290416885,13.469497089577645,3.6700813464523705,13.713494999685688,3.378850491751274,2.3575558967933077,-0.014393122210306126,0.0,16.05105223349107,3.85378882345304,131.8496519844531,0.5273986079378123
weak_homogeneous,138,200,0.02,logistic,map,0.8,0.5,1.4824816197836066,0.6215468580817186,0.4694840000011027,-377.39343129449037,-369.0764238879376,-0.0,-0.8557373084955374,-377.39343129449037,-369.9321611964331,1,0,0.504,0.031073673007577768,0.08375704074958151,0.9234986718541283,0.9761278910722815,0.07298457225401982,0.05448381696756728,0.013539709150791168,54.67405351237604,0.36472036827421145,0.517841073734682,0.7924329531714753,0.15368761805741685,0.023619883944162444,0.5941165320022401,-0.5704966480580776,-0.9602436850821828,0.5418741134646446,0.29362755484309455,12.43137161627178,3.525815028652493,12.126057598447671,4.368516761050519,2.090640020699169,-0.02244169106068538,0.0,14.395706245738948,4.032459419112253,161.55232938813765,0.6462093175525506
weak_homogeneous,139,200,0.02,logistic,map,0.8,0.5,1.0712067365182238,0.9514892779165091,0.41472887503914535,-381.05043273144776,-377.8066556021478,-0.0,-0.9984249125941308,-381.05043273144776,-378.805080514742,1,0,0.48,0.032959692598347384,0.0823568280809731,0.8877467424044738,0.9466529886125464,0.07696840180335711,0.058023354395771796,0.010119416983798146,45.63720444739487,0.4026583749348091,0.5494581264138407,0.7834556105221044,0.14646178872984247,0.02145105555794501,0.24910172163749467,-0.22765066607954965,-0.9138863616962003,0.3629346780433652,0.13172158052644115,6.140564046865951,2.4780161514538097,9.914959102441676,3.55728547334637,1.8646315659015287,-0.03553505367132429,0.0,17.761353904400643,3.9547840561276697,145.55820543868128,0.5822328217547251
weak_homogeneous,140,200,0.02,logistic,map,0.8,0.5,1.7160610225885322,0.6855267228376147,0.38683304213918746,-381.80400510107796,-374.63523432369794,-0.0,-1.364053198985539,-381.80400510107796,-375.99928752268346,1,0,0.488,0.054457409619721606,0.10838142327695315,0.8808653327952835,0.9438923220541767,0.0837294536913292,0.06569803600053822,0.014317791908979416,58.8701595753091,0.32205062449840344,0.5034450013457484,0.8367096906768036,0.14764861306716673,0.021800112940657916,0.7557533989418916,-0.7339532860012338,-0.9711544625916607,0.602556637866371,0.363074501836825,16.65470737812919,4.081017934061205,24.880321180260857,4.453976737767919,2.7965106063923217,0.019755468913152455,0.0,10.66310705850842,4.1513766492211905,167.52494671001236,0.6700997868400494
weak_homogeneous,141,200,0.02,logistic,map,0.8,0.5,2.109284426351011,0.666879377588646,0.2790630410891026,-383.85973468452266,-373.015898196808,-0.0,-2.0457199194053186,-383.85973468452266,-375.0616181162133,1,0,0.492,0.07606741515131013,0.13418677387128428,0.8398447359848837,0.9228623047307873,0.09278925423050578,0.07496477808920533,0.009645291836932302,61.716470635771074,0.31409440009324363,0.49931314446201946,0.8043366666355843,0.14150648800968466,0.020024086148835024,0.7446764847179839,-0.7246523985691489,-0.9731103552216795,0.5987524107836442,0.35850444941922577,17.903660958833974,4.231271789761794,12.463841850730052,4.21512135690238,2.210754517115667,0.026646434036791875,0.0,12.963830414040409,3.8775932902416375,177.25728377001826,0.709029135080073
weak_homogeneous,142,200,0.02,logistic,map,0.8,0.5,1.6539279581079622,0.8843356317356995,0.27829237491823733,-375.586422421545,-368.8703504642224,-0.0,-1.7053347107471004,-375.586422421545,-370.57568517496946,1,0,0.54,0.0402351089829747,0.11908962443277135,0.9309772142908405,0.9708951339179965,0.07233297152765768,0.0593738668172083,0.02041154191829264,58.921392708098026,0.37305624561075407,0.5093942912894224,0.762423972150912,0.15047740549418673,0.022643449564261897,0.4916809356969249,-0.469037486132663,-0.9539468628529062,0.49654733418478925,0.24655925508602075,10.888767384416756,3.299813234778107,34.483647052984374,3.8259913574676285,2.904148211842882,0.16656023468522402,0.0,23.204505555952924,4.034598605244848,123.0360066984707,0.4921440267938828
weak_homogeneous,143,200,0.02,logistic,map,0.8,0.5,1.8678164073856656,0.9100023535781694,0.5263492919038981,-385.9179348699989,-374.5729165735514,-0.0,-2.1551314626249005,-385.9179348699989,-376.72804803617635,1,0,0.516,0.023769952800103487,0.0889122525577466,0.912245412665937,0.9707217477482956,0.06655012391078209,0.05246937514629437,0.1161292081233114,59.99727531461843,0.3142840168923084,0.5074571192374207,0.7475691524386922,0.1480777379775491,0.021927016484547687,0.5874418756010762,-0.5655148591165285,-0.9626737258692841,0.5388064911804501,0.2903124349381885,13.239942385357178,3.638673162755509,8.443281605220221,4.769221453112055,2.0930311150608287,-0.04212755428182992,0.0,7.98877302620703,4.018698090761304,190.76508962084367,0.7630603584833747
weak_homogeneous,144,200,0.02,logistic,map,0.8,0.5,1.3602991200291956,0.5858492416804826,0.3938069168943912,-380.94613180551994,-375.9501477065314,-0.0,-0.6138151433445382,-380.94613180551994,-376.56396284987596,1,0,0.52,0.0371864909101775,0.14597737620124288,0.886463664426157,0.9642697328661524,0.08895084699365474,0.07062897940997966,0.09288550005294383,53.7809657422324,0.36666928362387025,0.5226692370220158,0.6954437154440151,0.14523995965196024,0.021094645879703035,0.5661749286507065,-0.5450802827710035,-0.96274182269078,0.5291986447761851,0.2800512056329509,13.275937753589508,3.643616027189131,8.960761055062765,4.370616172803308,2.167276732639247,-0.05079349548243917,0.0,7.999834784599667,3.891047936887689,191.37006352865293,0.7654802541146117
weak_homogeneous,145,200,0.02,logistic,map,0.8,0.5,1.5443759464546296,0.5163808640108822,0.287821542005986,-389.43995028967913,-382.68963312616097,-0.0,-0.8673839279550387,-389.43995028967913,-383.557017054116,1,0,0.536,0.08160029716883456,0.14219883766335195,0.8983875943087696,0.9370379004298097,0.08638522727887726,0.07132913602248422,0.17964962497353554,55.93641600845609,0.3553022533112415,0.5172694718929589,0.7994658779975786,0.14594787873330284,0.021300783306750875,0.8569080016313546,-0.8356072183246037,-0.9751422751728317,0.6438415783620176,0.41453197802769404,19.460879539407177,4.411448689422464,10.984291745730372,4.06079273078726,2.356566167095569,0.027362275715266754,0.0,11.857044926222091,3.7326971705276373,168.22436380362552,0.6728974552145021
weak_homogeneous,146,200,0.02,logistic,map,0.8,0.5,1.539935835496949,0.6771302982859746,0.29083066689781845,-373.04157120867245,-363.02491248749675,-0.0,-1.0416748393617572,-373.04157120867245,-364.0665873268585,1,0,0.504,0.035060291238036285,0.10718539003306761,0.9044472777428275,0.9792431664237777,0.0925530901008858,0.07110068370704166,0.015992417000234127,57.35161718762025,0.33124583898297394,0.515882898125267,0.6704957427365196,0.14588566616120427,0.021282627591298342,0.6718214155695211,-0.6505387879782227,-0.9683210045138907,0.5669605497723588,0.32144426499817536,15.103598633168852,3.886334858599919,8.872634808651695,3.5704513116502676,1.9410767708538001,-0.01073787492251861,0.0,9.840182674260406,4.12812099807782,187.08834567890005,0.7483533827156003
weak_homogeneous,147,200,0.02,logistic,map,0.8,0.5,2.300500194112078,0.7301483547052467,0.2817989999894053,-384.40499712219406,-372.01680633439594,-0.0,-2.518149114465471,-384.40499712219406,-374.5349554488614,1,0,0.456,0.02401250494245285,0.05713211324653659,0.8885690729747108,0.9544061231846621,0.09379328703232591,0.06862104980712723,0.013227167073637247,63.65016888309015,0.3031744355202778,0.4922554973356222,0.8283570442201569,0.15054204433010374,0.022662907111086917,0.7771061320960526,-0.7544432249849657,-0.9708367928458379,0.6079446390036685,0.36959668409330076,16.308441025753947,4.038371085692095,14.51385233900319,3.6347891626268054,2.1199093982663926,-0.05521696311218979,0.0,15.69649722901554,3.930902904279859,167.98099206214997,0.6719239682485999
weak_homogeneous,148,200,0.02,logistic,map,0.8,0.5,1.3421417078349003,0.8823596367709481,0.28186537488363683,-386.7988938300364,-380.63624486355206,-0.0,-1.1806555604783715,-386.7988938300364,-381.81690042403045,1,0,0.5,0.05488644072343,0.10269107800442297,0.9070063894972955,0.9618199028044773,0.08360967570540646,0.06532350078205348,0.01615233300253749,53.31403467195916,0.3323673917476117,0.5224818782594344,0.7478026640894458,0.14773607166821962,0.021825946871957325,0.3778487904557061,-0.35602284358374875,-0.9422362928682819,0.4355756759681711,0.18972616949512916,8.69268905528655,2.948336659081956,26.217748180338752,4.514528203777677,2.675650249147592,-0.049297060571537474,0.0,9.771257701119461,4.4708141798384835,167.42464923300693,0.6696985969320277
weak_homogeneous,149,200,0.02,logistic,map,0.8,0.5,1.7585960004573493,0.6730461364732756,0.26818129094317555,-405.59204262722966,-400.50728800594527,-0.0,-1.4174769471006887,-405.59204262722966,-401.92476495304595,1,0,0.46,0.02877417853463014,0.08870159590959605,0.8885017968222634,0.9577544264761659,0.0858155605316504,0.0669410072310563,0.006565124960616231,59.29489295677988,0.33969690699190247,0.5053902702066406,0.8167980466385454,0.1530703051163354,0.02343051830840802,0.8344914916344486,-0.8110609733260405,-0.9719223999965336,0.622440876874588,0.3874326452044061,16.5353851803345,4.066372484209299,19.643518713874855,4.896130736180163,2.6650387401594804,-0.024616737609933152,0.0,21.310225601396827,4.027452360990323,143.64908446272054,0.5745963378508822
weak_homogeneous,150,200,0.02,logistic,map,0.8,0.5,1.598779578435152,0.7531272580664573,0.21645958302542567,-391.89045772981194,-384.0875253954405,-0.0,-1.2943786666182886,-391.89045772981194,-385.38190406205877,1,0,0.528,0.07257607216285128,0.14045579220811338,0.9034281962690646,0.9391118325940092,0.07703169992881669,0.06287890405309764,0.013201165944337845,58.147581552450895,0.3188135153099226,0.5111419794365303,0.7023492305730379,0.1487509698477324,0.022126851030640993,0.6603880641854634,-0.6382612131548224,-0.9664941687613136,0.5640265082781042,0.3181259020403904,14.377368998410732,3.7917501234140856,20.532710946637575,4.817930335409518,2.541997563302979,0.09558570691610284,0.0,12.636214267881144,4.291585140062147,160.99477190006857,0.6439790876002743
weak_homogeneous,151,200,0.02,logistic,map,0.8,0.5,1.7796107846431,0.5961728413424897,0.7629522909410298,-388.9285836708076,-381.5562882610765,-0.0,-1.3404202392428473,-388.9285836708076,-382.89670850031933,1,0,0.532,0.03153773793558006,0.06637287409744412,0.9142214769878875,0.9679296527711121,0.09825156052526232,0.07726338309003662,0.12328129215165973,60.0763939168139,0.3333252276058616,0.5011897389410204,0.8093170201942788,0.15363287453907057,0.023603060139137794,0.948079516774597,-0.9244764566354592,-0.975104345446217,0.6646927113841163,0.44181640056716814,18.718606738393348,4.326500518709474,18.640591605927952,4.118238919196486,2.246713629078608,-0.059386983456021336,0.0,11.835535625148363,5.076667444353221,142.0673981939056,0.5682695927756224
weak_homogeneous,152,200,0.02,logistic,map,0.8,0.5,1.1198716930712982,0.591279120397156,0.2839228748343885,-408.2690126144852,-407.386017266155,-0.0,-0.2825061915342198,-408.2690126144852,-407.6685234576892,1,0,0.48400000000000004,0.03377325516508962,0.07860379345817772,0.892364880697203,0.9583143519256158,0.08840351617134304,0.06589818076695393,0.019169667037203908,45.39084672951691,0.3673328435322276,0.5480949543014626,0.8421444873386973,0.14866687659290637,0.022101840195890454,0.3759267547759471,-0.35382491458005666,-0.9412070571857457,0.4433811844415782,0.19658687471681677,8.894593073447771,2.98238043741032,16.12325460459967,4.744730079151789,2.664738937407898,0.04898037162126567,0.0,12.621386774658594,4.455676089487084,154.74430423500485,0.6189772169400194
weak_homogeneous,153,200,0.02,logistic,map,0.8,0.5,0.8335124357238158,0.639011337254484,0.30722745903767645,-393.07012759542056,-392.7163387086027,-0.0,-0.12372606672267973,-393.07012759542056,-392.84006477532535,1,0,0.548,0.026574460224188447,0.10369047692072453,0.9399600006001131,0.9760883969953491,0.08237597641007086,0.06465476677678127,0.011414709035307169,37.341241036566544,0.4562830616245507,0.5836665718827507,0.8341282515562205,0.14384129921411584,0.020690319359604803,0.15299211677778018,-0.13230179741817538,-0.8647621864748932,0.29009884296525806,0.08415733868978145,4.067474127735692,2.016797988826767,24.08358256608117,3.895966477480853,2.5496010489563905,-0.005035828945062182,0.0,31.064190416361196,4.330932208853868,103.21100488327,0.41284401953308
weak_homogeneous,154,200,0.02,logistic,map,0.8,0.5,1.6979128522495974,0.6995040101116348,0.33958799997344613,-389.2314455194373,-380.9664777212019,-0.0,-1.3581170390880946,-389.2314455194373,-382.32459476029,1,0,0.492,0.04039798400976242,0.1181759200784851,0.9119149225448443,0.9569864344580429,0.07455926976729553,0.05670034099209857,0.013303583022207022,58.11960960410205,0.3269466481299639,0.5099119022310086,0.7326543980198178,0.1497688241281113,0.022430700680717133,0.5550953063520818,-0.5326646056713646,-0.9595912622138261,0.5232727502256195,0.27381437112868356,12.207125181964196,3.493869657266023,13.094640909562605,3.9219059370836526,2.3459121520731507,-0.012385947338431194,0.0,12.724338102590517,5.03312918332042,155.2832801849606,0.6211331207398424
weak_homogeneous,155,200,0.02,logistic,map,0.8,0.5,1.7714650185802872,0.6706107707457453,0.36926075001247227,-383.6397363666167,-373.84418901272636,-0.0,-1.436271803383093,-383.6397363666167,-375.28046081610944,1,0,0.52,0.07306860580305478,0.13009966683986263,0.8961929081247331,0.9492149174486801,0.07433904580429641,0.05802111504772957,0.009897375013679266,59.78529230825952,0.3255952251169686,0.509519796810753,0.7402635300231417,0.14671810929005655,0.021526203593648974,0.869343780845033,-0.8478175772513841,-0.9752385603164668,0.6454658599269812,0.41662617633127735,19.354373125700505,4.399360535998443,11.43167885178283,3.6232236495044385,2.071382880950066,-0.007102063358248337,0.0,12.823496403330862,4.226255991723969,169.56702460062348,0.6782680984024939
weak_homogeneous,156,200,0.02,logistic,map,0.8,0.5,2.010101050238298,0.8170760575322817,0.48754066694527864,-395.0268585757849,-388.7198254344961,-0.0,-2.1800983141426404,-395.0268585757849,-390.89992374863874,1,0,0.504,0.05942291397241743,0.11273536604398192,0.9170753797419418,0.9525325551897496,0.06971798967512827,0.055996128012871724,0.016657666070386767,61.749538273228296,0.3159875183031864,0.4987496770807389,0.8577034857299057,0.15252579749611833,0.023264118901826895,0.6612691124398005,-0.6380049935379736,-0.9648189844887928,0.5658278247232579,0.32016112723105383,13.762013879920124,3.7097188410875725,16.242498136818114,4.286459336633943,2.605091853391334,-0.04276505417738879,0.0,11.600113565577667,5.1611399814422345,156.6937472145059,0.6267749888580235
weak_homogeneous,157,200,0.02,logistic,map,0.8,0.5,1.8546229546796216,0.607858131136145,0.3877050830051303,-395.6295248483132,-383.4169174916275,-0.0,-1.4902835423326763,-395.6295248483132,-384.9072010339602,1,0,0.49200743578366657,0.02,0.08311552664817443,0.8956014866448058,0.9625294278535029,0.08366663346922587,0.06177425714824901,0.026906833052635193,61.8969190210523,0.3306589466410645,0.4899258043973841,0.7320582575438545,0.15446425464210803,0.023859205962141992,1.0363938768592815,-1.0125346708971394,-0.9769786309096636,0.6911073047477969,0.47762930667576425,20.018658937503233,4.474221601295943,14.04080120522311,4.266483132885005,2.2559419096119764,-0.05332675339688989,0.0,8.075659478687127,4.196518269152617,174.18368271899993,0.6967347308759997
weak_homogeneous,158,200,0.02,logistic,map,0.8,0.5,2.109526398202238,0.4736340328086194,0.3328692920040339,-381.7287511564035,-370.2038451269971,-0.0,-1.8861449998687525,-381.7287511564035,-372.08999012686587,1,0,0.504,0.06743733460954558,0.13417281987066895,0.8979401438208628,0.9428484119656844,0.10713000206509499,0.08490997297454098,0.007555916905403137,61.881151225810925,0.3365521904271029,0.49453409962190553,0.7392389864711904,0.14299804994954993,0.020448442289373973,1.1822785853252538,-1.1618301430358797,-0.9827042098679741,0.7403602729700287,0.5481333337922554,26.805627833915384,5.1774151691665,22.72542131667938,4.344822266583182,2.63885278078131,-0.07113299261618446,0.0,17.108165804477494,4.2033470072134,148.24213763738473,0.5929685505495389
weak_homogeneous,159,200,0.02,logistic,map,0.8,0.5,1.8032177545475347,0.7518858678486712,0.4998125839047134,-393.80337116209256,-385.9603431983616,-0.0,-1.653904999392118,-393.80337116209256,-387.61424819775374,1,0,0.48000000000000004,0.04873158737852624,0.09554501970658459,0.9016437831194194,0.9638946203624472,0.12903033221180465,0.09613261722987972,0.009028041968122125,58.7726513692143,0.3176879561681486,0.5122755890579012,0.7552840819183271,0.1507451416199687,0.022724097722024415,0.5233768868672413,-0.5006527891452168,-0.9565817706279632,0.5172024356319415,0.2674983594236125,11.771572306008458,3.4309725014940673,22.913221034591803,4.334309334029547,2.703132713530138,0.11856655042056548,0.0,20.07087637266444,4.545082498639127,138.0167278129264,0.5520669112517056
weak_homogeneous,160,200,0.02,logistic,map,0.8,0.5,1.6996589144046952,0.6136028209477232,0.4215900420676917,-401.962480424146,-395.1456453186081,-0.0,-1.2195756667501654,-401.962480424146,-396.3652209853583,1,0,0.52,0.030692437217560025,0.1086457194208062,0.9062345126376965,0.9791805605302655,0.06802065421185988,0.050443209376352986,0.009680999908596277,58.79566578932819,0.34497524710717,0.5084831254053978,0.7247726798021507,0.15015154952498957,0.0225454878247554,0.8450198432928326,-0.8224743554680772,-0.9733195758611997,0.6375216457570971,0.4064338488088377,18.027281200035297,4.245854590071979,10.050348924185457,4.0164545852946345,2.0717451177321373,0.011351241422545712,0.0,15.508306756835713,4.198461263599797,168.83927802806113,0.6753571121122445
weak_homogeneous,161,200,0.02,logistic,map,0.8,0.5,1.7466587495136707,0.7414222734211808,1.825684665935114,-378.5553625215828,-373.03508170862403,-0.0,-1.5298603951044367,-378.5553625215828,-374.56494210372847,1,0,0.524,0.05852989786351607,0.1160479974212448,0.8871608353825936,0.9492954035931775,0.10014976825776514,0.08250102598490006,0.018108458956703544,59.70852314776576,0.3192251707347993,0.5086960151841657,0.7012514761874079,0.14871154853413562,0.022115124667420577,0.6757195334018192,-0.6536044087343986,-0.9672717398650813,0.577661625575348,0.33369295366235346,15.088902218758061,3.8844436176572392,16.908252779527963,3.93120426078958,2.4548378918245657,0.01626655259975543,0.0,12.265065077293285,3.7253053592234178,155.87367487516804,0.6234946995006722
weak_homogeneous,162,200,0.02,logistic,map,0.8,0.5,1.4749379853716575,0.43775036198021133,0.5085976670961827,-391.62280258112605,-385.72346552244994,-0.0,-0.7838557139834473,-391.62280258112605,-386.50732123643337,1,0,0.54,0.061877667054381975,0.10799779349575235,0.9355378563309078,0.9785863207397358,0.08124613168473067,0.06486806843019088,0.016896000131964684,55.83288137956747,0.3163989803841771,0.5212221938190149,0.7552718799674343,0.1536297555917447,0.023602101803179204,0.6997320937254262,-0.676129991922247,-0.9662698023789078,0.5885064933981963,0.3463398927718413,14.674112316776352,3.8306803986728455,17.59205323968368,4.880858086910733,2.910239737805046,0.1821086376407235,0.0,17.729571301351932,4.025377961099898,130.78667737994468,0.5231467095197787
weak_homogeneous,163,200,0.02,logistic,map,0.8,0.5,1.9284660495163994,1.0105442607744588,0.34978137514553964,-383.0434882089763,-371.3223765406957,-0.0,-2.5385448735595895,-383.0434882089763,-373.8609214142553,1,0,0.496,0.04435220522867253,0.08673363497474801,0.9254311158268539,0.9595210916070464,0.08112886793210111,0.06205271274070408,0.01367041701450944,59.60187636215178,0.3222789160862738,0.5157387687545427,0.7963880345126548,0.15221328538829695,0.02316888424869913,0.40772294814438165,-0.38455406389568253,-0.9431749320116889,0.45958866291809064,0.21122173908283834,9.116612471085993,3.019372860559953,23.909816035118343,3.961218184549333,2.931377590189389,0.055718491436642974,0.0,23.009101491143586,4.290176158240754,120.79562858466126,0.483182514338645
weak_homogeneous,164,200,0.02,logistic,map,0.8,0.5,1.7163607096035074,0.945969587589178,0.25073837488889694,-391.53671046367083,-385.05392114653273,-0.0,-1.9784790741042264,-391.53671046367083,-387.03240022063693,1,0,0.544,0.03335143092900677,0.07851292486157208,0.9404264774685422,0.9709971424372938,0.06973390624245832,0.05401473544091823,0.010907249990850687,57.602288821044525,0.33177673469404384,0.513473650600081,0.792849644428055,0.1546922660644467,0.02392969718015357,0.4540401504759751,-0.43011045329582154,-0.9472960768886456,0.48037833307372757,0.23076334288669315,9.643387509227654,3.105380412965158,26.705904168237943,3.8101917830648437,2.6138931676476953,-0.06221530070219991,0.0,14.021425610928226,3.775842544650328,156.4686888458628,0.6258747553834512
weak_homogeneous,165,200,0.02,logistic,map,0.8,0.5,2.0284248244162844,1.0511954579707723,0.2414217498153448,-373.58619532099215,-360.60249128623377,-0.0,-2.8356214272897873,-373.58619532099215,-363.43811271352354,1,0,0.46,0.029564627852392382,0.0541383642310427,0.9119741137836814,0.96770886918227,0.10279718375852126,0.07699464620491987,0.0065565831027925014,63.83090756154116,0.3208996249182579,0.49611333335674046,0.8644550996571516,0.15295882283837417,0.02339640148410114,0.39172143320718217,-0.368325031723081,-0.9402728584633592,0.45119403976424094,0.20357606151877544,8.701169778485557,2.9497745301099805,16.14713890225017,4.40001049783925,2.1968271936919503,-0.08871555465095016,0.0,15.240922556518333,4.509906599120826,147.69284123751135,0.5907713649500453
weak_homogeneous,166,200,0.02,logistic,map,0.8,0.5,1.424065443012096,1.0115808932837658,0.34378079092130065,-393.52313735857007,-388.4871001361904,-0.0,-1.6581676833615953,-393.52313735857007,-390.145267819552,1,0,0.524,0.05750559874183534,0.1344472126150782,0.8935793542310932,0.9355722349587047,0.0839241838772994,0.06378906257980183,0.007170958910137415,56.29796817710189,0.32301626270468925,0.5248007310863538,0.7687643339592597,0.1435433956590214,0.020604706437322366,0.33410513553498694,-0.31350042909766457,-0.9383286748815488,0.4145953994466918,0.17188934524236194,8.34223704012642,2.888293101492025,11.328473153085712,3.685519148106128,2.1083435713050864,0.1051388776356348,0.0,10.869358742309316,3.9020413200795,181.18689874182417,0.7247475949672967
weak_homogeneous,167,200,0.02,logistic,map,0.8,0.5,1.9081564662369774,0.907529515653672,0.2335626669228077,-381.0454199027128,-366.67762297938486,-0.0,-2.222012672394276,-381.0454199027128,-368.89963565177914,1,0,0.516,0.07385350852961314,0.13354499347231436,0.9161756516854559,0.9600703835246412,0.08917689418904311,0.07528044334056949,0.010149333160370588,60.863093624742866,0.3283721709289047,0.5080467382989431,0.6984626131413285,0.14497161110140794,0.02101676802533787,0.506420878550388,-0.4854041105250501,-0.9584994045160665,0.507787232888428,0.25784787388448654,12.268673926153845,3.50266668784711,21.45805890184273,3.631533832620367,2.410900536768955,0.011952790897795645,0.0,13.006342938749926,3.889247980566145,165.2699181315557,0.6610796725262228
weak_homogeneous,168,200,0.02,logistic,map,0.8,0.5,1.3430181755652337,0.779828560352962,0.25585437496192753,-380.35827290538816,-374.73430678358494,-0.0,-0.9318786038278282,-380.35827290538816,-375.6661853874128,1,0,0.508,0.07071862311665347,0.15284941057235588,0.8504185662424606,0.954745282535314,0.09407201091427547,0.07484442147797034,0.006135125178843737,52.42679506719128,0.34876803718956373,0.5269268810939225,0.8236042217448537,0.14293528745687856,0.020430496400380506,0.46082002543982675,-0.4403895290394462,-0.9556649119558536,0.4841997307415226,0.23444937925016301,11.47546171446899,3.387545086706447,7.571246963557768,4.598302751180775,1.9971157184671293,0.0035022221583167054,0.0,9.682670705859183,3.7302778876906735,188.86596325639022,0.7554638530255608
weak_homogeneous,169,200,0.02,logistic,map,0.8,0.5,1.8415083571912019,0.6244884346991528,0.23788395896553993,-390.28431899974123,-382.17285581889024,-0.0,-1.4890631332040727,-390.28431899974123,-383.6619189520943,1,0,0.528,0.032827293833770484,0.10238856515155409,0.9300227180806693,0.972186494064264,0.07188603925071207,0.05723093784219313,0.007171792211011052,59.907964276120346,0.3338935523065873,0.5036076219937249,0.7543489288480217,0.15329367304850755,0.023498950196702728,0.7990739145051203,-0.7755749643084175,-0.9705922696634941,0.6195369798640309,0.3838260694190446,16.333753899904067,4.041503915611622,22.0918697775525,4.26980490359229,2.6228565484932638,-0.014326698271848414,0.0,11.93699757279433,4.084864983850751,150.42777653530885,0.6017111061412354
weak_homogeneous,170,200,0.02,logistic,map,0.8,0.5,1.6740154991702838,0.8662255044085626,0.527681042207405,-381.20535471538517,-371.64171053109544,-0.0,-1.6943591278569574,-381.20535471538517,-373.3360696589524,1,0,0.52,0.040924834755735565,0.08784447704174035,0.9245292745723738,0.9799776361831186,0.07151369356655558,0.056370254834942485,0.11343699996359646,59.01597334077614,0.33206922559466345,0.5119143539365174,0.7236123852921451,0.15112999742025238,0.022840276120245494,0.5423971733156178,-0.5195568971953722,-0.9578901269329534,0.5192831869272638,0.26965502822533566,11.806119453447192,3.4360034128980708,8.507783150890162,3.947019411337705,1.957114798017738,-0.016774506874836406,0.0,9.218631481923389,4.550641197755965,176.06137981383816,0.7042455192553526
weak_homogeneous,171,200,0.02,logistic,map,0.8,0.5,1.5868380402151596,0.8117627104350965,0.3125514159910381,-386.9046206666315,-380.6458685057529,-0.0,-1.4078144864461182,-386.9046206666315,-382.053682992199,1,0,0.472,0.03579124269101491,0.08592039373691444,0.8687372216583975,0.9501309557130223,0.09226395788692938,0.06942344527632927,0.09744770894758403,56.41345689110469,0.35140554447873035,0.5155989135795738,0.7334674936572069,0.15209040097776613,0.02313149006957769,0.539093830673403,-0.5159623406038253,-0.9570919035732921,0.522789905956653,0.2733092857701661,11.815463895670943,3.437362927546485,11.497394737332204,3.583616955995061,2.007339409186878,-0.02648601134135211,0.0,10.698140512596297,4.168233140156886,171.6851953313312,0.6867407813253248
weak_homogeneous,172,200,0.02,logistic,map,0.8,0.5,1.2095776119042134,0.6938602196495959,0.31167637510225177,-390.99730983820683,-388.42753881860585,-0.0,-0.5565488773091465,-390.99730983820683,-388.984087695915,1,0,0.508,0.03738590406384579,0.09786581898808111,0.9004768255043621,0.9576574362941459,0.08384791422938645,0.065842438515952,0.00835645804181695,50.14817840259617,0.33637081924930257,0.5304307986536891,0.79160631410822,0.15494968264470318,0.02400940415169423,0.4434332105134569,-0.4194238063617627,-0.9458556472937752,0.4734492370027965,0.22415418001853016,9.336099246874173,3.0555031086343494,14.803989534137337,3.8773099297160845,2.3502076636797065,0.00015796875304783953,0.0,9.407031465102893,4.435359744961507,170.45210340546006,0.6818084136218403
weak_homogeneous,173,200,0.02,logistic,map,0.8,0.5,1.8482737770699527,0.6898245466456703,0.28010987490415573,-401.46890378588154,-399.12409541844534,-0.0,-1.6096110379243966,-401.46890378588154,-400.73370645636976,1,0,0.528,0.054241310072574496,0.11198544285356675,0.9288103500464132,0.9738829838603242,0.06592223450022577,0.05336141627830039,0.018843042198568583,59.94880679055164,0.3237867096745851,0.5047100941093632,0.7278042601839829,0.15497039364446907,0.0240158229063217,0.9072408079931189,-0.8832249850867973,-0.9735287228101585,0.6511405974359173,0.4239840776292033,17.65436392844143,4.201709643519103,14.834228333131756,5.006784458528396,2.6147427896025386,-0.07693614921099434,0.0,14.192368685296785,4.60733144043463,141.4900511679837,0.5659602046719348
weak_homogeneous,174,200,0.02,logistic,map,0.8,0.5,2.2746128645377635,0.7850097182934865,0.27855158294551075,-372.3786022183209,-360.6523835847747,-0.0,-2.5908160652951313,-372.3786022183209,-363.24319965006987,1,0,0.52,0.02653506925424383,0.10328521772008088,0.9229271598966554,0.971085350208349,0.07366397051001657,0.05664749984142602,0.005684790899977088,63.10643073673886,0.3165819576410344,0.491044201173818,0.8145548063202739,0.1488104928359614,0.022144562778081717,0.7016867752445557,-0.679542212466474,-0.9684409574765552,0.5851812121364259,0.3424370510374567,15.463707929984269,3.9323921383789116,9.543086462982428,3.364670075146786,1.8921601832419737,-0.016863796306884993,0.0,15.365403610396852,4.733279984694552,151.4837580194137,0.6059350320776548
weak_homogeneous,175,200,0.02,logistic,map,0.8,0.5,1.5330265015996958,1.0047054139219422,0.30312362499535084,-378.62832671034374,-370.9702425601058,-0.0,-1.8199733221192131,-378.62832671034374,-372.790215882225,1,0,0.532,0.11887181914627976,0.20464132536953267,0.848874833861513,0.9124258498696851,0.11170152732906392,0.09379418228385637,0.11799316690303385,59.17603439607963,0.32628647939417965,0.5038950612012121,0.7619875268439394,0.1386705437472196,0.019229519703149543,0.38316032829889524,-0.36393080859574567,-0.9498133854605401,0.4391247383303756,0.1928305358137208,10.02783942555454,3.166676400511195,9.571769412275493,3.8427962685214596,2.0029944945133193,-0.007719857626526924,0.0,9.15805414649017,4.173144345152803,187.69371493087485,0.7507748597234994
weak_homogeneous,176,200,0.02,logistic,map,0.8,0.5,0.8970646778729123,0.5350601150207992,0.34110799990594387,-399.2542429943905,-398.928500089606,-0.0,-0.035413755512916895,-399.2542429943905,-398.96391384511895,1,0,0.56,0.039969279622476664,0.1255020156933565,0.9180579739871898,0.9581816425266044,0.09093817667365449,0.07015121287510577,0.011943207820877433,40.4418116817764,0.4079582956958705,0.5709944669336025,0.8175572080948266,0.1495184969743971,0.02235578093748279,0.2682491322725463,-0.24589335133506351,-0.9166603792970749,0.3771717461664735,0.14225852610626671,6.363388803284843,2.5225758270634486,8.111775866695517,4.353248583637369,2.0929491517612275,0.037678040297791406,0.0,8.031592594802978,4.267112208005228,180.65914405032777,0.722636576201311
weak_homogeneous,177,200,0.02,logistic,map,0.8,0.5,2.118397473405899,0.795960911856244,0.680710791843012,-379.33576680029563,-364.6277931666222,-0.0,-2.328928390962252,-379.33576680029563,-366.95672155758444,1,0,0.552,0.04039437299414277,0.11620650167727105,0.9400781562649984,0.9797728550052788,0.07504826971789998,0.05786857168712099,0.006527916062623262,59.8320826712594,0.3319870076066479,0.5019646115711527,0.7906303255517408,0.15156492035610097,0.02297192508255123,0.7318406703682055,-0.7088687452856544,-0.9686107563945667,0.5935739255429392,0.3523300050844547,15.33741747016552,3.916301503991428,11.145239846729632,3.8144659166685067,2.0151864215118125,0.048005637325839796,0.0,24.137269916447906,4.581414622872306,132.7493047829236,0.5309972191316944
weak_homogeneous,178,200,0.02,logistic,map,0.8,0.5,2.5327561450672755,0.67340898315712,0.49423808301799,-381.5811682713573,-370.00791081886325,-0.0,-2.8335934652511385,-381.5811682713573,-372.84150428411436,1,0,0.5,0.05172117536552985,0.11614118550822797,0.9152845658754479,0.9661535668998518,0.0851240612489503,0.06595059606315007,0.01622791704721749,62.07834631880004,0.3148333660726645,0.49582153818594005,0.8297547595306686,0.1470289647412401,0.021617516472880828,0.831784513262426,-0.8101669967895452,-0.974010676890229,0.6358607758969008,0.4043189263242087,18.703301409827848,4.324731368516182,22.55507280541664,3.850046982729466,2.6315930942136663,-0.12007124683144482,0.0,14.678507633280821,3.7436961491703205,156.14714893221222,0.6245885957288488
weak_homogeneous,179,200,0.02,logistic,map,0.8,0.5,2.2647471295589425,0.5014123493077994,0.4083827091380954,-387.75570397025973,-376.14772285233084,-0.0,-2.1657403605426224,-387.75570397025973,-378.31346321287344,1,0,0.528,0.036552224958895825,0.08584177211869135,0.9392925709384916,0.9744435488045486,0.07422314784737824,0.06136931249512314,0.0978750828653574,64.0709081806634,0.3104652149368936,0.4892434299133236,0.7986234743636884,0.15201115100773374,0.023107390030696034,1.1425370180321996,-1.1194296280015037,-0.9797753686173828,0.7165873686896701,0.5134974569655852,22.222217926102918,4.71404475223803,21.72821910429064,3.37142881660845,2.638227835066552,-0.0355260570787887,0.0,16.375308400062465,4.470539054161994,139.92184448774793,0.5596873779509918
weak_homogeneous,180,200,0.02,logistic,map,0.8,0.5,0.9679205687930469,1.029579021997709,0.5652440418489277,-400.9608835488527,-396.9860151390213,-0.0,-1.1160361273401969,-400.9608835488527,-398.10205126636146,1,0,0.524,0.04116042414309738,0.09193624551891141,0.938027401207,0.9788811806747201,0.08238348874767407,0.06652092229406735,0.03873420902527869,44.43466398547386,0.36324633676329254,0.5556043285109578,0.8280414332811116,0.14867522604749386,0.022104322840273395,0.17763634429559644,-0.15553202145532305,-0.8755641874531566,0.30937011623270333,0.09570986881783637,4.32991634755967,2.080845104172742,9.738335049141915,4.624854996606624,2.118858709159382,0.10371226663110564,0.0,17.783655702139566,4.055897982014561,125.4774143603349,0.5019096574413396
weak_homogeneous,181,200,0.02,logistic,map,0.8,0.5,1.4890486701195307,0.7961977753363394,0.27708520786836743,-391.1765951609179,-385.0191630959785,-0.0,-1.204875757668593,-391.1765951609179,-386.22403885364713,1,0,0.524,0.048501098162070516,0.10063642744114655,0.910869224301284,0.9634711432121098,0.09033010142962379,0.06950462608153002,0.008335832972079515,56.611099336439096,0.3592950111007988,0.5162938081802982,0.7300041402044835,0.1538809305641399,0.02367934079128564,0.4622894209303332,-0.43861008013904756,-0.9487781036744639,0.48576644582852463,0.23596903989287693,9.965186192164486,3.1567683146161496,12.132896372156232,4.102935439831946,2.092581632783386,0.07292109262886674,0.0,12.204539438436097,4.423718380356266,162.04124119321133,0.6481649647728454
weak_homogeneous,182,200,0.02,logistic,map,0.8,0.5,1.8198089968020967,0.6102569492820418,0.37966708303429186,-392.2843857216073,-387.89607780013637,-0.0,-1.4303760189551895,-392.2843857216073,-389.32645381909157,1,0,0.536,0.026319483008094398,0.07935702545479364,0.9354990234547578,0.9721494606264101,0.07721560738935193,0.05971998780164732,0.5076020830310881,59.99794664327564,0.30610685281085687,0.49948808357903973,0.741086786495211,0.1584099993311979,0.02509372788811012,0.9338153374689009,-0.9087216095807907,-0.973127740698577,0.6676950409144125,0.44581666766169886,17.76605969625323,4.214980390969005,29.911082511078604,4.596831992123867,3.1209261431827704,-0.206704004543344,0.0,27.94031817004489,4.188393847522504,112.906738164705,0.45162695265882
weak_homogeneous,183,200,0.02,logistic,map,0.8,0.5,1.2400436258840777,0.8764024759331082,0.34896683297120035,-380.2646040180638,-375.32759057214525,-0.0,-1.0141262382807201,-380.2646040180638,-376.34171681042596,1,0,0.516,0.04465487224912383,0.10010271894006958,0.9004869613542618,0.9402628254198799,0.08085545983584366,0.06196153486493926,0.014182333135977387,48.83117663227493,0.3819569054195749,0.5450086800219502,0.8268787956790419,0.1481705677219058,0.021954517139031873,0.3493068474481622,-0.32735233030913036,-0.9371483344817912,0.42891276454804794,0.1839661595922492,8.379421803141582,2.894723096108086,9.309201942326775,3.985278488336639,2.0507970756870515,-0.043747769930738645,0.0,9.333131371079368,3.6576167368867707,178.8818926547834,0.7155275706191336
weak_homogeneous,184,200,0.02,logistic,map,0.8,0.5,1.954217436398897,0.8870633252655296,0.2812922920566052,-396.7956522873775,-386.35957364825936,-0.0,-2.2527392098311303,-396.7956522873775,-388.6123128580905,1,0,0.5079898309100817,0.020828721587715992,0.0815578453017695,0.9354883931987673,0.98,0.06165106946334981,0.04829991878208932,0.007882083067670465,60.887548624146774,0.33145743013004697,0.5063276702566659,0.839871550491391,0.15332971415770855,0.02351000124368461,0.5788810709276685,-0.5553710696839839,-0.9593871653014852,0.533498077024948,0.2846201981893174,12.106345518198289,3.4794174107454094,24.246506402972464,4.5249134598368235,2.946647156801227,0.06147082224710396,0.0,17.434223594967367,4.440928861382067,126.2478771610741,0.5049915086442964
weak_homogeneous,185,200,0.02,logistic,map,0.8,0.5,0.9684350180628833,0.6568213129260965,0.28905008314177394,-402.26457493959094,-401.13963644167643,-0.0,-0.22185917337210248,-402.26457493959094,-401.3614956150485,1,0,0.6119512182976365,0.050578761012102305,0.12060258294438435,0.9631562133469717,0.98,0.1049858370621419,0.08707817474385376,0.02832145895808935,42.48263624237855,0.39642877330132026,0.5636431041392269,0.839730650849919,0.17106856352799737,0.029264453427532477,0.3382188959866747,-0.30895444255914223,-0.9134748123928432,0.4107099494928384,0.16868266261240988,5.764080406631154,2.4008499342172875,17.540829899420242,3.8829093701565895,2.3666243524488024,0.0511292283887324,0.0,21.60427860971166,4.228846871189947,124.44204395709195,0.4977681758283678
weak_homogeneous,186,200,0.02,logistic,map,0.8,0.5,2.2467833936942228,0.629829359089687,0.26980149978771806,-383.7731838254656,-371.7754955560358,-0.0,-2.239278690513575,-383.7731838254656,-374.0147742465494,1,0,0.5479547090414875,0.021724545101816962,0.08138108929542386,0.9573489160352585,0.98,0.08927276280068973,0.07094376574203531,0.006700417026877403,63.182418911955764,0.3186609178939107,0.4819532673607865,0.8317064044006847,0.15483877906247887,0.02397504750155914,1.0958148937151417,-1.0718398462135825,-0.9781212615022263,0.7099779921124135,0.5040687492839744,21.024723694549255,4.585272477677772,34.628327395382954,4.458033856981418,2.94523035513329,0.08602460742150601,0.0,18.37144854078797,3.9018551787580096,145.05945030317056,0.5802378012126822
weak_homogeneous,187,200,0.02,logistic,map,0.8,0.5,2.5020945134760195,0.5955793887580144,0.37106637516990304,-379.1662000225694,-366.2037247255164,-0.0,-2.6616379000588313,-379.1662000225694,-368.86536262557524,1,0,0.516,0.05967436197281495,0.11151200485349391,0.9154220541079228,0.9551926875916927,0.07450778792258418,0.05972554147838124,0.0824007501360029,66.28710694681945,0.31002995627418994,0.4799835441295488,0.8142594080128124,0.1450255984202418,0.021032424197149235,1.0910562756146567,-1.0700238514175076,-0.9807228786752541,0.7027490638307847,0.49385624671504436,23.480709693083423,4.845689805701911,11.464474745798837,4.069313887228621,2.018656605471117,-0.03995531204537541,0.0,8.941878529491035,4.05463192165371,183.8249295168871,0.7352997180675483
weak_homogeneous,188,200,0.02,logistic,map,0.8,0.5,1.5258302824513392,0.5881583490474311,0.2972920842003077,-385.4404520347131,-378.93387207037233,-0.0,-0.8865509629760241,-385.4404520347131,-379.82042303334833,1,0,0.56,0.036553882589414895,0.13533842145807023,0.9211886632866387,0.9645829988347244,0.06626722683129396,0.05170339952992893,0.013537332881242037,54.63636004821231,0.36087275770812244,0.521335905450912,0.7909778728747437,0.1490495966423409,0.022215782259244525,0.6496254257045568,-0.6274096434453124,-0.9658021663250785,0.5703925942883261,0.32534771161896703,14.644891087892345,3.826864393716133,9.623565016550394,4.218104557745488,2.1119147674345204,-0.001304237404046823,0.0,11.402389788606069,4.233751898877084,179.63792846840718,0.7185517138736287
weak_homogeneous,189,200,0.02,logistic,map,0.8,0.5,1.2055475028622358,0.6991626803975411,0.356255125021562,-375.9053288959277,-371.2382677596538,-0.0,-0.5611460261434547,-375.9053288959277,-371.79941378579724,1,0,0.504,0.027444535072841662,0.06702037810114181,0.9179480425100845,0.9708643282243232,0.06701062953071915,0.050510711036499414,0.00923887500539422,50.083163321507975,0.3535057633656858,0.5280433200960403,0.7401824885530682,0.149224953941859,0.02226808687894994,0.3799795108919929,-0.35771142401304296,-0.9413966115523542,0.44186695354978883,0.19524640463937126,8.767991866599822,2.9610795103475054,10.680340809110518,3.9064598950749954,2.067024219233789,0.02910128189592565,0.0,10.583975160947654,4.327106058762744,170.45256165456348,0.681810246618254
weak_homogeneous,190,200,0.02,logistic,map,0.8,0.5,1.8949027229931799,0.7631373921616141,0.27274733292870224,-400.4838002498755,-393.39915816330665,-0.0,-1.8447311036698864,-400.4838002498755,-395.24388926697657,1,0,0.424,0.030020401560714585,0.07989208536874531,0.8605013787067636,0.9469464327788454,0.12626072108300815,0.09808739321282657,0.08601199998520315,59.70544608069949,0.3263029914212707,0.5081270819014687,0.7528235184338808,0.15190798247308307,0.023076035139042512,0.7226179843305447,-0.6995419491915021,-0.9680660658336356,0.5920683398431824,0.3505449190446621,15.190864328836657,3.89754593671924,11.866474294169437,4.252208023793939,2.2653763892422263,-0.0005687080105926725,0.0,9.105316088741578,3.781970516037918,182.79949122671763,0.7311979649068705
weak_homogeneous,191,200,0.02,logistic,map,0.8,0.5,1.7938714719260278,0.7895107831295484,0.2193395420908928,-393.25240566472905,-385.6189447304334,-0.0,-1.7215183667250336,-393.25240566472905,-387.3404630971584,1,0,0.512,0.049556859153389296,0.0903146041602195,0.9045264424037629,0.9637663686155369,0.09092509856481902,0.06976705827312961,0.013550458010286093,59.196748719046255,0.3309564335882919,0.5098864684530681,0.7911065873496604,0.1486903523553961,0.022108820883571845,0.6614430439768594,-0.6393342230932876,-0.9665748682597903,0.5719175940461113,0.3270897343794925,14.794535452704284,3.8463665260482243,21.953982256502403,3.73019677057669,2.754559769915877,-0.0935226784726868,0.0,11.822126626545485,3.8371286189036735,159.45989802907818,0.6378395921163127
weak_homogeneous,192,200,0.02,logistic,map,0.8,0.5,2.267770812060788,0.6660120092767101,0.3485789999831468,-389.93257746041905,-380.17832950743787,-0.0,-2.3356749172114766,-389.93257746041905,-382.51400442464933,1,0,0.48,0.08061979484029878,0.159893470448359,0.8162647850273111,0.8929307463870796,0.12083879789278268,0.09988522499028298,0.0721308330539614,62.59917729729162,0.3278560932038855,0.49020916938499937,0.8602036487496235,0.13715798692554423,0.018812313377467766,1.0181146966104533,-0.9993023832329855,-0.9815224026918593,0.6891964889670729,0.4749918004045406,25.248984049641475,5.024836718704547,11.035270412555635,4.111991298426935,2.2000997174823747,-0.08986359105519863,0.0,9.161894036879588,3.5561790073120356,201.43426181553454,0.8057370472621381
weak_homogeneous,193,200,0.02,logistic,map,0.8,0.5,1.6767850550067918,0.6155755088036661,0.29785433295182884,-377.1061035592482,-367.71250341378646,-0.0,-1.18175069212311,-377.1061035592482,-368.89425410590957,1,0,0.524,0.06141086663129537,0.12221611067984982,0.8678454182844837,0.9560329626961133,0.09308691446556618,0.07223786534955559,0.015451458049938083,56.71230652380163,0.3627457369353878,0.515213447352772,0.7405784609946514,0.1471362068832161,0.02164906337598057,0.7071838684474594,-0.6855348050714788,-0.9693869383311746,0.5891849206106464,0.3471388706749738,16.034821675478167,4.004350343748429,8.563425733160914,3.968368983379775,1.9929456337045446,-0.047706509889006786,0.0,14.764796648894372,4.066311329165727,174.1365941032653,0.6965463764130613
weak_homogeneous,194,200,0.02,logistic,map,0.8,0.5,1.1723022662794993,0.9139881697429062,0.2971866668667644,-391.06126737870227,-388.6308975991263,-0.0,-1.0197443393283616,-391.06126737870227,-389.65064193845467,1,0,0.528,0.04799796544371593,0.09297057141716152,0.9306858490313353,0.9615321731081181,0.09074106186620247,0.07314293448753689,0.0070062498562037945,50.311629202164916,0.3484330495711914,0.5314810414171629,0.7780391868011785,0.15140943515179414,0.022924817052985356,0.3083069620393953,-0.2853821449864099,-0.925642882336027,0.39844878893378155,0.1587614374027972,6.9253088055558845,2.631598146669792,10.746902177953324,4.044005445156576,1.9903430953355445,0.018779373877878862,0.0,9.678994963481076,4.653916483539327,174.86607908683467,0.6994643163473387
weak_homogeneous,195,200,0.02,logistic,map,0.8,0.5,1.887355284544077,0.7957898943391943,0.29843733296729624,-393.8007668943256,-385.317571092542,-0.0,-1.9053692760571184,-393.8007668943256,-387.2229403685991,1,0,0.532,0.05188261523870915,0.1309366069620759,0.9050827773975129,0.9515028000240887,0.0801600635686479,0.06291801034950657,0.017973915906623006,59.868768244563825,0.3500700229873463,0.49973321313574826,0.7614052976095935,0.14499511972462903,0.021023584743959503,0.6841361121036458,-0.6631125273596863,-0.969269880113017,0.5736530532163691,0.3290778254644623,15.652793254443106,3.9563611127452845,16.730261754359084,4.199261321193568,2.3278388242759975,-0.024335123648369775,0.0,8.975948985211565,4.005794751503582,182.10424192625013,0.7284169677050005
weak_homogeneous,196,200,0.02,logistic,map,0.8,0.5,2.0352946498855986,0.7333173741946678,0.47740958305075765,-388.41587396833415,-378.4935121914784,-0.0,-2.0372384724119237,-388.41587396833415,-380.5307506638903,1,0,0.512,0.0322032077504206,0.08155427436078523,0.9414782742372978,0.9761670224624686,0.08011935111981205,0.06053440032737421,0.019481000024825335,62.36734879307181,0.3303365550064989,0.4910431933287752,0.7757722288436621,0.15514046745945412,0.02406856464353794,0.7441556201958219,-0.720087055552284,-0.9676565438863388,0.5956645464574946,0.35481625190641264,14.741894963880851,3.839517543114089,24.6673983522004,4.25012617668833,2.648224098409392,0.07790683559593872,0.0,14.232349282812047,4.004978785786716,143.25052524652222,0.5730021009860888
weak_homogeneous,197,200,0.02,logistic,map,0.8,0.5,1.212597981405327,0.5224019759369478,0.5038546659052372,-392.567197665407,-389.1667989177669,-0.0,-0.3498021040165024,-392.567197665407,-389.5166010217834,1,0,0.52,0.06258346996019123,0.11144394106595588,0.8902379461758132,0.9517491757267035,0.07691519613089384,0.060496387925273995,0.24326999997720122,48.83623404408192,0.3580497174195852,0.5424251577577535,0.776302183961467,0.14766356904258646,0.0218045296223947,0.5265889652438116,-0.504784435621417,-0.958592885416239,0.5113057050716788,0.26143352403884657,11.989872222253167,3.4626394877684232,9.942431142383054,3.563048442093403,2.076468701460476,-0.017559960775654603,0.0,15.317985106792499,4.038108007674007,169.07385568658208,0.6762954227463284
weak_homogeneous,198,200,0.02,logistic,map,0.8,0.5,1.959224118691955,0.7904888807553009,0.2367362091317773,-374.5512364821662,-366.31196867506276,-0.0,-2.024136315547825,-374.5512364821662,-368.3361049906106,1,0,0.48,0.06655572655416733,0.11345388494576275,0.8301944389877122,0.9183408442447779,0.09424795428650252,0.0761061122451082,0.00925324996933341,61.058002563336586,0.32410259245089074,0.4995187764832535,0.7769562056405899,0.14288158703611495,0.02041514791395889,0.720312556307812,-0.6998974083938531,-0.971657931358849,0.5949442094049955,0.3539586123045351,17.33803809780459,4.1638969845331895,15.315919028355923,4.353387070492437,2.297913474544491,0.0030573013379606947,0.0,13.17861185916471,3.9096914810200305,175.9044223193273,0.7036176892773092
weak_homogeneous,199,200,0.02,logistic,map,0.8,0.5,1.1419878347517871,0.46027800941625435,0.29925258294679224,-398.0710571345914,-396.03538968461555,-0.0,-0.2670537684831587,-398.0710571345914,-396.3024434530987,1,0,0.508,0.09146785061023825,0.14814700665480393,0.8859306074254347,0.9303000224248953,0.09495352176408853,0.07826959968255649,0.3433253748808056,47.513878967102436,0.37505292107710214,0.5412873839191767,0.8468615226305746,0.14710767043627967,0.021640666701189075,0.5246407600327778,-0.5030000933315888,-0.9587514574738017,0.5125529170736711,0.26271049280072956,12.139667249082237,3.4842025269898187,19.939206074866547,4.110869043859793,2.703304561019499,0.18685267648941517,0.0,10.123721777501773,4.2675873453632756,182.58722765390655,0.7303489106156262
